Date,Strategy,VT,VOO,SPMO,QQQ
2004-08-31,99980.01942448731,,,,85733.40352257623
2004-09-01,100799.43431625878,,,,86362.5586855569
2004-09-02,102800.06504664429,,,,87646.70123639672
2004-09-03,102179.05959669172,,,,86033.6836198809
2004-09-06,102179.07075372904,,,,86033.6836198809
2004-09-07,103841.9335490275,,,,86763.56188457765
2004-09-08,103323.61265723297,,,,86435.38544474271
2004-09-09,106320.24796581849,,,,87165.26602564368
2004-09-10,107191.33383796967,,,,88499.74591302015
2004-09-13,108463.7396834863,,,,89657.87304233616
2004-09-14,109348.47673271818,,,,89783.1264533403
2004-09-15,108731.14520992203,,,,88825.12584630692
2004-09-16,109277.95358925733,,,,89000.77125888846
2004-09-17,110145.53888821279,,,,89277.14796266395
2004-09-20,110217.77605529019,,,,89276.4396160297
2004-09-21,112153.16916053335,,,,89628.38902216105
2004-09-22,111148.71000907861,,,,88065.92351683427
2004-09-23,110217.24975686344,,,,87989.66379355092
2004-09-24,111793.93439803446,,,,87686.66710904251
2004-09-27,111205.60858643668,,,,86930.24809209687
2004-09-28,113453.42498461578,,,,87105.86884901887
2004-09-29,113506.10612737149,,,,88389.89036041863
2004-09-30,114287.84374985697,,,,88540.31073726456
2004-10-01,115951.20691895451,,,,90957.73543671746
2004-10-04,117119.20729953173,,,,91485.99678557426
2004-10-05,118345.83536140212,,,,91611.1978953132
2004-10-06,120861.52375942351,,,,92340.91014354173
2004-10-07,119977.97967826841,,,,91307.51848874212
2004-10-08,117647.07311531919,,,,89644.35801074561
2004-10-11,117924.548241957,,,,90071.82480745006
2004-10-12,116931.01946798639,,,,89919.97527039648
2004-10-13,113923.11899305257,,,,89717.7540427033
2004-10-14,115990.59947313867,,,,89314.09822754013
2004-10-15,116550.60963125114,,,,89766.74354989832
2004-10-18,116077.54459122953,,,,91050.56010941666
2004-10-19,114486.73334877865,,,,90394.99523853253
2004-10-20,116533.5845393958,,,,90822.4664837688
2004-10-21,118655.45267970655,,,,92206.95897987367
2004-10-22,117834.77878412014,,,,90191.38120818112
2004-10-25,118520.56553031581,,,,89762.47024080588
2004-10-26,120538.94584511545,,,,90240.31480753089
2004-10-27,120888.79001014106,,,,92531.42970396936
2004-10-28,119626.19084397591,,,,93109.99549129287
2004-10-29,121607.37654419709,,,,92958.13743431264
2004-11-01,117063.3675100207,,,,93309.99925631387
2004-11-02,116214.9442960129,,,,93611.41290920695
2004-11-03,119433.49014732076,,,,94240.26854813402
2004-11-04,121299.7548066063,,,,94768.41299152323
2004-11-05,120282.98378345204,,,,95623.94503801604
2004-11-08,120441.8220728746,,,,95723.92581716202
2004-11-09,120853.69439406453,,,,95521.63762638069
2004-11-10,122399.26560277997,,,,95193.5200139384
2004-11-11,122964.57862873135,,,,96451.97559597397
2004-11-12,125588.44219489156,,,,97382.92563056297
2004-11-15,125331.94292671738,,,,97810.2574582539
2004-11-16,122860.88834874985,,,,97205.09597950258
2004-11-17,124040.9514101064,,,,98513.84832766403
2004-11-18,124612.56270664094,,,,98966.35708246137
2004-11-19,124979.75510399697,,,,97429.45409206669
2004-11-22,127487.58582311032,,,,98360.39758481723
2004-11-23,128278.75013976452,,,,98208.53533907594
2004-11-24,128002.40275435803,,,,99063.8947633081
2004-11-25,128002.40275435803,,,,99063.8947633081
2004-11-26,128555.92652290223,,,,98760.94992066045
2004-11-29,128352.33779282776,,,,98734.98280522917
2004-11-30,127634.19346542565,,,,98532.7557814632
2004-12-01,129304.0304789087,,,,100546.41692967623
2004-12-02,127514.99538345543,,,,100923.31707836509
2004-12-03,129114.12424333302,,,,101073.6125081822
2004-12-06,129226.5554024717,,,,101425.3085816026
2004-12-07,127358.39469356743,,,,99687.13013345863
2004-12-08,128169.17672528757,,,,100265.50471266796
2004-12-09,129276.69303609862,,,,100868.99503404234
2004-12-10,129356.76717152132,,,,100565.98008415832
2004-12-13,131918.38721694483,,,,101446.48913303277
2004-12-14,131718.79477824701,,,,101949.26466841232
2004-12-15,132315.68256093992,,,,101570.77339886109
2004-12-16,130915.66642512812,,,,100613.19574099638
2004-12-17,130999.82244052424,,,,100355.66820000687
2004-12-20,131008.9393748237,,,,99668.53801972746
2004-12-21,133233.27615644468,,,,100887.8411141559
2004-12-22,132471.67415049733,,,,101014.14886745572
2004-12-23,132863.8636557168,,,,101089.61627116724
2004-12-24,132863.8636557168,,,,101089.61627116724
2004-12-27,131170.77238431634,,,,100656.66894131657
2004-12-28,133869.31530740918,,,,101621.7605906599
2004-12-29,134522.08281738224,,,,101748.05848406751
2004-12-30,133696.08816332283,,,,101670.97328875284
2004-12-31,129952.72920187871,,,,101492.19388229129
2005-01-03,125831.03360096185,,,,100423.95964669054
2005-01-04,124407.40834118838,,,,98593.11850591114
2005-01-05,123748.17392483949,,,,97982.31489569666
2005-01-06,124144.12802227959,,,,97498.63052807297
2005-01-07,124259.53602867316,,,,98006.21136134943
2005-01-10,124470.00002341169,,,,97954.54287304216
2005-01-11,122990.77554638927,,,,97267.5476288004
2005-01-12,124238.73975630208,,,,98080.13953762637
2005-01-13,125174.20354051991,,,,96783.1505172889
2005-01-14,127180.34431238576,,,,97697.27261814453
2005-01-17,127180.34431238576,,,,97697.27261814453
2005-01-18,128817.69951792165,,,,98433.61671054727
2005-01-19,127841.58403559132,,,,96806.2739132299
2005-01-20,126545.39316625996,,,,94950.13735360408
2005-01-21,126492.63682814046,,,,94186.94097911305
2005-01-24,125224.61861105367,,,,92864.68070874413
2005-01-25,126956.20130033894,,,,93321.42407504634
2005-01-26,128768.78520555898,,,,94438.92041555147
2005-01-27,128725.29439230367,,,,94311.07567152036
2005-01-28,127646.90371103688,,,,93852.82390560533
2005-01-31,130090.00319548055,,,,95072.02564838155
2005-02-01,131959.2884690325,,,,95376.18714357774
2005-02-02,133785.70287771628,,,,95527.82159906326
2005-02-03,133881.8245646517,,,,94434.42462626073
2005-02-04,134618.31352777884,,,,95958.44033874529
2005-02-07,134078.66275759146,,,,95754.32846083849
2005-02-08,135008.70987921162,,,,95931.5046832625
2005-02-09,133118.46126966877,,,,94329.67987391753
2005-02-10,135138.97501593037,,,,94430.67829871959
2005-02-11,136462.93198408885,,,,95827.52641849931
2005-02-14,137815.11461413122,,,,96258.7377705687
2005-02-15,138486.1169019959,,,,96893.23753249054
2005-02-16,141763.6712442658,,,,96536.78459028357
2005-02-17,139685.40023672796,,,,95240.04330337317
2005-02-18,141864.3348394654,,,,94934.31783160711
2005-02-21,141864.3348394654,,,,94934.31783160711
2005-02-22,141001.43112051702,,,,93764.75645791258
2005-02-23,142835.54228079534,,,,93891.07268614968
2005-02-24,145984.5879579804,,,,95084.57355430897
2005-02-25,149150.02902186132,,,,95617.41105498426
2005-02-28,141900.57234982468,,,,94600.3032656675
2005-03-01,142719.2094913183,,,,95641.30382112549
2005-03-02,140339.67086967579,,,,95589.69101529449
2005-03-03,138041.86016188384,,,,94801.26637351334
2005-03-04,140725.50861572527,,,,95359.53999332589
2005-03-07,140806.81019138984,,,,96730.81077856182
2005-03-08,137860.8909140265,,,,95764.53224493269
2005-03-09,134981.7201103604,,,,95484.30887059921
2005-03-10,135402.3634983933,,,,95356.51355100768
2005-03-11,136210.68109912038,,,,94466.47726700293
2005-03-14,136574.86247867704,,,,94897.62289837534
2005-03-15,137067.9138754046,,,,94134.70169451598
2005-03-16,136504.01841289163,,,,93066.81838384795
2005-03-17,137972.63892645002,,,,93294.77179063989
2005-03-18,138643.63008422017,,,,92785.85936266794
2005-03-21,139764.3125272429,,,,92962.96835998545
2005-03-22,137723.0743998921,,,,91818.92979919854
2005-03-23,137277.92367381215,,,,92148.54747821229
2005-03-24,138048.39454585672,,,,92173.16037296051
2005-03-25,138048.39454585672,,,,92173.16037296051
2005-03-28,138115.35376781583,,,,92350.29136300838
2005-03-29,134866.77730616688,,,,91612.79983074551
2005-03-30,136906.06988271832,,,,93339.61666273433
2005-03-31,136459.4080836451,,,,92932.38234938926
2005-04-01,135098.1594810164,,,,91991.70403997357
2005-04-04,135188.18235596776,,,,92651.4874985984
2005-04-05,135217.92238220334,,,,92904.77643212663
2005-04-06,134539.96554752946,,,,92751.62037440098
2005-04-07,135897.144805876,,,,93868.72630532924
2005-04-08,134459.72964438557,,,,93105.84777033623
2005-04-11,132533.31634387135,,,,92698.63789474686
2005-04-12,134200.36895355344,,,,93155.15033214934
2005-04-13,131658.8739249472,,,,91630.219858937
2005-04-14,125981.33202955764,,,,90333.87414508316
2005-04-15,120690.56214079898,,,,88275.59352462576
2005-04-18,121469.86072514098,,,,88300.22824572063
2005-04-19,124277.46267507118,,,,88909.23379921335
2005-04-20,120285.40630791229,,,,88171.84604845062
2005-04-21,123015.97737739127,,,,90508.127448935
2005-04-22,121019.79477045577,,,,89161.12108212318
2005-04-25,124830.29880163711,,,,89897.08413356243
2005-04-26,124118.02338693183,,,,89058.12009365161
2005-04-27,123980.48129270118,,,,89184.42931349047
2005-04-28,122319.4111640219,,,,88294.62365498024
2005-04-29,121042.50367341083,,,,88878.14337566742
2005-05-02,121202.15609574148,,,,89233.02964282049
2005-05-03,121327.11985092289,,,,89689.57208167728
2005-05-04,122868.79839976355,,,,90781.08150943866
2005-05-05,122424.19483800954,,,,90856.52952296096
2005-05-06,123407.94664389329,,,,91109.83187798462
2005-05-09,125054.71033551652,,,,91540.91033597184
2005-05-10,123320.30325104191,,,,90879.79557137494
2005-05-11,122469.08705849115,,,,91336.25193460919
2005-05-12,117655.8263311887,,,,91081.56899830015
2005-05-13,116548.79381308326,,,,92071.43103906137
2005-05-16,118756.7265354966,,,,92680.25211292757
2005-05-17,119842.31445425499,,,,93238.27080003431
2005-05-18,120971.0467364167,,,,94507.44132761544
2005-05-19,123328.09288745868,,,,95294.01447382993
2005-05-20,122922.44605797279,,,,95674.20891324602
2005-05-23,126549.58309013146,,,,96156.04213491504
2005-05-24,126722.80460840958,,,,96460.01201916013
2005-05-25,126601.72406405705,,,,96052.94704607126
2005-05-26,128479.73261720437,,,,97017.23277970312
2005-05-27,129416.59473959701,,,,97067.31510783876
2005-05-30,129416.59473959701,,,,97067.31510783876
2005-05-31,129154.46916167038,,,,96736.40162486295
2005-06-01,130927.02238194244,,,,97522.85586658158
2005-06-02,132092.6044253518,,,,98207.86904058003
2005-06-03,130319.80686597126,,,,96784.89257369623
2005-06-06,132329.47090355653,,,,96809.49845909869
2005-06-07,131510.25465325612,,,,95996.04608398689
2005-06-08,130989.36010865467,,,,95792.14911320592
2005-06-09,133959.64992908735,,,,96400.80150556106
2005-06-10,132503.55702630777,,,,95384.27948932444
2005-06-13,132311.11378273342,,,,95840.60321013791
2005-06-14,133656.5765614209,,,,95458.87230768574
2005-06-15,135218.9690355954,,,,95762.91958654711
2005-06-16,136866.2671875653,,,,96270.02505462633
2005-06-17,138304.5361386237,,,,96281.97566815684
2005-06-20,138195.00442871425,,,,96281.2117276519
2005-06-21,138956.35097882125,,,,96229.67044124738
2005-06-22,139667.24688026283,,,,96127.2391937875
2005-06-23,138419.55433627937,,,,95058.91126908407
2005-06-24,136130.48089775417,,,,93990.74826494706
2005-06-27,137400.4121961293,,,,93557.86806697302
2005-06-28,138368.44363519523,,,,94446.69576486136
2005-06-29,137746.06797978256,,,,94242.58486877011
2005-06-30,137413.22885390415,,,,93504.81537334742
2005-07-01,138194.92985730394,,,,93376.93328149359
2005-07-04,138194.95692437486,,,,93376.93328149359
2005-07-05,140254.46495173438,,,,94342.00288914435
2005-07-06,140166.21215790993,,,,93883.8107277836
2005-07-07,141892.11978233772,,,,94213.45400344401
2005-07-08,143048.88208287378,,,,96017.11117327819
2005-07-11,145130.56108154898,,,,96905.87994629193
2005-07-12,145550.16146746132,,,,97362.61412784227
2005-07-13,145514.28969513183,,,,97590.50028299648
2005-07-14,142979.3254328497,,,,98555.48848530787
2005-07-15,144917.09694933504,,,,98859.70508192845
2005-07-18,145573.0557161556,,,,98452.24775536935
2005-07-19,148357.4628100744,,,,99595.06508030408
2005-07-20,147108.99304993692,,,,100305.93263728742
2005-07-21,143351.8902917582,,,,100330.4927539686
2005-07-22,143986.2506290742,,,,100202.66735042681
2005-07-25,142276.05446393782,,,,99820.6621372878
2005-07-26,142804.88644257467,,,,100201.07724252563
2005-07-27,144733.02461998185,,,,100962.61074652208
2005-07-28,145650.17008693703,,,,101444.66966977844
2005-07-29,144064.8073970686,,,,100605.30186854172
2005-08-01,145235.437247513,,,,100782.37262811903
2005-08-02,145961.2286147566,,,,101874.20123619682
2005-08-03,146363.0265462738,,,,101822.58213026296
2005-08-04,145695.3084152479,,,,100830.79543246547
2005-08-05,141342.90171838697,,,,100347.1469918214
2005-08-08,141414.3033484872,,,,99609.46973673385
2005-08-09,141464.40359130726,,,,100269.35790525441
2005-08-10,141040.5806062701,,,,99404.59708224583
2005-08-11,142195.67628791748,,,,100216.93561709857
2005-08-12,143062.1360779728,,,,99657.13909587426
2005-08-15,143201.59507972182,,,,100266.17559755646
2005-08-16,140618.88194518938,,,,98639.1869982843
2005-08-17,139641.71107186592,,,,99222.80145574112
2005-08-18,139253.127567057,,,,98713.87105373754
2005-08-19,140706.1850906791,,,,98662.22497514615
2005-08-22,142452.63898676587,,,,98712.30457742982
2005-08-23,141336.440087506,,,,98431.93948309988
2005-08-24,141733.1314327229,,,,97846.78456339512
2005-08-25,142956.8340575849,,,,98074.64476038003
2005-08-26,142124.67538845903,,,,97743.63537317268
2005-08-29,143174.05627019276,,,,98505.07199395057
2005-08-30,144995.3049024543,,,,98148.54340192747
2005-08-31,149877.27827996627,,,,99062.47526675955
2005-09-01,151690.7908559408,,,,98909.29369201175
2005-09-02,149305.25225907477,,,,98527.34096160933
2005-09-05,149305.25316662955,,,,98527.34096160933
2005-09-06,151447.60710362773,,,,99974.74921371564
2005-09-07,153299.93389062266,,,,100151.8110334449
2005-09-08,152341.6378142057,,,,100125.59896258463
2005-09-09,153165.65696279387,,,,100683.73295762422
2005-09-12,151613.09820191245,,,,100962.35057538818
2005-09-13,150150.3762789188,,,,100707.54064872979
2005-09-14,149341.03182486873,,,,99563.4605771286
2005-09-15,148156.43143914323,,,,99511.9174151612
2005-09-16,147965.02251855712,,,,100120.83238445016
2005-09-19,148147.4925950585,,,,99332.51724942164
2005-09-20,144397.92570988517,,,,98925.20138535986
2005-09-21,143875.20871804337,,,,97832.03478413881
2005-09-22,142171.03924910407,,,,98186.97175457349
2005-09-23,142477.98590914588,,,,98465.61198330247
2005-09-26,144072.70826886277,,,,98490.22295621941
2005-09-27,144143.69293097834,,,,98260.82209795027
2005-09-28,146748.75083277802,,,,98285.50255077048
2005-09-29,150393.45494721513,,,,99605.62263324685
2005-09-30,151287.20248387437,,,,100265.35097951844
2005-10-03,153515.30396102052,,,,100518.54741949793
2005-10-04,148664.13248715978,,,,99857.27580259714
2005-10-05,144931.4436861096,,,,98484.75282252267
2005-10-06,142404.92961869817,,,,97188.45764455512
2005-10-07,144083.42031781058,,,,97416.3368891902
2005-10-10,140684.14625332932,,,,96882.11888135766
2005-10-11,141809.14826623778,,,,96398.65527500815
2005-10-12,138047.00154362302,,,,95254.92167715798
2005-10-13,137075.6540041234,,,,95990.76643339323
2005-10-14,139832.40451004764,,,,96701.20439330608
2005-10-17,141129.1955638792,,,,97005.25565568397
2005-10-18,138124.29318973084,,,,96318.68669411472
2005-10-19,140052.04549656322,,,,98248.34851027721
2005-10-20,137453.43843654802,,,,97333.19202007438
2005-10-21,139422.33464256933,,,,97941.9691950175
2005-10-24,142920.5417800944,,,,99490.6010905385
2005-10-25,142221.5287754934,,,,99108.77538570098
2005-10-26,142265.07475791386,,,,98600.06217983304
2005-10-27,137836.4155264411,,,,96618.11362677036
2005-10-28,143697.783064476,,,,97353.91169589334
2005-10-31,146635.88895398667,,,,98750.04979583553
2005-11-01,146511.8628660127,,,,98673.15074970726
2005-11-02,152595.36702363947,,,,99967.62937535219
2005-11-03,154146.03997512188,,,,101465.28262685328
2005-11-04,151184.5499769812,,,,101820.05776032161
2005-11-07,149963.4781038516,,,,101946.28322444978
2005-11-08,150285.64844386748,,,,101970.83757912794
2005-11-09,150402.63542807943,,,,102020.85694842396
2005-11-10,150784.5799759344,,,,103137.49129915828
2005-11-11,150845.36322098877,,,,103416.06012558746
2005-11-14,152364.1788816759,,,,103415.23956536462
2005-11-15,152880.86442220918,,,,102931.85399213858
2005-11-16,155269.33569906923,,,,103565.98680713601
2005-11-17,156617.82388446,,,,104936.52415300575
2005-11-18,156561.1476914505,,,,105291.23214436173
2005-11-21,160041.15309126742,,,,105544.28403405492
2005-11-22,162675.13183314973,,,,105924.47926858564
2005-11-23,162049.26384218154,,,,106177.62445652264
2005-11-24,162049.26387222903,,,,106177.62445652264
2005-11-25,163521.04281649407,,,,106405.27968676182
2005-11-28,159925.78620337418,,,,105515.63049949831
2005-11-29,160621.16840440917,,,,105006.90229232724
2005-11-30,159951.21762759375,,,,104752.1142576669
2005-12-01,165005.3788252561,,,,106706.62097118158
2005-12-02,166163.7487550466,,,,106959.74785732965
2005-12-05,166203.62199217963,,,,106171.72725513314
2005-12-06,166663.9764633863,,,,106526.26931392387
2005-12-07,165462.62014095363,,,,106322.31146549515
2005-12-08,167469.22754351672,,,,105559.68505924873
2005-12-09,167869.9626096922,,,,105965.15721949995
2005-12-12,170162.76250533637,,,,106345.18471537692
2005-12-13,168826.7183637197,,,,106776.05946896176
2005-12-14,168789.84318478656,,,,106419.6854758495
2005-12-15,167281.36630793166,,,,106596.59736396969
2005-12-16,164986.96431561065,,,,105860.1815987634
2005-12-19,164036.7741407926,,,,104179.38263462877
2005-12-20,166178.1984911735,,,,104254.87841835077
2005-12-21,167208.3821196134,,,,104712.175284899
2005-12-22,169930.59678943706,,,,105398.64450427443
2005-12-23,169734.67578096938,,,,105397.80820925493
2005-12-26,169734.67578096938,,,,105397.80820925493
2005-12-27,166852.64659925055,,,,104480.70008530882
2005-12-28,167399.53148336062,,,,104352.65695904556
2005-12-29,165646.9412965263,,,,103664.64168204425
2005-12-30,165215.24090690265,,,,102874.76985605869
2006-01-02,165215.24090690265,,,,102874.76985605869
2006-01-03,170551.5538233007,,,,105164.50361000227
2006-01-04,172197.69383854518,,,,106258.12155705235
2006-01-05,171087.9001862491,,,,106715.3925430051
2006-01-06,174147.14964277396,,,,108648.79504239246
2006-01-09,176014.66115302691,,,,109080.61656520267
2006-01-10,178494.4830464805,,,,109156.07694594823
2006-01-11,179781.48705966125,,,,109995.0391771104
2006-01-12,180005.45830285182,,,,109459.79127187826
2006-01-13,182861.8118336164,,,,109407.95285832134
2006-01-16,182861.8118336164,,,,109407.95285832134
2006-01-17,183446.11142181983,,,,108694.50113249647
2006-01-18,181027.7440351211,,,,107446.66420840018
2006-01-19,183275.71377491584,,,,108234.75169990963
2006-01-20,181913.97437774768,,,,105001.8474908977
2006-01-23,182151.79403268924,,,,105026.48122366318
2006-01-24,183506.50899088016,,,,105483.71835652915
2006-01-25,179913.45588290325,,,,105024.81454759165
2006-01-26,180625.5759365522,,,,105761.94604010528
2006-01-27,182108.25803196063,,,,107186.21770558551
2006-01-30,183701.48382961383,,,,107388.90089995241
2006-01-31,183713.40180372825,,,,106904.61042643791
2006-02-01,181764.0856147968,,,,107285.42581815193
2006-02-02,180386.95663141838,,,,105452.4058112785
2006-02-03,177137.10970627895,,,,104153.7605165321
2006-02-06,173971.9987062179,,,,103873.05940215269
2006-02-07,168363.7142145597,,,,103414.16698979482
2006-02-08,168835.68866538635,,,,104609.32314482056
2006-02-09,166234.62602054706,,,,103616.114867788
2006-02-10,166092.10411297908,,,,104251.42786416605
2006-02-13,164523.79411642932,,,,103054.67518480422
2006-02-14,165749.82691829585,,,,104097.13940112911
2006-02-15,167104.2456218519,,,,104757.85140627694
2006-02-16,170996.19615988663,,,,105723.99813086253
2006-02-17,171187.36025493077,,,,104883.43598275127
2006-02-20,171187.36025493077,,,,104883.43598275127
2006-02-21,171212.37671391896,,,,103712.12037657834
2006-02-22,171331.59744136265,,,,105008.98244429949
2006-02-23,171976.27769606045,,,,104728.25572738503
2006-02-24,172635.9217094653,,,,105007.31604598525
2006-02-27,171728.59246924974,,,,106176.860897235
2006-02-28,164368.12520365606,,,,104598.53326129855
2006-03-01,167732.26770961436,,,,106022.56535207068
2006-03-02,170740.28698975453,,,,106098.02880428598
2006-03-03,170132.1466181285,,,,105486.51551250317
2006-03-06,167482.35084908744,,,,104569.84343547584
2006-03-07,163483.84293480523,,,,103958.34059887182
2006-03-08,163047.3646006887,,,,104008.35739779311
2006-03-09,161334.5397632425,,,,103117.08833918131
2006-03-10,166441.2669442003,,,,103218.0427929704
2006-03-13,166817.18615630319,,,,103522.5393048156
2006-03-14,169828.1286328142,,,,105277.17148348835
2006-03-15,172205.55450704743,,,,106166.75168243685
2006-03-16,171932.25893691232,,,,105275.50082822214
2006-03-17,171704.1466615503,,,,105552.12531942337
2006-03-20,170573.2486281698,,,,105805.88914378185
2006-03-21,168933.7987385099,,,,104684.93082414063
2006-03-22,168939.35544922997,,,,104938.67475883337
2006-03-23,171111.03771427323,,,,104632.38688349427
2006-03-24,172400.78229549577,,,,105166.14454253038
2006-03-27,175222.4736368959,,,,105190.67715829077
2006-03-28,174249.40862634827,,,,104757.17382173149
2006-03-29,177477.59548977067,,,,106741.94315859232
2006-03-30,176942.45294359376,,,,107072.00805798692
2006-03-31,176710.18092110803,,,,106765.70643181785
2006-04-03,175854.66810277154,,,,106892.12144116913
2006-04-04,178076.41195586373,,,,107476.81320429996
2006-04-05,180640.86576917817,,,,108494.2233208793
2006-04-06,182497.50700572183,,,,108798.81617593653
2006-04-07,180866.36499145676,,,,107754.28407779428
2006-04-10,181477.99921897103,,,,107600.64783101372
2006-04-11,179439.03898218324,,,,106734.32079549588
2006-04-12,181646.69049075295,,,,106758.92946233049
2006-04-13,180541.87766984155,,,,107190.7894067308
2006-04-14,180541.87766984155,,,,107190.7894067308
2006-04-17,182650.84986832787,,,,106069.99146590366
2006-04-18,186639.2416150873,,,,108105.42135108385
2006-04-19,189821.96841743638,,,,108588.26072512317
2006-04-20,188057.85147550752,,,,108205.63764887222
2006-04-21,189499.7198639219,,,,106932.06156042825
2006-04-24,188484.99751785447,,,,106829.36241187347
2006-04-25,186461.97156241586,,,,106599.46333555169
2006-04-26,183526.11095693757,,,,106573.10694956768
2006-04-27,182146.34707453896,,,,107590.4030233788
2006-04-28,181940.7779326742,,,,106545.95102064377
2006-05-01,175717.13071725896,,,,105501.5951307936
2006-05-02,178227.74260932076,,,,105780.70622834007
2006-05-03,178808.42173949844,,,,105627.2073099654
2006-05-04,184069.54379086127,,,,106491.66439398589
2006-05-05,187502.6020874507,,,,107330.79177138304
2006-05-08,188495.5509771157,,,,107431.72592953501
2006-05-09,193427.56654818947,,,,107023.65404227971
2006-05-10,196817.17214542723,,,,106081.13650459299
2006-05-11,191363.02689844868,,,,103713.34867763115
2006-05-12,184935.1036895247,,,,102312.64633585165
2006-05-15,185404.47526302485,,,,102235.48117825722
2006-05-16,185246.67972300656,,,,101471.21067335679
2006-05-17,180007.57327445643,,,,100096.07834230077
2006-05-18,177546.1392910165,,,,99408.12030082804
2006-05-19,177718.85628902714,,,,100170.86358050989
2006-05-22,173347.55431681106,,,,99202.97602362928
2006-05-23,172766.5999930016,,,,98235.06973903933
2006-05-24,169452.5266003557,,,,98896.03941671943
2006-05-25,175500.56340986915,,,,100193.07709496272
2006-05-26,177725.25425157763,,,,100523.12301824283
2006-05-29,177725.25710780188,,,,100523.12301824283
2006-05-30,172431.04822044724,,,,98359.25430892281
2006-05-31,175837.3548279115,,,,98816.51993345213
2006-06-01,178813.01293613063,,,,101156.94759596325
2006-06-02,179355.41627717562,,,,100901.68276283337
2006-06-05,172800.37520127383,,,,98712.36326166205
2006-06-06,172018.22769514282,,,,98635.28120993805
2006-06-07,168711.63182288205,,,,97896.46444089377
2006-06-08,168407.09162884747,,,,97743.03566143656
2006-06-09,169496.28199559246,,,,97106.06170025415
2006-06-12,162756.50096207653,,,,95196.77925443451
2006-06-13,158590.27247530018,,,,94814.31206666045
2006-06-14,162849.60895401036,,,,95780.53540845239
2006-06-15,171170.5930100063,,,,98375.3021899511
2006-06-16,170667.00291162526,,,,97651.34196751862
2006-06-19,167752.67658549343,,,,96861.22156625331
2006-06-20,168929.33452659642,,,,96987.83105095607
2006-06-21,175774.58901339566,,,,98514.74502356333
2006-06-22,174792.14796930348,,,,97266.28516393015
2006-06-23,177920.48521786724,,,,97163.68612107889
2006-06-26,179355.85018449818,,,,97417.58362382863
2006-06-27,176282.39445501362,,,,95583.56231771914
2006-06-28,177341.89936929737,,,,96295.79380857392
2006-06-29,187265.37390905415,,,,99223.0166625419
2006-06-30,187475.80473600302,,,,98738.39855756973
2006-07-03,192648.89058750414,,,,99323.26454613375
2006-07-04,192648.89071586213,,,,99323.26454613375
2006-07-05,192543.78347338524,,,,97158.28968211832
2006-07-06,193391.05325796164,,,,97055.65252597733
2006-07-07,192014.69510810077,,,,95985.6018828231
2006-07-10,187076.10498222618,,,,95144.6273629761
2006-07-11,191886.5513077099,,,,95856.7375593696
2006-07-12,188068.24078630743,,,,94048.36828461982
2006-07-13,180971.84421083683,,,,92469.10979487459
2006-07-14,178771.4588637078,,,,91526.43635075507
2006-07-17,178062.89566110572,,,,91754.811319642
2006-07-18,178617.75852682817,,,,92059.56614455926
2006-07-19,183701.28738006082,,,,93255.42323091599
2006-07-20,176065.72875014442,,,,91879.9329886843
2006-07-21,170190.3415486886,,,,90911.78046718822
2006-07-24,176016.98896443695,,,,92718.54173303291
2006-07-25,180666.01468349333,,,,93252.46358516012
2006-07-26,180829.74706069322,,,,93175.39494803832
2006-07-27,177206.48804172297,,,,92563.6217159975
2006-07-28,180131.4974680247,,,,94497.64050736107
2006-07-31,181957.80140470958,,,,94471.45031345863
2006-08-01,177607.44661352874,,,,92892.37971363685
2006-08-02,177950.96097705825,,,,93935.35887487847
2006-08-03,176152.38798761522,,,,94520.11530684675
2006-08-04,170757.62722973153,,,,94086.5513185298
2006-08-07,160628.5172225035,,,,93474.9126909462
2006-08-08,158355.5399922697,,,,92888.69457738285
2006-08-09,156606.6744952527,,,,93015.20935849038
2006-08-10,153775.95128693918,,,,93676.32871944759
2006-08-11,152529.41999797107,,,,93013.73333677126
2006-08-14,151600.89408321478,,,,93623.9654122535
2006-08-15,154986.55749595552,,,,95990.45660049954
2006-08-16,158102.27190391207,,,,98255.22071086602
2006-08-17,156742.51778284693,,,,98610.72915738577
2006-08-18,158731.33590928698,,,,98762.77667322576
2006-08-21,156972.27808777476,,,,97820.08296695795
2006-08-22,158485.83948532725,,,,97844.81213901882
2006-08-23,157100.19798247004,,,,97105.86364554333
2006-08-24,155644.45051018381,,,,97385.12486792475
2006-08-25,155793.5024334588,,,,97562.52178008344
2006-08-28,156652.43804542208,,,,98299.84547300565
2006-08-29,156677.27071038866,,,,98604.46994985086
2006-08-30,155909.9046296277,,,,99061.87575445812
2006-08-31,154028.95116443624,,,,98959.32395551268
2006-09-01,156095.89300063124,,,,99492.98095866914
2006-09-04,156095.8955500091,,,,99492.98095866914
2006-09-05,158005.02876458093,,,,100459.43951618043
2006-09-06,152765.61178954947,,,,98447.8676678603
2006-09-07,151828.52044030628,,,,97988.92789680633
2006-09-08,153625.51162526818,,,,98573.60412649998
2006-09-11,153873.38905155798,,,,99183.66021069534
2006-09-12,157486.02905908824,,,,101015.35062461585
2006-09-13,159764.28289469273,,,,101701.70281228202
2006-09-14,163294.02202214717,,,,101802.7111572763
2006-09-15,164131.52530154376,,,,102166.02617565473
2006-09-18,162816.750146556,,,,102190.68314994025
2006-09-19,163058.31810297552,,,,101502.34303835827
2006-09-20,165211.75701697075,,,,102978.47685194772
2006-09-21,163940.96096818574,,,,102340.9959376748
2006-09-22,163307.2961739445,,,,101550.86055179368
2006-09-25,167531.98285195185,,,,103332.58075901578
2006-09-26,169588.8793853866,,,,103840.95263434177
2006-09-27,165394.812041819,,,,103712.80906173779
2006-09-28,166584.27204185716,,,,103992.16887731239
2006-09-29,166753.71080070725,,,,103532.94808950818
2006-10-02,168148.26207119218,,,,102233.48356757921
2006-10-03,170086.8600574135,,,,102665.58402847996
2006-10-04,171623.70853489777,,,,105185.53922891924
2006-10-05,173361.46536811133,,,,105693.9475821137
2006-10-06,171439.42300399084,,,,105463.93724028501
2006-10-09,171066.8578880622,,,,105819.58186803633
2006-10-10,171512.48189719458,,,,105996.95883247472
2006-10-11,170800.3873269423,,,,105792.4838363278
2006-10-12,171359.78410791,,,,107472.08516417847
2006-10-13,170718.37774156174,,,,108056.80838391592
2006-10-16,170817.3814265593,,,,108157.77122069451
2006-10-17,168142.50802205643,,,,106960.28224975991
2006-10-18,166362.59747766098,,,,106450.23832951143
2006-10-19,168471.63744996628,,,,106703.90981819316
2006-10-20,169811.87392781815,,,,106957.73620305714
2006-10-23,171642.58041547379,,,,108051.66413663585
2006-10-24,175698.90586541733,,,,107312.45513730965
2006-10-25,173903.9273583754,,,,108049.94944197848
2006-10-26,176563.9400203093,,,,109041.94941536944
2006-10-27,171968.67555879196,,,,107488.12162258537
2006-10-30,172712.12621949753,,,,108174.68520394583
2006-10-31,171502.52340036276,,,,108428.33819870646
2006-11-01,176810.76778928994,,,,106950.94704154204
2006-11-02,178146.06197302102,,,,107051.88544765575
2006-11-03,178199.42952768563,,,,106771.01327128027
2006-11-06,185560.75930444954,,,,108323.12282462078
2006-11-07,185041.21165411233,,,,109060.60177488733
2006-11-08,183334.8027204728,,,,109568.8029273009
2006-11-09,180025.51018755196,,,,109058.87106541036
2006-11-10,182719.24788181542,,,,109567.06415117098
2006-11-13,186934.5245565629,,,,110686.25517974944
2006-11-14,186838.3300322747,,,,111856.42654615636
2006-11-15,185984.44166509865,,,,112313.73516006979
2006-11-16,187151.4492601609,,,,112796.49543179625
2006-11-17,187267.20749132393,,,,112795.60042367417
2006-11-20,189487.75280992745,,,,113023.78669835872
2006-11-21,192248.27980844735,,,,113175.68519219829
2006-11-22,194233.448753283,,,,113887.55765887315
2006-11-23,194233.448753283,,,,113887.55765887315
2006-11-24,194826.15972702263,,,,113683.0020337443
2006-11-27,186876.28063385247,,,,111111.1321831351
2006-11-28,188349.32177011727,,,,111441.15277372456
2006-11-29,188784.35104513227,,,,112203.93099382322
2006-11-30,190550.67135334073,,,,112126.69207188973
2006-12-01,188822.40886354505,,,,111158.51950271736
2006-12-04,190558.05817985593,,,,112684.8352776899
2006-12-05,190459.94361209928,,,,113091.21109455983
2006-12-06,190672.276974996,,,,112683.04704092527
2006-12-07,193860.4991987547,,,,111256.81589186724
2006-12-08,194670.36041720715,,,,111764.94882344008
2006-12-11,195338.51239665356,,,,112171.3076629974
2006-12-12,193281.78495200482,,,,111508.66569334397
2006-12-13,193726.9909089407,,,,111711.43455070248
2006-12-14,194662.8014581999,,,,112957.75652750093
2006-12-15,195285.19924945888,,,,113247.31600132136
2006-12-18,192065.14442129192,,,,112125.12907509322
2006-12-19,195488.68212051448,,,,111767.5021934189
2006-12-20,194512.41661043224,,,,111358.91568598013
2006-12-21,192650.2909414297,,,,110568.04790872171
2006-12-22,191967.74660701808,,,,109420.48666600164
2006-12-25,191967.74660701808,,,,109420.48666600164
2006-12-26,191214.60479373988,,,,109878.27249234258
2006-12-27,195733.55059948473,,,,110438.04648788468
2006-12-28,194408.7355927518,,,,109902.02746227829
2006-12-29,193314.2795614293,,,,110003.06981524675
2007-01-01,193314.2795614293,,,,110003.06981524675
2007-01-02,193314.2795614293,,,,110003.06981524675
2007-01-03,191471.66183906107,,,,110206.02413772562
2007-01-04,195680.95361142664,,,,112294.61682436412
2007-01-05,194897.22258620767,,,,111758.63409505029
2007-01-08,195128.38018797096,,,,111834.21756836653
2007-01-09,197708.97268818077,,,,112393.86546299537
2007-01-10,198581.72367611472,,,,113717.96782889027
2007-01-11,200444.15701380317,,,,114889.1463641746
2007-01-12,200522.3292278344,,,,115474.23081023761
2007-01-15,200522.3292278344,,,,115474.23081023761
2007-01-16,201923.00460568015,,,,115396.89272815679
2007-01-17,202964.8572687203,,,,114453.26720658972
2007-01-18,197123.58901730124,,,,112337.56762058503
2007-01-19,200056.49401131217,,,,112566.01568923797
2007-01-22,199995.81006470267,,,,111342.12850867416
2007-01-23,199871.69948950355,,,,111060.98608229862
2007-01-24,204153.53769054954,,,,112894.54971210015
2007-01-25,200711.41607990806,,,,111441.37958150968
2007-01-26,201021.99903622214,,,,111032.84738472351
2007-01-29,202576.4752120072,,,,111133.93428165294
2007-01-30,204324.7190150315,,,,111183.9395761842
2007-01-31,206348.19527375494,,,,112304.08521182195
2007-02-01,206579.01972186362,,,,112124.83677929372
2007-02-02,206175.6532849053,,,,112531.61290648741
2007-02-05,208205.60888039862,,,,112428.75613904408
2007-02-06,206115.33648812567,,,,112275.01590873531
2007-02-07,208418.6390355805,,,,113293.19153951971
2007-02-08,212159.66511809622,,,,113266.82208541014
2007-02-09,202121.05168616568,,,,111813.80981713947
2007-02-12,200226.6494711617,,,,111379.7834255155
2007-02-13,202902.50859153067,,,,111761.07292075094
2007-02-14,205905.24043166434,,,,113645.34066582471
2007-02-15,205987.5523446778,,,,114306.83860974667
2007-02-16,205500.19260680472,,,,113923.74476466197
2007-02-19,205500.19260680472,,,,113923.74476466197
2007-02-20,206543.3527282456,,,,114789.00538608433
2007-02-21,206520.9632619599,,,,115144.73839294995
2007-02-22,205092.99236285483,,,,115729.763320629
2007-02-23,202803.0530503968,,,,115321.23586631099
2007-02-26,201488.7286442498,,,,114759.95058448435
2007-02-27,194101.63696037626,,,,110046.36779439251
2007-02-28,191882.55043532024,,,,110402.12428893079
2007-03-01,191409.87452818523,,,,109891.80404945344
2007-03-02,187034.47235514293,,,,108235.13803253166
2007-03-05,185237.5249183334,,,,107393.70050640017
2007-03-06,191016.29138685833,,,,109175.94015164448
2007-03-07,188818.6376335777,,,,108742.0010378366
2007-03-08,193964.26631046901,,,,109479.84160384964
2007-03-09,194220.72412754665,,,,109377.08438581624
2007-03-12,195668.43906857143,,,,110089.43058332801
2007-03-13,192987.75408007274,,,,107948.97721260309
2007-03-14,194224.19068600307,,,,109527.3213000212
2007-03-15,194585.4611299194,,,,109271.78436571985
2007-03-16,193945.97872568737,,,,109186.78492689745
2007-03-19,198809.48820711742,,,,110307.35367131022
2007-03-20,200483.79924418102,,,,111096.51872670099
2007-03-21,204630.75441481243,,,,113236.52169644398
2007-03-22,203661.79879070888,,,,112827.88266221536
2007-03-23,202701.17377974163,,,,112470.14495947836
2007-03-26,201422.8720009483,,,,112927.99447803955
2007-03-27,196652.99226357113,,,,112137.02141283272
2007-03-28,194496.3987060733,,,,110938.36733319271
2007-03-29,196081.35427772475,,,,111064.86194330233
2007-03-30,195513.373840446,,,,110962.04756323092
2007-04-02,197274.35711395217,,,,111114.11661321505
2007-04-03,199592.14809047652,,,,112565.85236324237
2007-04-04,199942.73859503135,,,,113023.68697917955
2007-04-05,201683.73433270768,,,,113583.4215161009
2007-04-06,201683.73433270768,,,,113583.4215161009
2007-04-09,202543.66953673676,,,,113302.19547135089
2007-04-10,202525.48861708955,,,,113887.47185022054
2007-04-11,202958.61572804765,,,,112688.76467179052
2007-04-12,205064.49443688706,,,,113579.81654474864
2007-04-13,206262.92328467683,,,,113808.26262396063
2007-04-16,207104.70327964143,,,,114852.16198026693
2007-04-17,207097.9091836484,,,,115106.07821052968
2007-04-18,207569.56336179093,,,,114722.86419962236
2007-04-19,205912.81753602342,,,,115078.7567154305
2007-04-20,207579.5595621066,,,,115714.92566149606
2007-04-23,208635.1696981387,,,,115892.36637248605
2007-04-24,206941.10202874706,,,,116477.53031086901
2007-04-25,208824.65452279613,,,,118030.92457313006
2007-04-26,209941.04914035366,,,,118641.5787316585
2007-04-27,210168.57386046962,,,,118691.61321750031
2007-04-30,200950.76640829793,,,,117136.36726410322
2007-05-01,198052.797836455,,,,117033.49900419642
2007-05-02,206949.33794158328,,,,118306.59690522002
2007-05-03,211084.55195754397,,,,118738.83168872855
2007-05-04,216486.47545092928,,,,118839.79188009561
2007-05-07,219406.53827041018,,,,118838.84890930328
2007-05-08,219152.44998169172,,,,119092.6691444312
2007-05-09,219990.7516379379,,,,119346.57606202057
2007-05-10,218831.13185287867,,,,117714.95956011795
2007-05-11,218972.3715164796,,,,119217.26949838712
2007-05-14,216803.92952837425,,,,118401.04140755061
2007-05-15,215673.348297257,,,,117482.78215199565
2007-05-16,217618.37097134072,,,,118628.39984412584
2007-05-17,219374.518696446,,,,118066.97890138967
2007-05-18,219018.5099779554,,,,119034.1397170915
2007-05-21,219299.51031126457,,,,119797.57761753614
2007-05-22,220773.84295715767,,,,119898.53104063937
2007-05-23,219830.41692938286,,,,119337.10647133504
2007-05-24,216531.87977327782,,,,117629.16149291348
2007-05-25,219544.22915949303,,,,118367.04001854114
2007-05-28,219544.22915949303,,,,118367.04001854114
2007-05-29,222500.89469398934,,,,119283.26433641805
2007-05-30,227136.97065700966,,,,120250.49778027626
2007-05-31,228685.63617195564,,,,120810.00590708364
2007-06-01,231184.75958313423,,,,120885.49089252656
2007-06-04,233921.6869088598,,,,121241.15601763104
2007-06-05,234754.26350464302,,,,121240.19398839319
2007-06-06,230893.39618246484,,,,119939.97126865997
2007-06-07,223675.69964449335,,,,118079.31778822857
2007-06-08,228553.3630942576,,,,119530.47937089522
2007-06-11,229249.21882193018,,,,119300.29042531372
2007-06-12,230557.62702171732,,,,118585.99304669336
2007-06-13,239044.99001495767,,,,119884.26123116215
2007-06-14,240576.3888119929,,,,120673.01950816662
2007-06-15,248742.65567200113,,,,121786.17691181363
2007-06-18,251754.14167158533,,,,121810.68575102888
2007-06-19,253946.96722166467,,,,121784.24420988208
2007-06-20,251955.69463055063,,,,120636.08471731638
2007-06-21,256913.23621265817,,,,121731.33968938135
2007-06-22,259674.7841171496,,,,120583.17615190547
2007-06-25,256827.83382122446,,,,120072.38423627269
2007-06-26,256996.7323517077,,,,119383.1125010296
2007-06-27,256957.7779459231,,,,121217.60369399004
2007-06-28,261962.37426655221,,,,121165.64935167845
2007-06-29,262234.3725347581,,,,121368.62229303237
2007-07-02,266044.3673627904,,,,122463.83322512983
2007-07-03,267878.7407502669,,,,123176.64880321431
2007-07-04,267878.74192693405,,,,123176.64880321431
2007-07-05,265574.3505671311,,,,124067.8984705864
2007-07-06,267118.72483269504,,,,124576.75075452405
2007-07-09,283229.8232120686,,,,124652.15667073535
2007-07-10,275501.06086270144,,,,123606.10611504356
2007-07-11,274643.9621807747,,,,124446.32345123973
2007-07-12,280725.8461238556,,,,126357.14608984144
2007-07-13,287224.31599561503,,,,127222.73178020351
2007-07-16,282866.8435162716,,,,127094.33150703234
2007-07-17,280566.5414170437,,,,128061.9295570894
2007-07-18,280768.2010215931,,,,127907.98568398548
2007-07-19,282000.9681758099,,,,128289.33799548323
2007-07-20,277376.327462595,,,,127600.09390885931
2007-07-23,262093.98231644012,,,,127650.03343120753
2007-07-24,256641.8256606865,,,,125762.8019534789
2007-07-25,256501.75164476532,,,,125940.26362870714
2007-07-26,252411.1867417146,,,,124868.69661970354
2007-07-27,250549.41349175313,,,,122344.38573237408
2007-07-30,258846.12981343188,,,,123770.72897001021
2007-07-31,255234.54070885584,,,,121170.00278804653
2007-08-01,251655.59032386067,,,,122112.09437199778
2007-08-02,249549.01667876402,,,,123232.6107525755
2007-08-03,243246.74956968246,,,,120886.77198092465
2007-08-06,244579.15027743185,,,,122287.60182772038
2007-08-07,249000.12756579547,,,,123153.19357703859
2007-08-08,251613.15703930025,,,,124503.03601884392
2007-08-09,234190.86477583143,,,,121622.06557867839
2007-08-10,233070.0403808504,,,,120525.1474534824
2007-08-13,239233.06779035513,,,,121339.73439132092
2007-08-14,235305.92641116923,,,,119274.41710674787
2007-08-15,224273.53422046476,,,,117005.2273450275
2007-08-16,219591.9720612494,,,,115857.50391405233
2007-08-17,227822.9189947712,,,,118048.29044335749
2007-08-20,236049.21355681604,,,,118608.03168013651
2007-08-21,240706.98066393766,,,,119855.8926544351
2007-08-22,249642.92784663473,,,,121485.97157438549
2007-08-23,245042.14158933968,,,,121153.6589287718
2007-08-24,250975.51590450387,,,,122860.13213201791
2007-08-27,247126.8745669421,,,,122043.7240247079
2007-08-28,235014.32998147787,,,,119137.53714545762
2007-08-29,243568.8386572247,,,,122551.4249133195
2007-08-30,246840.46246094303,,,,123187.54552477485
2007-08-31,250504.98588293945,,,,124562.65859988592
2007-09-03,250504.9859571488,,,,124562.65859988592
2007-09-04,257441.95801237205,,,,126625.80665416384
2007-09-05,256879.68909576515,,,,125350.65748029826
2007-09-06,256517.65569592395,,,,125247.7506773207
2007-09-07,248236.07027531543,,,,122927.80618399581
2007-09-10,247341.14997292438,,,,122850.3836976349
2007-09-11,252537.8608875362,,,,124709.63263602646
2007-09-12,248557.64456845203,,,,124734.1628051447
2007-09-13,251872.23137379566,,,,125344.68973273403
2007-09-14,251273.83674240985,,,,125445.60244155333
2007-09-17,249941.50863743701,,,,124399.92096956377
2007-09-18,263111.2603426067,,,,127533.09186801818
2007-09-19,263698.807773122,,,,127863.33591753377
2007-09-20,264030.693203458,,,,127505.60609226841
2007-09-21,274512.4548659412,,,,128412.11467687468
2007-09-24,273505.4904689876,,,,128997.47959473383
2007-09-25,280201.1560292331,,,,130220.10291912856
2007-09-26,279914.2643694965,,,,130856.42292588156
2007-09-27,280552.7451152889,,,,131518.22766016392
2007-09-28,283507.09469223896,,,,131083.8092866798
2007-10-01,287946.26150465885,,,,132586.81595249358
2007-10-02,287344.9823985187,,,,132611.26943813663
2007-10-03,280035.4216847507,,,,131692.52285422492
2007-10-04,288474.60006762424,,,,131997.33578646593
2007-10-05,294817.188424596,,,,134672.9487465938
2007-10-08,295650.4695735065,,,,135513.10631393504
2007-10-09,299585.4850750057,,,,136098.3070329132
2007-10-10,299276.84059620777,,,,136428.64761560195
2007-10-11,290290.0008144466,,,,134260.76661060928
2007-10-12,301396.84240389743,,,,136477.46771521543
2007-10-15,299139.0891976444,,,,135431.1960318345
2007-10-16,299562.8325028507,,,,134792.91820822167
2007-10-17,300204.85252814577,,,,136525.18023127003
2007-10-18,305136.11973386095,,,,137110.36300717993
2007-10-19,296598.45954947756,,,,133693.59339573223
2007-10-22,300392.219741395,,,,135298.422539223
2007-10-23,318676.5141697435,,,,138126.6335798685
2007-10-24,317813.8253160028,,,,137080.53149515454
2007-10-25,315022.4241271524,,,,135244.2088719026
2007-10-26,317420.3802614717,,,,137486.21675173155
2007-10-29,325986.8594518213,,,,138045.8009715046
2007-10-30,318543.84146218584,,,,138325.07492310953
2007-10-31,314202.0363848333,,,,140286.58117506493
2007-11-01,305083.9406321486,,,,137660.17945761548
2007-11-02,302879.2746323978,,,,138729.5926558404
2007-11-05,301054.6909477224,,,,137836.43173102467
2007-11-06,321409.84402377065,,,,139390.08680435113
2007-11-07,314502.90834956395,,,,135999.15179194487
2007-11-08,340346.60111584485,,,,131869.23230534815
2007-11-09,324644.5984314506,,,,127459.00415765602
2007-11-12,293707.2595431121,,,,124221.18604590575
2007-11-13,308366.2502976248,,,,129342.88999391856
2007-11-14,307901.4957699114,,,,127685.29369863885
2007-11-15,304258.26737422514,,,,126996.21308865934
2007-11-16,318303.57460575295,,,,128167.53086389184
2007-11-19,313368.6452467442,,,,126688.32682618768
2007-11-20,315031.64571622835,,,,127197.04187534579
2007-11-21,313793.1692039216,,,,125692.40471221277
2007-11-22,313793.17145885905,,,,125692.40471221277
2007-11-23,316294.0062255475,,,,127042.09149735983
2007-11-26,315590.5138913314,,,,124849.43343132835
2007-11-27,316834.48567639885,,,,127345.86612931403
2007-11-28,331941.243329102,,,,131218.48793064043
2007-11-29,343462.01047425886,,,,131778.10329635887
2007-11-30,345627.6111212315,,,,130783.19336829132
2007-12-03,343956.586291367,,,,129686.36843076437
2007-12-04,336208.6813429954,,,,129150.14749212899
2007-12-05,346948.71537486336,,,,131468.144523343
2007-12-06,349437.6289195182,,,,133352.81575057298
2007-12-07,357375.25986567757,,,,133377.25364461035
2007-12-10,365775.122366822,,,,133911.3362116649
2007-12-11,349641.0475501182,,,,130801.40221353328
2007-12-12,356586.1515034797,,,,131972.58825936125
2007-12-13,363539.84530897904,,,,131258.01417675562
2007-12-14,362066.8222004967,,,,129906.51725024563
2007-12-17,342121.94934435654,,,,126745.64478055298
2007-12-18,349856.1041590767,,,,127152.3266449552
2007-12-19,352455.9306475716,,,,127125.92520526954
2007-12-20,357887.9143187599,,,,129723.96848345516
2007-12-21,373703.8081795769,,,,132281.2888024166
2007-12-24,379696.00923319627,,,,133275.03050437776
2007-12-25,379696.00923319627,,,,133275.03050437776
2007-12-26,387574.04739828873,,,,133937.1581637989
2007-12-27,381704.44854613114,,,,132329.1606897915
2007-12-28,376775.2486316161,,,,132200.61061060987
2007-12-31,340754.9062146799,,,,130669.1427881699
2008-01-01,340790.73088547913,,,,130669.1427881699
2008-01-02,340488.18801082566,,,,128602.10110079698
2008-01-03,341286.7398355018,,,,129136.75384130357
2008-01-04,336922.4350229191,,,,123473.47064449769
2008-01-07,334787.6186408506,,,,122885.79650552686
2008-01-08,332806.7301994372,,,,119696.7018760252
2008-01-09,333619.04239735357,,,,122246.22297051818
2008-01-10,332644.03160759096,,,,122423.81870844818
2008-01-11,331338.9050562215,,,,120025.3652738922
2008-01-14,334275.0069622488,,,,122115.82304451788
2008-01-15,330069.5432766826,,,,118748.29954423093
2008-01-16,324281.3386183737,,,,117472.08187662107
2008-01-17,318229.4600561718,,,,115838.86905987875
2008-01-18,320057.50170608424,,,,115684.97363959145
2008-01-21,320093.39895218075,,,,115684.97363959145
2008-01-22,321083.43632632797,,,,112700.15325927261
2008-01-23,320193.37492742273,,,,112265.7029167596
2008-01-24,324280.8700112945,,,,114560.08090784989
2008-01-25,324351.7140117173,,,,112212.89689186016
2008-01-28,325713.2311262571,,,,113079.10939170707
2008-01-29,325391.6523527502,,,,113282.21607710143
2008-01-30,323144.0917499651,,,,113179.27076176344
2008-01-31,325510.5278304629,,,,115116.60581610695
2008-02-01,327555.5423167775,,,,116288.77768604386
2008-02-04,328622.2125326197,,,,114655.79601753672
2008-02-05,324179.7309743254,,,,111390.57913332988
2008-02-06,322963.2428529119,,,,109196.62151921066
2008-02-07,322968.20450372156,,,,109960.783957813
2008-02-08,324267.2240746503,,,,111209.4354930185
2008-02-11,327140.8526359478,,,,112407.11515083609
2008-02-12,326206.30263553234,,,,111768.68226781097
2008-02-13,332493.96141517814,,,,114215.86671728214
2008-02-14,331610.3113884524,,,,112149.47010559058
2008-02-15,333037.20057761436,,,,111766.02173630211
2008-02-18,333073.2017578266,,,,111766.02173630211
2008-02-19,333582.2046745999,,,,111561.17628045024
2008-02-20,334473.5425472923,,,,112070.26284985259
2008-02-21,332525.6520037391,,,,110998.36439092942
2008-02-22,333751.2836804944,,,,111405.45912538923
2008-02-25,335466.791567912,,,,111965.6643497411
2008-02-26,335218.1970843626,,,,112398.1962913473
2008-02-27,334601.50424795214,,,,112958.28283548533
2008-02-28,333414.62765360717,,,,112523.87117276977
2008-02-29,331245.64280626515,,,,109539.73786528638
2008-03-03,331309.33232678875,,,,108824.95128696182
2008-03-04,330607.89641148655,,,,109436.02833076582
2008-03-05,333309.75759891444,,,,109970.5980480781
2008-03-06,331876.50268515444,,,,107547.4747822635
2008-03-07,328891.82614041097,,,,107291.6371875225
2008-03-10,323799.48219545867,,,,105225.53515696812
2008-03-11,329891.618012534,,,,109227.69575988305
2008-03-12,330937.40409742435,,,,108920.8733794242
2008-03-13,332316.7701723381,,,,109761.39759804953
2008-03-14,330213.59885969746,,,,107746.31824142841
2008-03-17,326870.765476789,,,,105782.28113274118
2008-03-18,331766.14922339376,,,,110498.14488479566
2008-03-19,326863.0035921434,,,,107769.2695299611
2008-03-20,327180.6738472724,,,,109970.32793248445
2008-03-24,330467.7682859284,,,,113771.22989041774
2008-03-25,333000.71919989586,,,,114408.24717425961
2008-03-26,333085.21459585254,,,,114075.62993179804
2008-03-27,332815.01443949505,,,,111548.76999879755
2008-03-28,332954.2104147811,,,,110986.59247818509
2008-03-31,332457.5776848019,,,,111572.50310773577
2008-04-01,335261.98206456495,,,,116342.66910761912
2008-04-02,336853.1227995502,,,,116086.68291486918
2008-04-03,346134.66730621137,,,,116340.82281023047
2008-04-04,362358.3758489462,,,,117028.81816354996
2008-04-07,364730.4665725772,,,,116772.70808615394
2008-04-08,370480.3867519104,,,,115878.81189965778
2008-04-09,370013.19932272116,,,,114576.7750459097
2008-04-10,375212.8003469079,,,,116208.67608808826
2008-04-11,370530.6839555602,,,,112993.20781616813
2008-04-14,378740.49459852674,,,,112482.07040952178
2008-04-15,382520.5122013024,,,,112634.21837261517
2008-04-16,397101.100160544,,,,115771.30296520003
2008-04-17,392480.2858905746,,,,115515.24170672195
2008-04-18,401022.5894693168,,,,119187.88819624197
2008-04-21,405790.4034353705,,,,120028.85906665273
2008-04-22,401374.4376334485,,,,118242.1317892563
2008-04-23,394746.8135464011,,,,119542.2416395554
2008-04-24,378549.6097684371,,,,120612.7432718097
2008-04-25,390270.99324310775,,,,120305.63416754032
2008-04-28,386524.5973160181,,,,120534.2521748644
2008-04-29,375974.20006334106,,,,121451.68077553369
2008-04-30,368734.92691750824,,,,120455.80881025415
2008-05-01,365422.10857908946,,,,124255.77148416491
2008-05-02,368091.9793972143,,,,124433.3426243801
2008-05-05,372928.0724402697,,,,124075.25522208936
2008-05-06,381503.18347889604,,,,124839.52911433822
2008-05-07,374575.2665617191,,,,122568.27935256982
2008-05-08,380149.6116625988,,,,123485.59552120067
2008-05-09,381189.5763976299,,,,122999.94922105334
2008-05-12,382002.7030217373,,,,125243.68111231878
2008-05-13,386843.3062623297,,,,125574.29594556273
2008-05-14,382218.13684828626,,,,125292.72115361496
2008-05-15,385002.84023879963,,,,127485.32023398283
2008-05-16,390744.42941307026,,,,127586.35095936728
2008-05-19,388921.86644037784,,,,126667.07822253396
2008-05-20,394046.7466264588,,,,125696.82801461006
2008-05-21,384236.5892845017,,,,122915.62011047413
2008-05-22,380742.9929824692,,,,123348.25143761217
2008-05-23,376899.7841931206,,,,122964.71690259167
2008-05-26,376899.7841931206,,,,122964.71690259167
2008-05-27,375347.8257003647,,,,125131.79659067633
2008-05-28,381459.8046637398,,,,125640.83978794291
2008-05-29,372690.42966183246,,,,126762.1012099242
2008-05-30,375559.5860563141,,,,127577.23975726473
2008-06-02,369102.37153736193,,,,126020.434834892
2008-06-03,369205.9896065765,,,,125330.80841418133
2008-06-04,366841.2026746951,,,,126936.61510928445
2008-06-05,371309.7776187725,,,,128950.41028781819
2008-06-06,369043.0330153471,,,,125072.75320009181
2008-06-09,369747.66347571823,,,,124408.66087379876
2008-06-10,368528.09836088435,,,,123821.05866456966
2008-06-11,368955.8121771045,,,,120836.21929053958
2008-06-12,369164.4412741375,,,,120962.76968497981
2008-06-13,372302.5263735969,,,,123384.59009005013
2008-06-16,374052.7014932505,,,,124480.25884152905
2008-06-17,376352.88006367045,,,,123816.14621926709
2008-06-18,375815.9656468072,,,,122489.13948664909
2008-06-19,373986.58639682026,,,,124400.76374784362
2008-06-20,373703.1872145809,,,,121041.39444622367
2008-06-23,376487.17173264537,,,,120096.1217336669
2008-06-24,374180.43356914504,,,,119482.7470762653
2008-06-25,374148.60532782064,,,,121421.30761483722
2008-06-26,371403.278894598,88642.18664784795,,,116520.61825997585
2008-06-27,372208.1915473441,88498.92756857992,,,116519.69369532335
2008-06-30,371137.04320555663,88570.1881017075,,,115293.86276430832
2008-07-01,371541.2274821481,87783.57492341925,,,116926.1510146887
2008-07-02,365833.3444924121,86496.57466591008,,,114118.17135401223
2008-07-03,364102.0727058942,86728.65309891925,,,113913.16679521289
2008-07-04,364142.34444689157,86728.65309891925,,,113913.16679521289
2008-07-07,365019.19398939336,86549.71843141555,,,114601.1822980257
2008-07-08,365677.51881615963,86710.32008211178,,,117330.68813684299
2008-07-09,366502.5263358091,85709.22770668604,,,114216.5965075382
2008-07-10,369472.41311816446,85566.05977938957,,,115568.18823746816
2008-07-11,369998.4792621543,85190.51739329474,,,113729.96610288865
2008-07-14,372185.48289774073,84904.35270968938,,,112887.03676477908
2008-07-15,368654.3016243838,83599.52295106668,,,112911.68594260233
2008-07-16,369681.0872080355,85314.92493332506,,,115717.59614853191
2008-07-17,367993.83717559755,86404.81800855849,,,116482.17577505506
2008-07-18,367707.636592197,86315.20346251395,,,113802.05304197961
2008-07-21,370150.2120725688,86583.05698110982,,,114285.96744686126
2008-07-22,368342.0176940623,87065.33906499512,,,114285.0606175327
2008-07-23,363396.311474107,87744.17714270897,,,115789.54582825681
2008-07-24,361735.05351181247,85813.89412980615,,,114053.55923575565
2008-07-25,363207.7271683126,86188.8903493451,,,115532.52435549536
2008-07-28,363578.13046576723,84812.63203959384,,,113362.8666605146
2008-07-29,365824.9604646512,85634.4534734059,,,115709.33268771734
2008-07-30,370547.9449223083,87063.8885325844,,,116295.21735071443
2008-07-31,367756.4810144176,86187.93306333027,,,116013.65543300644
2008-08-01,366624.55354597635,85687.3713952085,,,114532.88957568326
2008-08-04,361505.6308138795,84436.1365008692,,,113383.84341173661
2008-08-05,359943.57356835,86508.93107520854,,,117210.04926290007
2008-08-06,361335.49355418456,87080.54008436127,,,118994.99939775556
2008-08-07,360346.99895782035,85096.69183311262,,,118075.61467280204
2008-08-08,358860.5107014276,86222.24750975541,,,120753.53468304871
2008-08-11,357088.71917929867,86740.26208766161,,,121849.67672375693
2008-08-12,357433.4686820579,85542.71525349004,,,121976.26706889729
2008-08-13,361417.28558979,84595.32569790003,,,121720.16419998439
2008-08-14,361352.8118041878,84970.41048676895,,,123122.39582900607
2008-08-15,359790.49453888956,84898.6947862521,,,122891.78291154772
2008-08-18,359067.49738300516,83486.66781287598,,,121462.1491103564
2008-08-19,361006.285154427,82771.64732960766,,,119955.99766005171
2008-08-20,363908.04725562705,83521.95374192503,,,120159.15930833515
2008-08-21,365644.6994780087,84165.04252129713,,,119596.91522310201
2008-08-22,365442.69032781926,84611.56111004809,,,121177.73575850074
2008-08-25,363873.8855743371,83056.65227571271,,,118625.67664768008
2008-08-26,364667.40462415456,83485.27692457194,,,118471.61554130616
2008-08-27,366042.72404443234,83592.32722666928,,,119236.01976466889
2008-08-28,366350.40278262616,85361.160049542,,,120204.41381378102
2008-08-29,365926.0511110361,84592.50698977498,,,117678.02686945962
2008-09-01,365966.56043561414,84592.50698977498,,,117678.02686945962
2008-09-02,361121.67060439003,82233.48706426461,,,116223.00981648354
2008-09-03,358183.6065094915,82519.20815843619,,,115125.14933973535
2008-09-04,354791.39138674154,79481.1339629814,,,111399.88462823795
2008-09-05,356161.42921223934,78962.67521491415,,,110863.28070091571
2008-09-08,352155.8589449821,81196.12044408088,,,110658.32961575675
2008-09-09,345665.4265174078,79176.65649658174,,,108310.59232481779
2008-09-10,349035.43843633804,79819.74409274793,,,109202.60472167132
2008-09-11,350989.30119866814,79765.93527500433,,,111242.35861100857
2008-09-12,353154.3749689525,80659.13872919828,,,110807.87751887832
2008-09-15,347817.3603299904,77353.12947026169,,,107363.40146053757
2008-09-16,351188.89043324045,78639.5102878336,,,108204.29844053331
2008-09-17,348177.776846857,74386.45108339081,,,102591.76497842287
2008-09-18,350541.4638809226,78299.5514376644,,,106059.933530027
2008-09-19,355873.50585948175,82963.13249129753,,,109525.32159263332
2008-09-22,353337.83682090946,79960.9206645127,,,104368.56372283735
2008-09-23,350094.076669588,80478.904460444,,,103576.50203078527
2008-09-24,350426.0173142438,77941.28984736807,,,104290.29187238718
2008-09-25,349945.2681707798,80156.79868097308,,,105948.55533482155
2008-09-26,345001.38655968575,80924.95658493701,,,104875.73501837565
2008-09-29,338323.87676571554,75796.3865162091,,,96554.30567121366
2008-09-30,342459.10962120764,76886.17352169684,,,99335.54243057592
2008-10-01,341448.46184076386,75760.26881030924,,,98288.34518597437
2008-10-02,331606.6575968719,71685.97071621378,,,93821.08186458441
2008-10-03,330461.0365033418,71060.35788177884,,,92365.55272745137
2008-10-06,328936.35324451764,67665.14706585441,,,88995.94256956213
2008-10-07,323958.4345123996,64555.87051346612,,,83354.84137755538
2008-10-08,326242.22024954605,63555.05250991073,,,82690.60575003161
2008-10-09,323230.4637593958,60517.22199393745,,,80469.5797998135
2008-10-10,322593.4508166972,58605.15750823587,,,79958.53205494782
2008-10-13,329221.0272985171,66484.90273460858,,,89681.48005582984
2008-10-14,329180.56455265626,67896.3375582172,,,85801.57127053455
2008-10-15,322499.9781181839,59658.89784951073,,,78119.14150565705
2008-10-16,326131.3095122637,61070.32383904229,,,82354.906530966
2008-10-17,325400.8279399524,60480.51831933187,,,82456.32188622381
2008-10-20,328235.18705178093,64715.0518533785,,,84752.49060562834
2008-10-21,326239.0092893088,60712.45206934287,,,80362.39392908254
2008-10-22,321985.2235290497,56263.17933831903,,,78141.53374276629
2008-10-23,319928.9856680415,56137.94025931914,,,77834.6663242163
2008-10-24,318850.41963186755,55726.82173909444,,,75333.16934620655
2008-10-27,317116.56044506835,52617.669326800424,,,73240.0016017279
2008-10-28,320999.7986333595,55780.11954416098,,,81328.95237471502
2008-10-29,322167.5703552959,59889.52724094974,,,81124.1316643089
2008-10-30,326443.2860702939,60407.51795055455,,,83828.45059482621
2008-10-31,327693.2608131902,60407.350242977,,,83955.38110642071
2008-11-03,326872.1204889435,60442.93192151936,,,83776.08481453512
2008-11-04,328056.1682691439,63694.64729486618,,,86148.58400709905
2008-11-05,322932.20515828265,60353.24578858943,,,81656.78989999293
2008-11-06,319968.37266074173,56797.47805498467,,,78007.12279320866
2008-11-07,321898.09033113334,59566.72722166228,,,79614.10752953787
2008-11-10,320664.24317583686,59012.69598525883,,,78541.75427346896
2008-11-11,319354.3170707255,56671.92166259315,,,76831.49236154598
2008-11-12,316858.6130569429,54081.029245106074,,,73284.02792175645
2008-11-13,321937.5186188639,58118.84385062291,,,77748.86098321962
2008-11-14,318881.5450641498,54652.47540363251,,,73971.83012067995
2008-11-17,317038.6193563967,54187.78910683702,,,72414.77594972163
2008-11-18,317845.66883876343,54580.71029001733,,,72337.64343998216
2008-11-19,313499.4566946339,50971.43267104317,,,68560.728480036
2008-11-20,310777.98635988706,47594.440455358716,,,65243.151947140286
2008-11-21,315540.1413868646,51328.4949609994,,,68074.84518061143
2008-11-24,318777.99202777573,53990.48587764325,,,72233.29448671342
2008-11-25,319626.5868649967,54544.214863062436,,,71901.00400213437
2008-11-26,321082.7003809016,55866.19455429111,,,74911.17739231256
2008-11-27,321118.33602775243,55866.19455429111,,,74911.17739231256
2008-11-28,320890.3334528675,56294.84105485565,,,74323.76338710196
2008-12-01,314903.4900946594,51667.23662459023,,,68735.53560792732
2008-12-02,317991.04672802764,54132.676190109705,,,71031.266422786
2008-12-03,318931.77522623766,55222.367180160494,,,73046.28362400824
2008-12-04,316861.884125229,53167.60521542369,,,70979.10137773641
2008-12-05,319565.57585837925,54864.769112956164,,,73861.55610180063
2008-12-08,321604.3856541601,57133.62124658163,,,76769.50625761907
2008-12-09,319225.37379294925,56311.62302507097,,,76590.30243560729
2008-12-10,320162.1841279529,57454.875623950975,,,76334.5412716197
2008-12-11,316655.6887684001,56597.14933433016,,,74241.9026125607
2008-12-12,317390.6100010422,57115.12596208578,,,75746.5399631402
2008-12-15,315978.1235946175,56668.30316197207,,,74419.33625835052
2008-12-16,319299.4219440125,59758.99053940477,,,77990.4141634474
2008-12-17,315375.8902413166,59472.94893926045,,,77045.86378578896
2008-12-18,314257.05116037093,57632.59976006567,,,75693.14743817634
2008-12-19,311132.31867459975,57418.05288470673,,,76313.35297426376
2008-12-22,309389.6056189891,56792.59018829115,,,74652.08594022253
2008-12-23,307799.0774646159,56274.3138335121,,,74268.28493670326
2008-12-24,310711.56269983016,56639.191812885976,,,74472.09618739443
2008-12-25,310711.56269983016,56639.191812885976,,,74472.09618739443
2008-12-26,310807.33431485854,57124.55181035307,,,74445.96678677465
2008-12-29,310146.0835805293,57088.41319601393,,,73832.21835111897
2008-12-30,316795.74546960555,58580.743342214526,,,75364.46404793393
2008-12-31,321010.22811711766,59335.80294718667,,,76002.56908366537
2009-01-01,321033.4561628037,59335.80294718667,,,76002.56908366537
2009-01-02,322705.2102754011,60935.96297564375,,,79297.49916862884
2009-01-05,322604.9383181689,61115.60714480943,,,79271.32118228122
2009-01-06,317062.2427822928,60899.66006113652,,,80062.66619605324
2009-01-07,313312.3473013574,59550.90088758664,,,77788.40650634503
2009-01-08,314923.9247500496,59352.95898719663,,,78605.253745177
2009-01-09,309944.5606438289,57914.29346028864,,,76841.94019491608
2009-01-12,309317.6507750552,56439.65679888786,,,75436.3468447841
2009-01-13,308288.65273466683,55954.027635053695,,,75461.29032158596
2009-01-14,299568.55747754005,53993.94345554954,,,73161.62125023584
2009-01-15,304014.5158902109,54623.10384124423,,,74361.63588229039
2009-01-16,308434.6809785183,55288.24943273756,,,75178.4939945908
2009-01-19,308434.70233998826,55288.24943273756,,,75178.4939945908
2009-01-20,298542.63242015213,51224.446189628805,,,71448.3619425424
2009-01-21,303381.4290586186,53975.369588149864,,,74487.59905222035
2009-01-22,298631.6924518688,52932.30419586502,,,73490.78849655403
2009-01-23,293452.2826766882,53004.10891966365,,,73847.8071376874
2009-01-26,296144.57315927633,53363.53957022394,,,74383.6590914224
2009-01-27,296380.3254755709,54388.28927743485,,,74919.46298158904
2009-01-28,300456.6277400723,56060.353508823784,,,77549.85623347388
2009-01-29,297390.5523434179,53668.76788826225,,,75582.39234567652
2009-01-30,294243.883732249,52895.474639360014,,,74253.55562270008
2009-02-02,295053.13245706726,52805.44831364373,,,75146.99034140319
2009-02-03,301314.41758876015,53848.14921427803,,,76321.33009095381
2009-02-04,298164.71715347935,53470.410238908225,,,76422.90291016139
2009-02-05,299563.77605908085,55807.69243392704,,,78108.08458798881
2009-02-06,304694.992634769,56131.193812702666,,,80150.82978156702
2009-02-09,305588.9444968658,55969.20529165591,,,80482.23732021688
2009-02-10,295763.49081444315,53361.91004217602,,,77518.75257859631
2009-02-11,296706.4307196098,53739.36111106,,,77160.57839699916
2009-02-12,297459.79464327864,53613.34753635922,,,78104.98612080052
2009-02-13,294315.6559948879,53415.42588903022,,,77746.77341282468
2009-02-16,294315.6559948879,53415.42588903022,,,77746.77341282468
2009-02-17,287045.0139393764,50556.474229906074,,,74655.72351961774
2009-02-18,289593.4707306581,50250.67717167738,,,74706.2675860993
2009-02-19,291244.92756866984,50106.68642214317,,,73556.32755961125
2009-02-20,289185.92581486277,48578.26725810248,,,73760.06022636426
2009-02-23,284132.6300525623,47804.99542812109,,,71179.91534075317
2009-02-24,291181.33435773425,49674.758866905504,,,73529.02923918124
2009-02-25,289659.84934420383,48955.43751807309,,,73043.15832789197
2009-02-26,277280.7485766867,48613.69890773264,,,70999.46428565656
2009-02-27,273210.6504312018,47858.398599212895,,,70334.90520322754
2009-03-02,268364.78448872233,45413.07634534366,,,68061.35528641519
2009-03-03,269624.23410792474,45035.36471896392,,,68009.7503943027
2009-03-04,270878.04227484483,46941.05538067196,,,69822.4221560168
2009-03-05,269965.2504785141,45017.12694056557,,,67727.71979184117
2009-03-06,269559.9340449901,44855.19234404221,,,67190.86947203518
2009-03-09,268708.96756813955,44081.9672923247,,,65760.21365817603
2009-03-10,270956.41320071893,47210.22372648474,,,69820.20640620099
2009-03-11,270675.92974322394,47246.047859818675,,,70892.24729285431
2009-03-12,273250.8324902912,48989.902748882196,,,73241.09451252654
2009-03-13,273821.535890076,50374.14327436242,,,73419.2942894329
2009-03-16,272810.73633286287,49277.28478280438,,,72192.95304221744
2009-03-17,274422.9205765396,50733.4513175205,,,74924.79504773469
2009-03-18,274616.4800165695,51919.924710247695,,,75869.05932508674
2009-03-19,274102.67085983616,51650.09128988235,,,75817.40297904485
2009-03-20,273762.96331154107,50715.04658511223,,,74663.21135539905
2009-03-23,274888.84057207755,54634.28259408418,,,79062.05783178196
2009-03-24,270662.8040058334,53069.96502904337,,,77603.49404400306
2009-03-25,275605.01455887116,53806.93829595892,,,77960.97092114695
2009-03-26,283799.93649939855,54723.7028173806,,,80364.64415363921
2009-03-27,278796.21028650634,53213.36392031942,,,78854.92848963551
2009-03-30,277142.1851370448,51019.8448022932,,,76910.44545314259
2009-03-31,276619.9494159133,52080.414585519255,,,77574.8165837157
2009-04-01,279972.5468445109,53176.9521065201,,,78725.16486817547
2009-04-02,277712.65643868863,55424.10293557475,,,81256.62800672255
2009-04-03,278272.6578831893,55675.66335113041,,,82764.98453833016
2009-04-06,280332.6692104684,55100.174857290185,,,82559.70604845913
2009-04-07,273675.8408021091,53841.57217429254,,,80385.09056139908
2009-04-08,279986.44823731924,54686.39234859332,,,81739.96120760722
2009-04-09,284136.6018756957,56591.898618194966,,,84271.29994112192
2009-04-10,284136.60208220955,56591.898618194966,,,84271.29994112192
2009-04-13,280282.5007429426,56933.33475527108,,,84142.75168355429
2009-04-14,279301.4563371085,56160.134825436755,,,83119.09462304955
2009-04-15,280090.20611789636,56843.121719959614,,,82888.2486740835
2009-04-16,286109.06936259277,57508.17335572444,,,85035.87377715432
2009-04-17,288047.87371363846,57400.116054706836,,,85214.22264460861
2009-04-20,283983.5417345863,54775.20088861412,,,82477.11217438667
2009-04-21,285132.00415720965,55997.55957630747,,,83627.25762415999
2009-04-22,284486.8228592361,55673.80861702276,,,83882.38437183236
2009-04-23,286769.1656015146,56842.17488767337,,,84700.03218894592
2009-04-24,286591.44408763177,57471.26833999168,,,86182.61511441947
2009-04-27,287999.22303297295,56823.88328747691,,,86284.22240226921
2009-04-28,288454.83757204446,56356.3410434523,,,85644.21801845128
2009-04-29,284197.7947930307,57830.307548828685,,,86819.92366759833
2009-04-30,284754.9164126782,58351.501301283,,,87688.67696096537
2009-05-01,280198.4469954037,59034.47429664907,,,87918.15142296719
2009-05-04,289144.273372745,61299.453509316445,,,89656.35571701112
2009-05-05,289133.82108228875,60939.744525659546,,,89578.93535537441
2009-05-06,289596.9313634875,61910.33487849467,,,89603.80725636646
2009-05-07,283580.4597473188,61209.08991928803,,,87506.21724422289
2009-05-08,281675.03257432126,63384.13028778606,,,87556.64789492878
2009-05-11,280227.59350850777,61550.27944383098,,,87862.84160374376
2009-05-12,277524.32125353423,61891.69684066819,,,86788.13113568722
2009-05-13,270686.9874640069,60093.80114445193,,,84460.51962609573
2009-05-14,272809.35609528056,60543.0677660398,,,85405.93868214605
2009-05-15,272411.42184421106,60219.30450226689,,,85354.12685165834
2009-05-18,277727.9365323167,62556.118479707955,,,87578.0664919371
2009-05-19,279701.77141475695,62807.617464879295,,,87986.51220949134
2009-05-20,276119.27762114897,62771.502774511966,,,87678.93710732654
2009-05-21,275381.59532689414,62196.09557016358,,,86067.39280467053
2009-05-22,276416.0111053525,62411.623425097816,,,85785.4067173954
2009-05-25,276416.0173297522,62411.623425097816,,,85785.4067173954
2009-05-26,286257.6555636043,63705.7444766965,,,88980.89386460054
2009-05-27,279204.23419371166,62627.02108398754,,,88366.55499745927
2009-05-28,280084.2468771864,63633.49116079083,,,89388.5860361672
2009-05-29,283593.77635934245,64532.13649507399,,,90487.35596969647
2009-06-01,291790.7495729915,66437.47502648173,,,93069.04654752437
2009-06-02,293653.28548447485,66329.4321290048,,,93196.11270298231
2009-06-03,291700.101852932,64945.07681312319,,,92914.13648492825
2009-06-04,292328.0177510629,65574.05892919676,,,93961.64119765705
2009-06-05,291677.90604343027,65250.304246514155,,,94063.20918982077
2009-06-08,291477.89037535514,64944.53587890261,,,93781.22149331587
2009-06-09,295139.9271706725,65519.57929648629,,,94496.33881110429
2009-06-10,292501.64739270834,65321.65854903039,,,94163.25870992026
2009-06-11,288923.3852475673,66310.17362919179,,,94162.51158462929
2009-06-12,287722.0914097838,66130.21615750565,,,93727.10736574228
2009-06-15,283383.4382326259,64116.71703001796,,,91808.9291738872
2009-06-16,276975.169933013,63253.72538272958,,,90913.30643655875
2009-06-17,279564.81100130203,62983.9019362313,,,91781.81649888665
2009-06-18,278447.7795998394,63127.54017961229,,,91602.19355836307
2009-06-19,282130.6459953491,63307.10088626533,,,92584.36078393192
2009-06-22,275247.54787527636,61365.57861869432,,,89819.17787637832
2009-06-23,271448.0620917048,62030.51090743171,,,89613.68830361772
2009-06-24,271053.11283157987,62605.55980100657,,,91123.1598301846
2009-06-25,279763.8088044758,63935.563969630726,,,92914.18671882636
2009-06-26,280039.50879173074,63971.32418217267,,,93118.1650978125
2009-06-29,282310.7270870158,64492.431531491144,,,93322.29266775415
2009-06-30,279438.4438288223,63413.73796808469,,,93142.35834693149
2009-07-01,278476.87036895496,64545.9994970946,,,93192.76877506681
2009-07-02,268607.88607508224,62640.44926393874,,,91144.45290956917
2009-07-03,268607.88654966874,62640.44926393874,,,91144.45290956917
2009-07-06,266519.60890142195,62550.387429317474,,,90657.38296415556
2009-07-07,256004.26063342227,61291.965808749366,,,88404.35177850873
2009-07-08,249316.47866373754,61130.03417636385,,,88864.34211341066
2009-07-09,257024.8718917228,61669.10275726276,,,89017.22608769631
2009-07-10,256153.5228409624,61381.3422427421,,,89400.41597848269
2009-07-13,263732.5818007534,62567.50245218763,,,91114.48423862249
2009-07-14,266932.4231061465,62980.75445495219,,,91446.49954211223
2009-07-15,279571.8133453527,65137.553686109226,,,94516.99444738384
2009-07-16,283316.69613309327,65442.952086071,,,95642.33507172686
2009-07-17,282110.5532048362,65586.54559565273,,,96153.44380615054
2009-07-20,287037.33944916376,66826.64679439492,,,97074.06234696033
2009-07-21,287577.7135009769,66826.46125590392,,,97738.67443636419
2009-07-22,291909.3018768563,67023.97868699436,,,98556.88791468719
2009-07-23,306778.7200758215,68515.69180444206,,,100731.43745965406
2009-07-24,304876.0260869931,68695.27043191603,,,99962.86163124429
2009-07-27,308958.37172149395,68946.709537656,,,100729.83895860983
2009-07-28,308996.8854084985,68658.90848060811,,,100038.04499475748
2009-07-29,306380.318829573,67921.77039079473,,,100702.613165813
2009-07-30,322605.5926015826,69305.60416586285,,,101290.4813617815
2009-07-31,328462.0702062873,69826.68333634935,,,100982.62890138767
2009-08-03,335346.1365764436,71336.25747542839,,,102491.60195137165
2009-08-04,333288.1448028146,71102.44121520937,,,102490.78872811844
2009-08-05,341621.6488633666,71030.34383686242,,,101696.66653925978
2009-08-06,339040.30705516145,70562.8280749439,,,100800.23318632673
2009-08-07,346071.9669717452,71065.87924652403,,,102078.92182724139
2009-08-10,344400.11992633686,70616.34830106987,,,101361.60855464316
2009-08-11,339589.7862751148,69861.24591377401,,,100490.74565050672
2009-08-12,342582.7334958297,70633.92841906272,,,102050.91187388351
2009-08-13,345583.2131346261,71514.43483620638,,,102613.00726255591
2009-08-14,337038.3115145269,70777.32833493357,,,101435.0968749618
2009-08-17,322672.06318286096,68674.22678983463,,,98491.64262014984
2009-08-18,329115.41000817204,69608.62253077814,,,99898.25410311193
2009-08-19,331714.949437617,69896.02611168657,,,100588.33458002143
2009-08-20,337868.73915633257,70704.6694484667,,,101764.56143078247
2009-08-21,342961.9022524402,72142.3446937764,,,103119.92214994544
2009-08-24,334539.9164466775,72231.96873740426,,,103016.73348221286
2009-08-25,343998.29669671075,72429.52776681351,,,103322.9798758317
2009-08-26,344106.30613034376,72195.63908888954,,,103143.03435039056
2009-08-27,350275.246114621,72411.14887887573,,,103398.16422734947
2009-08-28,355139.35356966086,72392.92134140726,,,103499.68844195962
2009-08-31,354571.86690388934,71691.79805564212,,,102449.7499355257
2009-09-01,340870.4169111184,70127.9396036817,,,100529.99717342136
2009-09-02,336729.9695801596,70253.54539142156,,,100452.38925662235
2009-09-03,344728.5773341142,71026.20242793066,,,101116.81685594676
2009-09-04,347548.5287916763,71924.64499869353,,,103290.9125314423
2009-09-07,347548.52888235,71924.64499869353,,,103290.9125314423
2009-09-08,352189.7035097419,73236.44356196723,,,104262.36018293479
2009-09-09,356433.2329306955,73901.27302864846,,,105156.99587164198
2009-09-10,358904.7765902582,74673.88143483034,,,106153.98934876562
2009-09-11,354475.9055052184,74583.84302396936,,,106255.54081559775
2009-09-14,357860.2468644972,74817.2858137443,,,106664.03247512264
2009-09-15,359779.23547658714,75140.58280671768,,,106995.71225883061
2009-09-16,363032.1899545407,76434.37453509429,,,108555.51826970893
2009-09-17,355844.4230575188,76308.36530639656,,,108529.11572576917
2009-09-18,357526.5874075059,76344.09034554524,,,108710.06626697267
2009-09-21,357284.84442317847,75714.83703377844,,,109042.19327865461
2009-09-22,361289.83649979444,76792.9575978426,,,109246.17192004847
2009-09-23,360922.31144938647,75822.26630708933,,,108733.14308942566
2009-09-24,356750.73414598376,74707.749598498,,,107759.13510989942
2009-09-25,355039.68773854256,74527.81023554863,,,106810.7615633714
2009-09-28,363679.27798978303,75641.89831170003,,,108628.0797277808
2009-09-29,362326.42800089193,75533.86966564163,,,108140.67934860682
2009-09-30,359974.56891205366,75443.7772759114,,,108216.6312571965
2009-10-01,347819.2859979645,73484.6286488101,,,105014.88995432708
2009-10-02,343543.6133672633,73124.96574343875,,,104706.7540059436
2009-10-05,352753.8238800002,74131.20487795,,,105550.95941871335
2009-10-06,359038.99154344795,75047.56672554472,,,107419.34583413393
2009-10-07,358197.75654820795,75406.81422816905,,,107725.83402487429
2009-10-08,359127.32098692766,76448.96917062954,,,108185.90739027363
2009-10-09,359602.2075170016,76556.5830978755,,,108799.59612847913
2009-10-12,367762.77199341776,76951.70389927368,,,109029.21581854083
2009-10-13,366706.25243707316,76789.75931971651,,,109053.87697051471
2009-10-14,377157.7170487943,78586.71578797558,,,110538.11594148018
2009-10-15,378002.7403212743,78676.36753127078,,,110281.23551201611
2009-10-16,372323.3987334712,77777.57670508372,,,109563.3514104496
2009-10-19,381946.9626959227,78873.62945451715,,,110663.55205643264
2009-10-20,380781.7383931591,78064.65245574356,,,110688.27821515306
2009-10-21,379893.1541217464,77758.95404670462,,,110482.52251768821
2009-10-22,385888.0338441347,78549.47204494265,,,110916.94487620294
2009-10-23,379614.90205068036,77470.99204232678,,,110455.2107454406
2009-10-26,375447.62967038614,76428.43241246542,,,110095.8976403954
2009-10-27,361647.2213173668,75781.26964689612,,,108430.71303507518
2009-10-28,348167.83584682224,73660.47257089177,,,105997.56582397333
2009-10-29,359996.9295497127,76230.11629955833,,,107789.01218633215
2009-10-30,346587.0791252951,73534.26738959,,,104894.94880332456
2009-11-02,357421.4228950382,74019.28195947611,,,105329.39132496032
2009-11-03,363859.4945021291,74180.79064956548,,,105661.39555028328
2009-11-04,361469.6038925452,74665.79574334764,,,105839.77119456763
2009-11-05,371536.1679602457,75887.65216754585,,,108450.32631529648
2009-11-06,373572.2599765051,75887.44145959547,,,109089.50572905803
2009-11-09,385356.77339921304,78151.4886274949,,,111418.4121235772
2009-11-10,392526.5932347973,78007.50883448159,,,111699.17500013644
2009-11-11,395647.85326993617,78474.55242834959,,,112415.10507026747
2009-11-12,395645.256271525,77342.18761674587,,,111774.13706481598
2009-11-13,399992.4982139138,78132.68159857787,,,112694.84852900886
2009-11-16,405366.7482436404,79354.42487935582,,,113846.07288342102
2009-11-17,408002.3121797394,79174.52098705307,,,114203.54942822683
2009-11-18,404453.36834309547,79839.1817867527,,,113562.62139587685
2009-11-19,397089.98030706914,77880.19145602752,,,111795.39269209173
2009-11-20,395492.38555897656,77358.83793357555,,,111231.29262715028
2009-11-23,401459.58819675626,78652.51079045428,,,113022.34282857022
2009-11-24,398982.96726303373,78220.95618026426,,,112637.44736090276
2009-11-25,403311.5248306201,79155.20350690265,,,113122.93377584213
2009-11-26,403311.5260743811,79155.20350690265,,,113122.93377584213
2009-11-27,392931.0014818542,77106.42966458801,,,111406.91974845443
2009-11-30,392992.11314572504,77447.65608270868,,,111534.01723434299
2009-12-01,400373.18233216804,79082.67053661252,,,112685.01270391842
2009-12-02,403444.23524386185,79226.26757168378,,,112837.73000299787
2009-12-03,400213.8127271544,78686.90872754397,,,112376.17328170939
2009-12-04,402857.9179863913,78830.45123612072,,,112963.97314964885
2009-12-07,399948.4497199026,78416.91379579276,,,112425.53988605652
2009-12-08,396817.83527105674,77374.46830230602,,,111733.49733466038
2009-12-09,400065.4476552576,77518.02322698131,,,112858.9294932051
2009-12-10,401966.92927038576,77877.16411174399,,,113421.10991710854
2009-12-11,399914.3832162642,78002.74385175708,,,112985.09953638216
2009-12-14,406786.1096790501,78613.51251696821,,,114059.2229420137
2009-12-15,403668.6991409786,78020.2835756639,,,113418.41004239647
2009-12-16,410499.87842871743,78487.29100021366,,,113571.1544530733
2009-12-17,404295.02842548344,76941.66234929861,,,112187.99527270225
2009-12-18,406268.7971386696,77300.8785917709,,,114015.22956083661
2009-12-21,409815.29890333605,77713.91621002222,,,115296.17560720039
2009-12-22,414311.7146396068,78162.99649507445,,,115987.5182809031
2009-12-23,421564.04204626585,78594.0020128804,,,116832.65743650927
2009-12-24,424471.38885799336,79071.79554265876,,,117908.52073377997
2009-12-25,424471.3901055358,79071.79554265876,,,117908.52073377997
2009-12-28,424991.46882213064,79254.02218529402,,,118522.8842010841
2009-12-29,420800.4687890421,79217.33392154801,,,118034.84761588907
2009-12-30,420432.4151524912,79052.93523053135,,,118392.79500051799
2009-12-31,412614.52250128536,78651.30355375432,,,117315.11070220302
2010-01-01,412614.52307217947,78651.30355375432,,,117315.11070220302
2010-01-04,419309.32556500053,80493.85798992425,,,119031.8121123284
2010-01-05,422543.5414752435,80730.81224366195,,,119030.867617566
2010-01-06,416401.0448354058,81131.98196186483,,,118312.15542311095
2010-01-07,411832.84400205855,80821.58524588551,,,118388.09795908454
2010-01-08,414471.24675975915,81350.43108032011,,,119361.35310898075
2010-01-11,413388.5936784806,81605.66634781047,,,118873.3295157927
2010-01-12,405747.10393833,80693.19424747239,,,117385.4968135269
2010-01-13,413603.2025175637,81313.29621121769,,,118845.81675650821
2010-01-14,411188.81458326534,81531.99757203445,,,118947.41193300199
2010-01-15,407536.5464653529,80637.74434552381,,,117562.18526293455
2010-01-18,407536.5470371555,80637.74434552381,,,117562.18526293455
2010-01-19,409671.1740033126,81586.30244547689,,,119458.20712824647
2010-01-20,403123.2034096235,79962.27474110277,,,117739.74307873692
2010-01-21,406188.61467770376,78192.33947901861,,,116636.5836110586
2010-01-22,391845.4078781254,76586.60089404309,,,113226.24898819475
2010-01-25,393014.50923607365,77170.22575289648,,,113609.88150695302
2010-01-26,394298.0492270698,76786.87276378665,,,113711.42231436116
2010-01-27,400800.42448998394,76512.99550075758,,,114607.73713862292
2010-01-28,394524.3321430985,75381.66368866946,,,111659.03419391184
2010-01-29,385575.39385284495,74633.4437843266,,,109710.02073090867
2010-02-01,392415.6479397646,76147.48908848276,,,110913.86601269133
2010-02-02,397403.45856439514,77314.88337710993,,,111912.68043099505
2010-02-03,400848.30430530425,76657.90103392705,,,112526.98069074035
2010-02-04,384710.41918367863,73939.3185849504,,,109270.77443719747
2010-02-05,385474.0649154073,73300.57956072387,,,110192.64131066273
2010-02-08,386236.7675043279,72826.0259124783,,,109397.19968001689
2010-02-09,394164.6557427263,74394.79141358678,,,110524.14473678854
2010-02-10,396727.081888808,73993.24763365138,,,110292.56440637284
2010-02-11,402456.05810525833,74959.94967559607,,,111957.73162871378
2010-02-12,402010.2798581189,74503.62672901027,,,112187.4301993419
2010-02-15,402010.28043157706,74503.62672901027,,,112187.4301993419
2010-02-16,407527.93120119354,76035.88523954617,,,113621.95956900492
2010-02-17,408362.1282846556,76327.59235905715,,,114261.82393785502
2010-02-18,423553.86621359474,76765.24162085309,,,114978.5536562704
2010-02-19,421674.6086844908,76582.56065503224,,,114926.4101896769
2010-02-22,421782.1186034182,76655.34690258195,,,114694.80773719453
2010-02-23,415283.57096150785,75268.62255251878,,,113207.38368932734
2010-02-24,418384.5374540875,75906.9559093471,,,114359.79576946983
2010-02-25,416707.54545447114,75742.52394093685,,,114333.26795881949
2010-02-26,419717.28247457964,76180.16254680294,,,114742.43042123843
2010-03-01,426518.42520607356,76854.94213513905,,,116407.45071402212
2010-03-02,428435.18652885803,77511.47354027806,,,116765.30552964447
2010-03-03,424190.42944957747,77766.68466932641,,,116892.56714305795
2010-03-04,424737.95399989386,77912.38851765028,,,117276.02051625744
2010-03-05,429110.9712069526,79298.65288399236,,,119043.45579272036
2010-03-08,429650.2141668764,79389.65884003589,,,119273.19471365951
2010-03-09,428310.83043310925,79389.43840428919,,,119938.58435936469
2010-03-10,431447.12834190903,79754.0457472937,,,120911.47642698514
2010-03-11,434316.9231045718,79899.80184883169,,,121371.80539150849
2010-03-12,434436.0124029062,80045.53222327022,,,121396.41538174888
2010-03-15,434136.9090237773,79716.93829987112,,,121087.9464508067
2010-03-16,441729.1477200309,80610.59463072325,,,121855.7775361899
2010-03-17,443788.673792723,80956.93967162159,,,122187.9853429345
2010-03-18,441648.22865115525,80646.59974523417,,,122597.02863014056
2010-03-19,435649.83878077084,80044.42094135802,,,121854.69213690085
2010-03-22,445761.9426104485,80263.05361324479,,,122956.79829363593
2010-03-23,454646.13439277466,80974.29914156016,,,123802.41516898313
2010-03-24,452942.42261926545,80317.35869207859,,,123211.39567913667
2010-03-25,449473.1446579323,80061.76054958833,,,123030.84439012538
2010-03-26,450289.635884561,80371.65818184,,,123158.16300465062
2010-03-29,453927.364342479,81119.3674956394,,,123747.1524727664
2010-03-30,453366.8743689589,81319.77004644375,,,124156.58578571332
2010-03-31,451152.5254905216,81246.59070351988,,,123565.59817322399
2010-04-01,452975.66879916115,82249.68785289953,,,123564.6176960325
2010-04-02,452975.66879916115,82249.68785289953,,,123564.6176960325
2010-04-05,458704.3599984638,82869.66581243809,,,124717.96318011843
2010-04-06,459010.55583167,82887.70384320353,,,125076.12339925727
2010-04-07,456062.01786684914,82249.00271398753,,,124767.31481391605
2010-04-08,456755.1790206425,82376.47116610628,,,125048.4788809305
2010-04-09,461028.5518805973,83178.8775209081,,,125791.34969107235
2010-04-12,463507.01472449227,83342.81874422936,,,125892.90938427173
2010-04-13,466158.2538964741,83269.63041984497,,,126533.21593786548
2010-04-14,476079.05786108895,84272.67473862007,,,128045.55010585807
2010-04-15,482268.45858263894,84181.26130587599,,,128608.89875872598
2010-04-16,470093.60120463296,82539.26914149876,,,127068.84933815835
2010-04-19,466458.4843757145,82447.83611532398,,,126990.87782155575
2010-04-20,475006.601670026,83067.81948889338,,,127631.15021288724
2010-04-21,474704.5122458927,82775.74613735432,,,128348.26171554318
2010-04-22,481521.20418524666,82520.13471197269,,,129065.429465995
2010-04-23,484234.9246757023,83194.80052915367,,,129603.02943039573
2010-04-26,485957.8471324436,83048.6493902371,,,129319.89637191533
2010-04-27,468617.18927740975,80476.4266227892,,,126574.50116800421
2010-04-28,465479.51553416176,80603.88008412415,,,126650.42195262288
2010-04-29,481828.6387011997,81953.51090154737,,,128855.13549707556
2010-04-30,455174.0159264813,80877.03715189852,,,126315.00365706363
2010-05-03,459773.25828813243,81624.67526985038,,,128083.66585340752
2010-05-04,444520.990499322,78888.29241158394,,,124235.5789135679
2010-05-05,438341.45792710024,77866.62239938376,,,123593.35777604445
2010-05-06,420768.3712753171,74874.92058792504,,,119463.20187829708
2010-05-07,409992.4582422987,74327.45113089679,,,116487.29653750826
2010-05-10,443794.58107169735,78559.09011450772,,,122538.95049794076
2010-05-11,439174.1635391862,77610.38522074968,,,122409.71488195559
2010-05-12,446280.273451398,78558.65385789094,,,124716.8895535079
2010-05-13,437706.3016531867,77682.91664949953,,,122741.19066745402
2010-05-14,423135.91034249484,75858.65063449398,,,120380.81006503037
2010-05-17,420164.57067851245,76004.35406054794,,,120764.53106475687
2010-05-18,409258.119803707,74727.31390125645,,,119096.61075837085
2010-05-19,407386.5384695929,74234.63676523963,,,118146.83989998545
2010-05-20,388807.2660773855,71425.38430651675,,,113760.64404846939
2010-05-21,403290.3309959036,72993.86422375072,,,115016.29013100202
2010-05-24,399001.42054544506,71881.01010072677,,,114553.76860252471
2010-05-25,398136.1934307676,71388.35132561134,,,114655.47115064115
2010-05-26,400550.0210821577,70950.34971020515,,,113372.34480780462
2010-05-27,420996.79517006356,74269.88276172963,,,117653.97607454161
2010-05-28,413167.5891649671,72883.40811170604,,,116960.65677707839
2010-05-31,413167.5891649671,72883.40811170604,,,116960.65677707839
2010-06-01,400212.25808500726,71989.43973198609,,,115882.7140758964
2010-06-02,412098.7311742552,74013.89741686847,,,118625.64170702286
2010-06-03,414546.2004106291,74086.64152609424,,,119752.92239944743
2010-06-04,392131.92807891447,71295.7384911391,,,115649.1488887887
2010-06-07,383500.1227858313,70420.03047348712,,,113545.55028667639
2010-06-08,391912.175257469,71423.00458973121,,,113339.47479698317
2010-06-09,393336.92195775587,71240.42182294143,,,112389.84377966843
2010-06-10,408378.2839653738,73501.96940578347,,,115594.1657969896
2010-06-11,411210.2706868895,73811.79974663942,,,116695.9241717319
2010-06-14,411619.87311914045,73775.15309400992,,,116669.28036741597
2010-06-15,422174.7007034071,76000.13352947803,,,119796.60964902183
2010-06-16,418658.40066173155,75799.30488000721,,,120282.90427460193
2010-06-17,416411.821738983,75835.58066648617,,,120666.51381285403
2010-06-18,416707.84680440504,75926.57301634157,,,120765.73105798819
2010-06-21,417036.95004441816,76090.4921112219,,,119737.24917077918
2010-06-22,408090.8446161993,74868.2682405226,,,118811.50359455838
2010-06-23,405879.98689725477,74977.51291268873,,,118322.43345324328
2010-06-24,396809.164575363,73645.82674869183,,,116523.35414330619
2010-06-25,402370.6405051001,74138.08624725633,,,116545.58749009526
2010-06-28,398964.8022574403,73773.10472064075,,,116132.79285796809
2010-06-29,384203.60744895716,71365.33428296175,,,111653.40103002165
2010-06-30,381400.8381380391,70836.1859424707,,,109953.72111933865
2010-07-01,377310.4044763608,71036.62567694458,,,109644.01842077805
2010-07-02,373001.64523229306,70945.22806428764,,,109334.36570568931
2010-07-05,373001.646026716,70945.22806428764,,,109334.36570568931
2010-07-06,372974.0045273237,71856.97754497641,,,109668.06084880799
2010-07-07,388840.99126577063,73990.71556149273,,,113167.43894395897
2010-07-08,392969.25927817426,74610.6525906349,,,113784.28330324875
2010-07-09,394737.2911819129,75121.11704211157,,,114864.33359171703
2010-07-12,389899.5298023039,74792.59165621058,,,115197.96295711797
2010-07-13,399331.08532687783,76014.35404972844,,,116689.8558546274
2010-07-14,401304.4497276043,76032.38271111922,,,117280.80386928667
2010-07-15,403111.3470483295,76141.5996605786,,,117382.86191948185
2010-07-16,391182.6473599468,73916.32898714856,,,114139.16598250471
2010-07-19,389999.2367066222,74408.5472868739,,,115116.1749681734
2010-07-20,390912.84001153096,75283.7728142182,,,116505.00054611429
2010-07-21,390253.9405347612,74207.50990540565,,,114908.51259218155
2010-07-22,390862.07774531364,76250.01896012532,,,117815.64145549982
2010-07-23,400180.1072842571,76924.56915163135,,,118561.06833963738
2010-07-26,405765.33587054047,77507.98378196983,,,119538.02595987925
2010-07-27,399772.7665089537,77562.49135105153,,,119485.62019447086
2010-07-28,395954.5338044283,77215.74585873568,,,118532.52329714161
2010-07-29,382102.2768525574,77197.28233362854,,,117656.60927474017
2010-07-30,387289.63816577883,77343.01078631048,,,117913.01216845444
2010-08-02,391312.0355585331,79458.36787888611,,,120125.1639335013
2010-08-03,391948.20924874477,79056.91389857272,,,119609.55724912812
2010-08-04,396713.26535151707,79421.46863150054,,,120818.09460068826
2010-08-05,394403.83771170303,79366.51642958977,,,120534.05226061498
2010-08-06,395834.1739367726,79165.65863437187,,,120352.95619304184
2010-08-09,400440.21957812185,79493.72742488138,,,121175.43871794899
2010-08-10,403352.0497058939,78946.39375922903,,,120119.44501402597
2010-08-11,391995.1616185684,76137.58290715679,,,116850.53742882046
2010-08-12,393310.57423942845,75882.0900847837,,,115923.18624607773
2010-08-13,394044.2734586246,75644.76754179585,,,115098.82126049079
2010-08-16,393667.1462006626,75954.57808775456,,,115303.81551697008
2010-08-17,399754.67792129435,77030.37922740204,,,116769.61261894081
2010-08-18,399070.7178112324,77139.59109150112,,,117231.82141134498
2010-08-19,397368.74554076337,75953.94540794485,,,115455.4780772493
2010-08-20,408309.15870737296,75479.58216461651,,,115608.90040811698
2010-08-23,401378.1634601957,75169.34635321847,,,114475.8238350896
2010-08-24,393949.11353569606,74001.9791820089,,,112339.24332866864
2010-08-25,396896.150830609,74129.44112166602,,,113419.03328019302
2010-08-26,392782.40097336296,73800.93862130985,,,112054.5007293442
2010-08-27,400505.6076958595,75277.92017947843,,,113417.2333895381
2010-08-30,393165.45938096277,74165.2698597953,,,112232.8505396486
2010-08-31,393685.1375194721,74256.27385668202,,,111845.97762586235
2010-09-01,408263.0336439728,76645.06950000716,,,115189.86498035771
2010-09-02,414514.7403320334,77137.2350830801,,,116475.42208241759
2010-09-03,422055.6462442416,78012.32795144348,,,118404.17232207181
2010-09-06,422055.6661119583,78012.32795144348,,,118404.17232207181
2010-09-07,416288.4023731569,77118.55896627453,,,117605.66560057129
2010-09-08,419950.12801711104,77720.17051165621,,,119019.84736127323
2010-09-09,414697.3929333855,78230.57529548535,86841.7738852291,,119481.93810490596
2010-09-10,411784.4970735341,78558.6257100953,87235.8366543357,,119918.38389564284
2010-09-13,415224.5994765183,79780.22671179847,88332.50349022898,,121589.74376216755
2010-09-14,418042.5735536055,80017.088265766,88315.25659564824,,122103.35909633416
2010-09-15,421000.5815869847,80089.79612941756,88537.91608915129,,122874.1585487129
2010-09-16,422931.4874549299,79888.96189273002,88503.52726400686,,123362.02861269738
2010-09-17,423537.13849531766,79669.92625109319,88589.08706891246,,123778.83836328966
2010-09-20,432495.7530236507,80891.49723319706,90028.51873056895,,125943.99596737642
2010-09-21,433360.4026446579,80836.59562775122,89754.21436927818,,125917.20273583116
2010-09-22,426711.02913938346,80745.16505263333,89274.27167362606,,125580.95342171118
2010-09-23,426242.7444644239,79906.08001060781,88537.2838622295,,125528.38127564866
2010-09-24,436179.95682862645,81802.41583064111,90344.58925924585,,128080.26508216416
2010-09-27,440458.2000387922,81492.16319777354,89913.71156145299,,127382.9375422784
2010-09-28,441781.0878511012,82002.51913933302,90499.43810091501,,127330.39737575827
2010-09-29,439938.4979882936,81929.39331772382,90068.56992368335,,127123.09087246952
2010-09-30,438116.6303910512,81710.3275900583,89930.64488692618,,126554.78352324979
2010-10-01,435438.74980031804,82384.7807403586,90240.69055973258,,126399.0934571693
2010-10-04,432226.74425091484,81636.94641787418,89482.46098009805,,125031.5518465019
2010-10-05,443518.7973423139,83551.44744744437,91446.5229598269,,128073.15109637793
2010-10-06,433408.9060189429,83733.5528854973,91291.36002646062,,126963.3764767135
2010-10-07,433756.9534099218,83532.68699789484,91239.54070125494,,127426.46820995091
2010-10-08,433474.61684336053,84024.84408881784,91928.63791559219,,128302.16700691983
2010-10-11,431204.94859968545,83951.65449384769,91773.41420778554,,128352.64086299019
2010-10-12,439417.43283264415,84060.87045136173,92307.4731430123,,129228.2620816002
2010-10-13,444750.51436836296,84972.37132479557,92858.69818313052,,130284.35856502815
2010-10-14,444596.5024843766,85008.62816319404,92513.99074740057,,130025.49961686661
2010-10-15,443383.3109980909,84935.4565711357,92686.15286021601,,132783.2527623655
2010-10-18,450604.25681166665,85135.77549607641,93358.02403946532,,132292.41458005723
2010-10-19,447404.16994982335,83330.26231039985,91876.16187869308,,131053.7142237422
2010-10-20,457686.81393566297,84715.88445550093,92858.14560816894,,132006.60721449472
2010-10-21,457726.0302179696,84606.2520993757,92995.87651293303,,132263.4422320631
2010-10-22,464129.97359239,84788.36845434073,93219.74702531693,,133164.77718628224
2010-10-25,474983.5122401531,85171.09555118326,93495.29222534838,,133808.2870010713
2010-10-26,477016.80167025403,84824.37959908915,93477.9443270594,,134168.20031558612
2010-10-27,482081.5104131573,84167.6889098405,93184.96701832645,,134579.56114592883
2010-10-28,480542.29235451354,84714.4730803951,93253.75905600445,,134862.12007758318
2010-10-29,479689.2976289077,84805.42219003565,93322.55092975986,,134551.68227318805
2010-11-01,472257.82123236865,84750.5041547334,93374.17552868632,,134653.71006791896
2010-11-02,479725.0381575779,85771.40219982718,94097.6425087374,,136096.3832754799
2010-11-03,482396.64048728213,86226.99226100097,94493.83120198046,,136714.06900419728
2010-11-04,487391.7244300537,88050.21009570883,96268.29522988386,,138388.69880996709
2010-11-05,486357.7888758159,88031.72500401751,96647.26129238501,,138387.60068911978
2010-11-08,491511.20949214086,87739.75133632694,96526.52589928402,,138566.9547055469
2010-11-09,486689.91434909706,86955.4153634948,95768.30362288683,,137818.23188846937
2010-11-10,491881.66745329933,87155.72916902119,96130.04120624358,,138513.20514503948
2010-11-11,489030.52934971545,86772.57830876764,95819.7674438383,,137635.6193991607
2010-11-12,480220.5320179064,85623.60403759242,94630.874086798,,135391.72207217637
2010-11-15,471746.8702019823,85550.42502979266,94544.60580903044,,134875.087468585
2010-11-16,460298.8205323451,83817.96199764707,93028.33091700365,,132657.03334144043
2010-11-17,462619.0348225018,84054.80196737855,93097.1306716805,,133042.62788355246
2010-11-18,475302.4535615779,85768.54428975098,94475.34049494677,,135181.21008879293
2010-11-19,480185.8625595195,85768.30613487805,94699.21259211891,,135283.25521238765
2010-11-22,484947.25583384634,85458.09685464429,94612.91870921683,,136416.3895871901
2010-11-23,477276.1254550662,83433.89299719932,93286.19905017834,,134249.95801766292
2010-11-24,488998.2289548879,84728.2537829936,94492.14428840255,,136955.57452912265
2010-11-25,488998.23251301656,84728.2537829936,94492.14428840255,,136955.57452912265
2010-11-26,489581.53977687506,83779.88296120129,93957.9360920111,,136052.2639279249
2010-11-29,486352.44961132284,83323.78386105652,93871.64350196686,,135948.0256162915
2010-11-30,482672.28504916065,82557.80514731535,93216.86249627882,,134297.28719052
2010-12-01,492499.4346255641,84672.633360165,95318.66332535225,,137131.62303115876
2010-12-02,494515.8332846861,86222.20382057325,96559.0537908457,,138522.46908848008
2010-12-03,499481.62082564464,86641.34653733694,96800.1310423803,,138882.29016313748
2010-12-06,500693.1109548378,86404.1009232548,96679.40687435686,,138829.57702781018
2010-12-07,503324.8898777481,86312.66332868462,96713.74651334473,,138905.83514476405
2010-12-08,505997.33603332506,86458.28972842725,97109.89473318831,,139420.2389826466
2010-12-09,501312.76443831535,86695.06267877696,97471.578710268,,139548.01098256398
2010-12-10,498971.5757684925,87059.51995448406,98057.2079150711,,140474.78183174322
2010-12-13,497529.295135055,87624.52816763092,98108.79905524335,,139983.9441145264
2010-12-14,488078.9385711755,87733.6607781462,98160.38139372582,,140240.6288448882
2010-12-15,479760.67993931135,86894.70142408538,97729.54046589894,,139620.89276809432
2010-12-16,483791.2801380525,87386.73870254545,98297.99143871915,,140702.3219445942
2010-12-17,485861.3814966151,87131.21796827969,98435.68326770025,,140825.15781588815
2010-12-20,484356.66526843235,87240.3905788839,98642.30079315176,,140927.366941014
2010-12-21,491706.31523226714,87987.66957726878,99245.21161995378,,141778.47794323324
2010-12-22,486262.6913620269,88225.34878550349,99606.83710666759,,141751.48228103822
2010-12-23,483354.09801007865,88057.82565267872,99451.70064659434,,141388.835619628
2010-12-24,483354.09801007865,88057.82565267872,99451.70064659434,,141388.835619628
2010-12-27,482070.32723809837,88113.31380521995,99525.97551698542,,141465.16676325526
2010-12-28,478937.74131585716,88057.33662538225,99629.7314885763,,141205.83933773794
2010-12-29,479902.2257328188,88670.45683280544,99716.14734731503,,141514.59378654746
2010-12-30,478472.6673784411,88595.83128676638,99560.23042118929,,141177.79632135548
2010-12-31,469774.95189222967,88874.35508621343,99664.00333820246,,140660.10972331627
2011-01-03,478069.42506379215,89673.34049785181,100598.43765747512,,142854.0031701131
2011-01-04,474082.92812721047,89524.42372428667,100511.80994127439,,142749.60751351414
2011-01-05,480048.828100946,89561.33948594228,101048.20755993255,,143962.10154608588
2011-01-06,477180.7152309609,88929.14919453532,100874.98494776968,,144425.82824926928
2011-01-07,477998.5858541922,88631.53931120124,100667.2134836358,,144295.5429396791
2011-01-10,482073.2592441119,88259.59304004055,100580.57741897236,,144836.661518608
2011-01-11,478192.48865775624,89039.95000763155,100909.26074002369,,145042.0845054935
2011-01-12,477926.0819891168,90396.4665665762,101809.14532656934,,146073.86558938117
2011-01-13,480533.6295351773,90340.41517679703,101670.54136662185,,146124.32902696103
2011-01-14,483036.9508257098,90879.17138260289,102397.33047145166,,147207.61721632804
2011-01-17,483036.9550051158,90879.17138260289,102397.33047145166,,147207.61721632804
2011-01-18,481855.60233497876,91157.7102038127,102570.25743479584,,147619.6480908462
2011-01-19,475821.77652997465,90358.27918805461,101549.02695381294,,145940.0182928606
2011-01-20,459381.96005513234,89874.77567144892,101427.74616209313,,144906.0930383893
2011-01-21,457031.2461321164,90097.55519745879,101652.64887562157,,143794.58458964582
2011-01-24,455788.1936636673,90692.05423812453,102275.57015512894,,145781.6613715973
2011-01-25,452595.1960516464,90431.59163009457,102240.81283322234,,145987.06210378933
2011-01-26,456964.77815524366,90988.91357387604,102777.22548690431,,146760.55297954142
2011-01-27,467804.4853118979,91267.40682716396,102915.5410775149,,147663.06747423334
2011-01-28,463417.0634642017,89278.54566366745,101098.2061765768,,143918.0382506168
2011-01-31,463200.18146208645,90114.66032698417,101876.91875988942,,144614.02124642293
2011-02-01,469133.59184149624,91861.42569080956,103469.00139711882,,147323.88011318463
2011-02-02,470528.2326803577,91656.72269418264,103295.80564744746,,147090.35477376624
2011-02-03,475311.9002077949,91767.94507753603,103555.31299854259,,147347.39548183803
2011-02-04,483977.31732634426,91879.22660456656,103832.0722771594,,148172.33638073012
2011-02-07,486124.06229332805,92120.55984666338,104489.61876998036,,148868.31422463214
2011-02-08,488490.94302562595,92584.94328118015,104974.05720482991,,149848.23427234092
2011-02-09,491166.5439844501,91989.96675626576,104714.33792462936,,149588.8905298769
2011-02-10,496143.7064700496,91487.9626997083,104748.82236191085,,149819.99248440817
2011-02-11,501435.66397789837,92026.59762881414,105406.34727502367,,150903.23413892667
2011-02-14,506689.9454644096,92249.3811857735,105665.8759848337,,151263.4468843099
2011-02-15,498662.12156442524,92044.70214300831,105284.9911043533,,151055.69113521723
2011-02-16,498691.010059346,92732.08602003782,105959.75673339753,,152035.54710460734
2011-02-17,493667.12285755994,93252.17569989811,106357.75401160262,,151982.67168355032
2011-02-18,494712.923013438,93549.2457927528,106530.68020021656,,151645.83935144343
2011-02-21,494712.923013438,93549.2457927528,106530.68020021656,,151645.83935144343
2011-02-22,479137.6298518074,91170.20098616359,104349.89665765825,,147255.86880438606
2011-02-23,468135.4636993301,90909.79134591712,103761.36318952791,,146041.4138679197
2011-02-24,475380.4525155914,91039.62674888107,103657.42228636557,,146814.71383706183
2011-02-25,482521.9351465595,92005.73238091993,104782.18432132105,,148852.95815471
2011-02-28,470657.6153536149,92748.88876529901,105405.09275241497,,149161.56234965916
2011-03-01,460739.7916892742,91503.47956564344,103605.10460348528,,146759.56401517743
2011-03-02,462399.9743701527,92004.9659418627,103899.23191003289,,147532.82244531895
2011-03-03,473688.9456384295,93398.51641520602,105681.61902781577,,150448.75501785803
2011-03-04,474488.4250302301,92692.09336051042,104902.75108975198,,149673.09422065216
2011-03-07,470837.82027875655,92041.37954600346,103985.34723963412,,147658.38719593175
2011-03-08,469368.635315412,92542.84889338526,104954.4312882933,,148250.95283201273
2011-03-09,466615.7725201131,92393.95227815615,104833.12516793788,,147243.01586709538
2011-03-10,459733.2468725921,90293.73334735648,102911.98899378025,,144944.43637117354
2011-03-11,465277.98646621715,90627.98967893784,103604.11813882418,,145846.7839017754
2011-03-14,462659.58545731317,89847.22704861415,102998.29056420566,,145329.33986779032
2011-03-15,462025.96436338435,88211.63099094528,101855.97720572133,,143263.13493483476
2011-03-16,455541.9052322389,86167.19108224552,99917.56702018376,,139803.01076675364
2011-03-17,458676.7819995166,88081.0686499248,101163.46038702891,,141092.5762423531
2011-03-18,451785.55289690505,88786.948242258,101595.98383007722,,140773.52505876293
2011-03-21,462638.9926625968,90552.16159954306,103136.12697144385,,143486.5078266298
2011-03-22,463166.4800940038,90366.07541013377,102772.57731428591,,143226.90060496036
2011-03-23,470842.21077303897,90495.93533633147,103101.30827028271,,144027.02176915496
2011-03-24,479866.69321112643,91666.34980251375,104070.30142361694,,146584.83537109217
2011-03-25,484188.51499061595,91498.90613915132,104379.58267261453,,146945.62095440354
2011-03-28,484820.9341854335,91238.45244995934,104153.50116654487,,146143.1713070716
2011-03-29,490710.683304,91888.6564980332,104831.31764829901,,147563.58902298057
2011-03-30,493536.01527558576,92798.91567325102,105543.9484938884,,148260.29519560936
2011-03-31,494491.3935872198,92687.20313064713,105404.70665676265,,148465.93841424867
2011-04-01,500435.1046081067,93448.83236467089,105891.35288939973,,148542.2959848399
2011-04-04,502430.11191951047,93597.2050867011,105943.36386001679,,148050.0169302612
2011-04-05,501852.2230428935,93596.94518554816,105943.2377677784,,147661.14743513064
2011-04-06,493652.13102941524,94061.2330583331,106255.9936818644,,148021.81148435333
2011-04-07,495774.0013576032,93745.11611299492,106064.65839989526,,147917.2705507898
2011-04-08,494144.3408795477,93837.77479862147,105664.73317322793,,147218.25846631962
2011-04-11,492898.5594214679,93558.7480514779,105299.5377660862,,146725.98690538705
2011-04-12,490374.99831419,92610.76954213154,104534.57122378153,,145716.83615060613
2011-04-13,497313.3627998711,92759.16162022883,104569.16691560518,,146956.30683040645
2011-04-14,496285.1297793866,93074.84504680967,104586.46757596481,,146696.6731884108
2011-04-15,497851.3900619627,93111.75367950044,104951.41100726188,,146437.00990581885
2011-04-18,493554.0721256615,91494.84106312515,103803.95597274933,,145402.15173348534
2011-04-19,501726.12624441396,92312.18856900356,104447.0321452399,,146305.5396171532
2011-04-20,512597.528180349,94077.26433000034,105854.91650642338,,149612.41718575783
2011-04-21,516678.24133383046,94727.31027014735,106324.1637885503,,150800.05691628114
2011-04-22,516678.24133383046,94727.31027014735,106324.1637885503,,150800.05691628114
2011-04-25,517584.1132234813,94634.20052543057,106219.70423449534,,151186.5599929664
2011-04-26,507800.23129217635,95284.2512645794,107140.9231781959,,152038.14436928325
2011-04-27,507861.0490659953,96083.03354405303,107836.09284634939,,153070.74237581767
2011-04-28,506844.7192751051,96305.76427931973,108183.62135777767,,152836.88644881954
2011-04-29,505555.0361416222,96714.30462728367,108496.42071159811,,152706.5007791174
2011-05-02,489838.5994073969,96435.310606737,108252.89851643337,,152420.98044343403
2011-05-03,480536.36482742376,95710.34668647131,107905.12273718661,,151696.14655880712
2011-05-04,479013.05860903306,94780.99456864737,107174.89495673674,,151462.41017453693
2011-05-05,483179.292423911,93442.8642998813,106236.10901751973,,150634.23336042697
2011-05-06,484790.1331053154,93869.94990668008,106740.06970369745,,151124.03751536141
2011-05-09,490775.9389682372,94371.41400160307,107174.5122821518,,151691.33167407956
2011-05-10,510150.8182878517,95393.11167533518,108060.92165886263,,152982.2687473189
2011-05-11,511969.31639706745,93720.53649710394,106913.50213158564,,151869.86958335174
2011-05-12,515576.77045387315,93794.60670243042,107487.03701387902,,152773.1362772469
2011-05-13,513530.05365686194,92698.02496718925,106548.22269718579,,150963.0059837105
2011-05-16,502171.0293196113,92381.8947856641,105887.57204504756,,148351.85948755365
2011-05-17,500076.07235533686,92660.34524621951,105870.04739180412,,148764.16038182625
2011-05-18,507390.2881309839,93459.07164609841,106860.74817562626,,150003.30309494818
2011-05-19,512879.0048262456,93663.22798297749,106999.6795152675,,150441.38902810693
2011-05-20,510241.7308903919,92678.19548807481,106286.83577516867,,149303.24475960602
2011-05-23,506697.8012951599,91079.9442254622,105017.79567082947,,147105.70246280226
2011-05-24,506396.77679717407,91376.97663096183,104930.7561592657,,146200.14327344202
2011-05-25,516326.7238749252,91897.00311633565,105278.26291073002,,146767.44486767726
2011-05-26,525735.935290693,92565.66356418245,105695.31937665523,,147670.6127860724
2011-05-27,527645.1768790471,93178.53433022987,106164.53552446172,,148418.82174893204
2011-05-30,527645.1768790471,93178.53433022987,106164.53552446172,,148418.82174893204
2011-05-31,531715.7472070443,94516.13924488083,107224.75954265326,,150820.64432223325
2011-06-01,522133.969180225,92527.68874389536,104843.20036810939,,147537.94712489488
2011-06-02,525606.096358894,92638.93310949678,104721.42562858337,,147846.86069693268
2011-06-03,523416.2031666027,92341.41625267384,103713.05408843335,,145623.63300168063
2011-06-06,512579.8348239647,91077.66807189802,102617.88406289094,,144433.88856247455
2011-06-07,515685.8532108055,91486.20337642799,102478.6620047154,,144174.34877727984
2011-06-08,512933.6607987018,90928.48888639951,102061.37092135313,,143139.6831854367
2011-06-09,519803.63654414134,91671.46182802758,102843.4785752835,,143396.97068614457
2011-06-10,512658.0417591663,89831.76031709735,101400.58358419436,,141199.6343773953
2011-06-13,512774.4079135986,90017.3261586238,101470.01253125886,,141198.51394753554
2011-06-14,521412.17530003504,91391.99593995283,102773.57917643718,,143005.95383831812
2011-06-15,514163.0184859367,89106.36628995833,100983.05489950013,,140292.0338769735
2011-06-16,509241.0520407291,88790.27534589985,101174.12392662866,,139748.33867475088
2011-06-17,505583.08331457095,89347.44853717243,101452.16600265924,,139309.5865835336
2011-06-20,515009.5125178428,89421.49564841684,102025.65492107044,,140033.55810255802
2011-06-21,530324.8338822456,91037.71378868379,103416.10834529024,,143036.04498513308
2011-06-22,524770.4920436473,90424.35219028262,102807.6067762946,,141999.19861056824
2011-06-23,534890.2958404155,89940.99210241219,102459.80031427565,,143318.6411495438
2011-06-24,533409.3137764068,89030.33993616726,101333.12525241573,,140831.73485067845
2011-06-27,539855.6609229179,89754.72232213484,102188.86710189554,,143083.30622620645
2011-06-28,551962.1483573051,90980.71691442354,103498.72578299006,,145205.40734664103
2011-06-29,551998.1390902133,92150.99184097412,104424.3500693593,,145799.7570960517
2011-06-30,543120.804086735,93246.91692083115,105419.83308936925,,147740.52554619106
2011-07-01,552413.9856447513,94305.72408788315,107009.16137268422,,149966.1157810107
2011-07-04,552413.9893163356,94305.72408788315,107009.16137268422,,149966.1157810107
2011-07-05,558752.240028484,94101.09383863179,106834.34303558673,,150715.73229533414
2011-07-06,562335.7732860146,93840.72261804005,106991.4393093909,,151206.4556681094
2011-07-07,563008.8395817386,94732.25362237461,108161.5617061949,,153276.6041330094
2011-07-08,566150.7656726103,93803.01039272359,107427.84109205808,,152861.105735195
2011-07-11,559158.7551490228,91610.41457407804,105436.54755665663,,150089.55840209333
2011-07-12,556344.0668148209,90922.68183863434,104964.81477420956,,148949.20244968488
2011-07-13,562398.9280617241,91832.86118586232,105331.50183195352,,149569.3782934644
2011-07-14,555705.7759825138,91145.14160916828,104650.17237557714,,147833.52236828793
2011-07-15,557340.5710426212,91702.27884050601,105226.42189808578,,149800.02973762667
2011-07-18,559788.3257440014,90550.11594992761,104335.52279746029,,148996.21399225222
2011-07-19,574309.4332319774,92054.71442966796,106029.6518370553,,152386.58341645476
2011-07-20,566253.6534636242,92630.44459032129,106029.52564209311,,151738.15501099735
2011-07-21,565071.5907139302,94135.09863150356,107444.18350636082,,152746.7020220686
2011-07-22,565030.0670732828,94153.42727650926,107531.34770082605,,154324.68375446263
2011-07-25,561704.4461221474,93428.59438658356,106919.93297205296,,154012.76625926673
2011-07-26,557284.0362320679,93576.93496462842,106465.66241112443,,154399.89031144435
2011-07-27,545919.515734181,91551.6023341463,104352.1292601258,,150411.81772726035
2011-07-28,549345.2446841721,91402.70910169711,104055.07459232309,,150669.52876890628
2011-07-29,546787.9004750006,91235.22691361258,103251.48666101095,,150176.41275332982
2011-08-01,547667.9853492319,90547.60161119257,102884.57481932189,,149476.31910775296
2011-08-02,533376.1367310965,88280.76351207473,100316.88936124818,,145695.4859234646
2011-08-03,536313.4147321173,88633.53211353751,100823.31948290423,,147092.28022998277
2011-08-04,504601.1589268697,83394.17705819817,96107.32611838475,,140256.842957185
2011-08-05,504721.54377743386,83746.9025094022,95897.64383728677,,139375.56380478558
2011-08-08,457174.3399927289,77578.69899661133,89749.41949976842,,130987.1349528429
2011-08-09,461465.7521736669,81944.34892429071,93766.53022750617,,137302.41539497927
2011-08-10,457633.71375463635,77949.83651695942,89696.83143895643,,131683.97556749734
2011-08-11,462680.9662632734,81721.0012743416,93626.58998396486,,137481.4271212854
2011-08-12,464925.0519884369,82463.85213265788,94377.54141384143,,138697.01967794492
2011-08-15,466161.39994631923,84302.85513482476,96316.1439059511,,140740.87377791165
2011-08-16,464238.8291620391,83429.46309906107,95495.11860427787,,139549.076180106
2011-08-17,462803.4041021522,83800.79958968553,95599.78790170263,,138719.56623109878
2011-08-18,456129.05448284815,80066.40624888618,91634.89014868285,,131910.67576202992
2011-08-19,454507.9626553189,78858.59540556165,89888.2176191191,,129528.18921804226
2011-08-22,454637.8486275406,78914.13833445095,89957.95990689937,,129993.11555421182
2011-08-23,459981.3970576435,81644.84033784065,93066.80963752729,,135350.19929481734
2011-08-24,460837.44766577514,82016.18160337849,94341.70960324058,,136410.31100573923
2011-08-25,459212.675046176,80269.63707531676,92926.84669258606,,134183.23865901842
2011-08-26,462170.444035077,81532.69246018256,94149.31804259506,,137547.12525461402
2011-08-29,465042.6542688271,83743.18195969301,96891.31569663099,,141376.80415201126
2011-08-30,466613.9202666262,83835.90261777535,97065.90906886484,,142307.52372646995
2011-08-31,467145.37829331524,84615.89297918929,97554.82978315206,,142539.35862873142
2011-09-01,466461.6530668255,84021.18308473975,96611.57534298708,,141244.01768244486
2011-09-02,464028.7166222232,81977.41549093167,94113.81617253761,,137929.8718055378
2011-09-05,464079.4157556496,81977.41549093167,94113.81617253761,,137929.8718055378
2011-09-06,464808.4324616487,80491.01872640727,93467.52370752579,,137954.6678582436
2011-09-07,466248.3754468753,82720.05768423392,96104.69535143336,,141447.73300751255
2011-09-08,465779.43876308575,81419.39615423839,95091.58150622938,,140799.58241909335
2011-09-09,463668.9760589936,79059.86175695814,92593.87074599194,,137666.71844391708
2011-09-12,465099.52127883513,78966.79067801278,93257.49105640303,,139425.59798232102
2011-09-13,466374.5152992008,79709.64068853237,94025.85578549386,,141287.98512877832
2011-09-14,468720.233815998,80601.13685075908,95353.13232683884,,143305.5660844783
2011-09-15,469959.7664732889,81956.99648271147,96994.75575403626,,145426.72758847167
2011-09-16,470819.271446172,82142.58446579007,97571.02758359394,,146758.33987362924
2011-09-19,471472.6550748767,80563.27954394965,96662.70064138329,,146809.0313816725
2011-09-20,471146.24912087043,80544.48285897673,96505.39812072681,,146159.60906798724
2011-09-21,468850.1061326692,78073.59058513897,93588.53757358188,,143617.4867239829
2011-09-22,465167.2871360001,74822.41686086741,90654.20909680917,,138949.23345255363
2011-09-23,465368.11076598166,75509.54834584138,91075.65818799577,,140426.04334778702
2011-09-26,467013.7865278935,77106.95642263207,93288.57164371606,,142058.38054260067
2011-09-27,467101.5588129316,78592.86447962989,94359.8210362182,,143535.164784731
2011-09-28,465278.96283944295,76883.60132066358,92480.43116566482,,141407.98949021613
2011-09-29,464123.8095792728,77960.78445506857,93147.74626814995,,139721.54584795487
2011-09-30,462098.96388400445,75545.66512786836,90934.58071546942,,136116.5919888358
2011-10-03,458516.7776800733,73650.66955948692,88141.89977195843,,132615.3879804138
2011-10-04,459944.6601067444,75099.43158605478,90073.76526693774,,135336.61394452406
2011-10-05,463514.333916221,76492.46829837086,91865.12585958089,,138809.71095190023
2011-10-06,465387.70596562594,78349.80154512543,93638.92943121512,,141141.9136787504
2011-10-07,465529.28920834983,77680.8660419762,92918.7046761293,,140207.48843071086
2011-10-10,468314.78746043914,80559.92417213041,96062.4474089253,,145054.514025361
2011-10-11,468273.30617168,80243.91806946154,96027.21901701929,,146038.51417315673
2011-10-12,468558.60079767596,81822.65273380975,96905.25025413214,,146763.29835881855
2011-10-13,470420.67256644607,81376.64009299308,96764.64429913723,,148110.22107699316
2011-10-14,478238.7810209331,82751.00048418176,98362.81629828662,,150857.0922051655
2011-10-17,475124.72577647644,80744.59552403561,96518.52125894293,,148522.6980856709
2011-10-18,480600.50469160057,82323.30129822924,98450.40584131567,,150362.1982194014
2011-10-19,471114.4737433643,81097.08302365542,97220.8367233178,,147457.47185324767
2011-10-20,473804.024346887,80985.37694280008,97659.81233225834,,146730.393306711
2011-10-21,484956.39094249584,82917.03767151468,99538.9616664517,,148569.78516572903
2011-10-24,492342.58311700204,84179.93539046662,100803.38708705161,,151653.5248928466
2011-10-25,479710.0531375759,82675.12520094772,98853.76138100386,,148671.18547308634
2011-10-26,479792.9229476916,83845.09860343245,99802.01468125859,,148488.5203448892
2011-10-27,483519.1594827843,87541.38497927703,103244.26561301274,,152583.21745990653
2011-10-28,486340.81155700755,87262.50402077567,103349.54402671478,,152815.232176273
2011-10-31,479485.5302505634,84048.73139179447,100697.38605513725,,150247.7503267816
2011-11-01,471764.52133567625,81633.73277151481,98027.69937128692,,146332.21489822373
2011-11-02,475666.3836296771,83082.378147027,99573.11864422941,,147575.36167722062
2011-11-03,482332.05725839024,84772.447849453,101417.14089014684,,150632.95286248336
2011-11-04,480952.7421538478,84066.3940597588,100837.43799621449,,149854.09289712686
2011-11-07,481642.2373392016,84456.24118921616,101416.89948253511,,150915.70822081625
2011-11-08,484518.04857512173,85496.16219443991,102628.59722453699,,152651.2652887006
2011-11-09,473912.31310726365,81558.0882374066,98922.70226011108,,147284.36519813657
2011-11-10,475564.0664323396,82412.29573317785,99818.28635920068,,147205.4077553478
2011-11-11,482367.7397909085,84232.38112442003,101767.65179717245,,149977.78675950906
2011-11-14,479776.70481049543,82969.07689048165,100784.00928326744,,149043.43900231755
2011-11-15,479768.95655619627,83005.99831806912,101310.76679983547,,150701.2113305709
2011-11-16,471428.84531151777,81742.71944015389,99677.33322597611,,148211.65329396853
2011-11-17,469962.3201240254,80405.10456078085,98078.9817699668,,144737.14972497133
2011-11-18,470003.7404721928,80479.17434263167,97938.37876612703,,143621.51340435003
2011-11-21,464476.339064951,78640.05147964178,96181.98631556072,,140872.86063839484
2011-11-22,465302.3717931462,78528.38921042859,95672.54090338164,,141338.27693974006
2011-11-23,460505.1250141812,76466.4495213078,93652.71848018894,,138149.09068389196
2011-11-24,460505.1250141812,76466.4495213078,93652.71848018894,,138149.09068389196
2011-11-25,461063.935871954,76224.73027422385,93371.54904735646,,137085.344622193
2011-11-28,470024.65862118726,79084.98983615778,96163.97642668325,,141853.316245619
2011-11-29,476218.41172904795,79363.34707628604,96444.81516512435,,140970.94250665355
2011-11-30,489621.90471995895,83003.69353553775,100396.32110073035,,146179.41130140072
2011-12-01,490211.3737923009,82631.966305596,100325.92443933655,,147189.05527275518
2011-12-02,487550.11370814865,82594.60122755246,100273.14059860943,,146773.20209807972
2011-12-05,491214.73537553375,83578.7994734259,101361.92441332267,,148378.95374553886
2011-12-06,490324.08180631226,83374.26529986325,101449.58919427171,,147963.09770950352
2011-12-07,489139.2649942619,83652.60598242252,101783.1966713308,,147961.92360136335
2011-12-08,485841.5634528381,81386.33868096516,99587.71648369812,,145472.6835222779
2011-12-09,490422.51642954175,82909.21007356377,101273.56999471325,,147804.09007985785
2011-12-12,487570.284888385,80977.282077616,99815.7915788318,,146144.24414483388
2011-12-13,484651.0860615951,80122.69042236716,98867.31305721813,,144536.2222064927
2011-12-14,481971.6273782908,79138.0246673454,97760.76690577641,,142280.35569094366
2011-12-15,482960.52657261037,79435.03190590502,98129.4277976905,,141890.51445518303
2011-12-16,483890.2715756531,79564.79490226792,98199.58726024383,,142619.7743265539
2011-12-19,482820.5709713909,78598.75841128263,97198.39069991458,,141215.04927155026
2011-12-20,483914.34803018934,81124.54526133604,100096.1050520075,,145398.6314997807
2011-12-21,485016.530336837,80930.34669522104,100394.52878642542,,143318.14231777476
2011-12-22,484051.68537823734,81861.93088545295,101342.78714919549,,144538.65409675823
2011-12-23,485533.0385497336,82356.11801644306,102142.92608850144,,145785.04367880375
2011-12-26,485585.42170628684,82356.11801644306,102142.92608850144,,145785.04367880375
2011-12-27,486717.92115461,82241.7848303589,102248.8254676672,,146327.5436695972
2011-12-28,486364.0694059742,81005.50734523956,100994.36120442732,,144635.4860932214
2011-12-29,486897.330129623,81956.09330896151,101912.90772013924,,145674.94229307052
2011-12-30,481964.5257664006,82146.0582512211,101524.12820970814,,145257.53460721142
2012-01-02,481964.5657440361,82146.0582512211,101524.12820970814,,145257.53460721142
2012-01-03,483407.7748301198,83686.14429816365,103025.69757984196,,148039.76390977827
2012-01-04,486971.0129014462,83685.91192773513,103202.26102773407,,148662.9344196109
2012-01-05,492053.7916189023,83248.34097253681,103537.84566380932,,149884.31486130206
2012-01-06,491104.68935695564,82620.53726105425,103325.72568787701,,150403.38433900222
2012-01-09,491509.9726302011,82905.52794822227,103484.5979141623,,149908.0000107845
2012-01-10,491089.59725300095,84179.4030608901,104367.78808878094,,150999.2816273544
2012-01-11,490890.62037285883,84065.07793353661,104473.72693673057,,151310.2492652486
2012-01-12,494264.1922507008,84331.06032476202,104703.23644675998,,151907.25592083656
2012-01-13,494385.64967708924,83589.19645360607,104261.43938654049,,151359.88410544922
2012-01-16,494385.6856575868,83589.19645360607,104261.43938654049,,151359.88410544922
2012-01-17,499353.69507487316,84292.59835361474,104544.0016351102,,152737.26004651122
2012-01-18,502717.03255989624,85414.27369505838,105709.87996858863,,154764.8650185769
2012-01-19,502191.36652629584,86174.67170244767,106275.08210589847,,155726.12599683471
2012-01-20,500779.12198284647,86364.56828990893,106274.95561875742,,155490.73491747264
2012-01-23,500523.69343648024,86459.43596531989,106380.85660904183,,155541.52394401032
2012-01-24,501917.4297727341,86135.93087406036,106221.7280106482,,155254.16051563979
2012-01-25,501305.5907410213,87181.55966891629,107157.93103734782,,157203.68247733417
2012-01-26,496091.7425401685,86858.01455325287,106610.15154171384,,156656.2583696882
2012-01-27,497510.69148750574,86971.88117991228,106468.66114303765,,157123.18383866004
2012-01-30,495833.76615465316,86439.21436891092,106115.23017405903,,157251.92728264266
2012-01-31,496233.0619018259,86629.1164779977,106062.06015201528,,157458.79475527568
2012-02-01,502365.23068358813,87826.84862813447,107068.99135393047,,158731.9732026136
2012-02-02,504233.1813162782,88168.86465488865,107280.8387748032,,159224.8827392335
2012-02-03,510384.3606363683,89404.64782272837,108800.0257893072,,161408.3117288997
2012-02-06,509921.5836396249,89176.17780204654,108640.93071749371,,161277.0233543042
2012-02-07,511638.09123562503,89480.23497700444,108976.47405954558,,161613.81221937604
2012-02-08,509776.52783450286,89822.24260814683,109205.99931564328,,162470.8198934902
2012-02-09,511055.41745159926,89936.05833486287,109329.52421583889,,163639.88532063394
2012-02-10,509947.0845159235,88737.89901499588,108587.41366237288,,162494.23310648932
2012-02-13,517748.2527908055,89517.27257664166,109417.62585225623,,164001.40507158305
2012-02-14,519325.03800969076,89155.7212036621,109258.47045092538,,164416.21138805934
2012-02-15,515070.09246209945,88984.30815572536,108781.3175148843,,163270.62518730047
2012-02-16,518934.45662639703,90201.00775238895,109964.88602164922,,165505.88146988276
2012-02-17,518267.35589866777,90447.97393212728,110229.7267452435,,164984.4290285133
2012-02-20,518267.3715901377,90447.97393212728,110229.7267452435,,164984.4290285133
2012-02-21,514309.82081182266,90485.72384721832,110300.24993329716,,165451.22895445395
2012-02-22,515461.21820262366,90219.30659960778,109929.1835845782,,164695.7605779089
2012-02-23,517557.86552130716,90542.30224214704,110459.00273699817,,165786.7209073259
2012-02-24,517953.40508850646,91055.41928471632,110617.88644125499,,166357.53008534317
2012-02-27,520770.4471403898,90827.02322485778,110812.07076360348,,166590.2178112661
2012-02-28,521389.7879525136,91340.11671849944,111200.61374954175,,168279.2421926524
2012-02-29,518623.4931490875,90750.42836636635,110599.81064952949,,167523.7812978873
2012-03-01,524890.288526722,91624.83089205518,111323.98451245778,,168848.67808949653
2012-03-02,528065.1355268201,90959.12467001575,111023.55639522303,,168717.33800450948
2012-03-05,530038.564771864,90388.42244154622,110546.44287463125,,166973.66191877794
2012-03-06,521468.03003439866,88163.47871853082,108814.99588022164,,165334.03448553124
2012-03-07,522329.30875258776,89132.97800828393,109680.49268565654,,166606.94139750482
2012-03-08,526697.0727213228,90615.80762945606,110740.34493666713,,168399.89107486306
2012-03-09,532276.900125685,90539.53671212868,111164.21962667149,,169100.6628599701
2012-03-12,531892.3465210183,90387.16750917905,111217.12060074361,,169177.30617953595
2012-03-13,534183.1481782271,91984.10912800774,113213.20785055113,,172322.41189024824
2012-03-14,532155.3816020188,91641.5806169844,113124.79150897221,,172919.0748734516
2012-03-15,534030.6168798262,92192.7137266177,113707.63048599388,,173411.7917802823
2012-03-16,532142.5477200692,92496.71979499947,113866.47278150161,,173287.9837413618
2012-03-19,531194.6425713866,92762.60567961649,114343.31295917646,,174510.80619402012
2012-03-20,535760.1944959887,92039.86032709127,114025.21368676332,,174821.90878293218
2012-03-21,537436.9093177737,91868.48053598714,113848.42040510032,,174846.5862506327
2012-03-22,536388.6930063613,90784.44506411822,112964.92870946573,,174480.62096974638
2012-03-23,534101.7970513909,91487.69530987066,113406.5108680166,,174375.02401507174
2012-03-26,542962.9995595518,92837.40441501817,114941.30371368452,,177420.93012828424
2012-03-27,544773.7761005693,92285.74144153409,114621.71345695508,,177679.970460193
2012-03-28,540052.9569204149,91601.0077789643,114071.46327914084,,176975.3569804433
2012-03-29,541435.8512918549,91448.6610253115,113876.21004333113,,176296.8181736989
2012-03-30,542424.1714522472,91809.62802108373,114248.72404831383,,175956.83220183811
2012-04-02,548312.017074863,92760.02988360163,115171.27955301933,,177778.54935884
2012-04-03,548383.2463759881,91885.17366780467,114727.53832513317,,177725.03531985055
2012-04-04,545202.8959919752,90477.93516911712,113520.72601019012,,175301.5145156304
2012-04-05,549468.5586733733,90287.57605234074,113485.1262466079,,176393.96096264754
2012-04-09,543751.4697412276,89507.82747775476,112225.13004637614,,175064.3292429166
2012-04-10,527772.4161752133,87720.33394624946,110273.08331313127,,172250.25962318294
2012-04-11,535700.7309545326,88727.79704992603,111177.90469810095,,173082.2879090655
2012-04-12,538454.4738631212,90267.52483063733,112703.82949955505,,175060.16168415462
2012-04-13,537778.784220399,88784.31994915938,111355.10105253787,,172402.46028271213
2012-04-16,536350.6555842959,89088.27877396278,111230.76504981205,,170473.86409375397
2012-04-17,542933.8834136055,90456.9268206362,112934.07551569316,,173936.20136090997
2012-04-18,545084.8946702266,89905.31333841688,112543.61677850461,,173492.10172338958
2012-04-19,539370.5567695876,89505.8391629202,111815.90139066929,,171537.59445023618
2012-04-20,542590.5817811998,89790.72462205593,111993.25427855841,,171067.4829354937
2012-04-23,537316.4834799349,88630.7352254032,111034.91996525884,,169503.6031512761
2012-04-24,529571.8911859377,88953.70752265437,111442.89439874662,,168590.83233637677
2012-04-25,539020.2569436952,90151.26012794196,113004.2666360234,,173068.55373165337
2012-04-26,548887.814444423,90911.48141114491,113784.89665951088,,174082.77379824204
2012-04-27,560588.8058603621,91101.34883326072,114015.41614751714,,175122.96975243514
2012-04-30,546994.0371804957,90720.85719541289,113518.42911263583,,173871.68370285293
2012-05-01,558517.1218009715,91176.89440091973,114263.57445237854,,174156.750320722
2012-05-02,563968.4312616114,90834.38055296498,113908.60002011195,,174650.09147853465
2012-05-03,550408.9477620844,90073.70708298433,113074.46542297545,,172799.88557212023
2012-05-04,534055.9216719393,88476.39865872273,111228.91164946319,,168501.9663112536
2012-05-07,537804.3328839068,88856.41622560626,111317.47337543439,,168656.94424812275
2012-05-08,522243.7899696531,87962.57176372338,110838.25098747849,,168030.60887935563
2012-05-09,520853.24390575313,87125.88438742966,110217.09694622939,,167508.5255030742
2012-05-10,524324.299086881,87353.74277811627,110412.15457291265,,167168.65083253296
2012-05-11,523784.30768902326,87068.32834708833,110057.12695731189,,167141.2782311482
2012-05-14,515492.0327761891,85642.2013237014,108885.89194106375,,165577.6492915054
2012-05-15,517925.6598785641,84919.58386996576,108282.49228672724,,165029.54503333938
2012-05-16,517086.1756213429,84253.91277581174,107820.97396810677,,163908.59555136898
2012-05-17,497857.4243024113,83093.95693903284,106188.38292904203,,160444.27693874977
2012-05-18,491191.55541212583,82390.3150157478,105354.34651895594,,158360.00722130036
2012-05-21,508720.9228842976,83930.01954213293,107128.59404512554,,162785.09156147123
2012-05-22,512130.41653234983,83777.67987362157,107359.10811435444,,162601.54360035522
2012-05-23,512867.4699400189,83492.26678618613,107358.98033670623,,162912.67402823095
2012-05-24,511415.8804314854,83244.89914242952,107554.05639215503,,161843.90552954734
2012-05-25,514587.9201381924,83073.58057320237,107305.52134740559,,161634.3253764157
2012-05-28,514587.9201381924,83073.58057320237,107305.52134740559,,161634.3253764157
2012-05-29,523897.61374170805,84214.01746866955,108529.71311450949,,163689.91878755591
2012-05-30,511289.60341913725,82559.8498629049,106968.11500559899,,162308.68016020185
2012-05-31,509156.9628833058,82616.61114105865,106701.8760471279,,161604.44542165307
2012-06-01,490815.8810644532,80734.3016664707,104093.36181842315,,157307.2628593742
2012-06-04,490045.39586214075,80943.18089065976,104057.78364154008,,158503.65434148404
2012-06-05,494423.5859599496,81361.18664578955,104660.91979870536,,159153.30844802613
2012-06-06,504324.3355908776,83585.24805130897,107162.70644469856,,162796.94795695035
2012-06-07,492462.6603017236,83585.0159611478,107144.78675919506,,162144.75458183975
2012-06-08,504191.32924131403,83698.86252227104,108031.8796768046,,163705.54737355444
2012-06-11,497674.0953679467,82615.00535791865,106718.7184591153,,160944.5665945047
2012-06-12,511667.09025053034,83831.47214612074,107960.63637877851,,162895.86900605826
2012-06-13,502684.96552900324,83146.84780421315,107250.79479159093,,161775.10528055753
2012-06-14,501016.6299744035,83735.94542958737,108439.43711102016,,162372.6483080192
2012-06-15,509500.97475961695,84781.29331652165,109397.4657198424,,164388.3895355358
2012-06-18,515078.95812324533,84857.12233806441,109628.02419450157,,165926.57373775716
2012-06-19,522317.6160779382,86073.53614717885,110745.76914235533,,167647.42245291258
2012-06-20,520314.2545090104,86206.36936193243,110568.16891057506,,167776.53026875848
2012-06-21,506341.1066155816,83962.88473570648,108137.18778732141,,163600.32456070374
2012-06-22,510866.51994613657,84761.07051101954,108917.75172755751,,165321.1170620321
2012-06-25,501249.2182892228,83087.95828526754,107187.4976626141,,162136.57730440388
2012-06-26,509158.0581034089,83562.97310543714,107704.6007226056,,163152.93636688075
2012-06-27,500502.99173625954,84380.17902757615,108667.6437422628,,164143.08269766683
2012-06-28,485889.05615886697,84132.84031856128,108417.81296730386,,162315.40756039563
2012-06-29,498148.650242653,86851.01634144693,111110.98638712271,,167428.04125680093
2012-07-02,501451.1284530881,87173.97039057066,111414.06045302395,,167922.40452335405
2012-07-03,502144.4528378118,88105.17075988467,112145.24640553816,,169329.98622774897
2012-07-04,502144.45785299066,88105.17075988467,112145.24640553816,,169329.98622774897
2012-07-05,511051.39378186606,87268.48404254673,111663.49549371478,,169433.00947027153
2012-07-06,508740.5431561764,86317.75919434184,110628.85789766065,,167318.3608519563
2012-07-09,503426.021516903,86089.41468958727,110486.06301599527,,167003.89241990502
2012-07-10,501531.10872835724,85404.86307142719,109469.23830970869,,165358.8973425694
2012-07-11,494394.16717104387,85575.67374328103,109486.96039687844,,164444.4736773755
2012-07-12,492722.9082340277,84720.04021095006,108916.0578336885,,162903.8541214094
2012-07-13,503405.079978489,86069.47320223397,110770.91412792329,,165381.12149680004
2012-07-16,499591.2546714834,86050.18925550916,110521.04942057801,,164910.1672260926
2012-07-17,499892.9845958212,86582.2424227238,111305.71607961738,,165769.8002534099
2012-07-18,501898.8613743319,87038.19283519093,112108.22446628734,,168012.10691088444
2012-07-19,498215.3214651265,87570.23035051716,112393.46678783603,,169863.11440554773
2012-07-20,487869.9090304784,86315.3624196027,111358.8232891305,,167618.1575670532
2012-07-23,489285.3511144933,85098.57094194513,110252.86017169656,,165581.87177511622
2012-07-24,482662.55471389834,84147.85395301288,109378.77858596956,,164276.16753759127
2012-07-25,467964.977458851,84432.78162678782,109307.27444463373,,163179.20590414415
2012-07-26,472054.3912910133,86257.37958152266,111090.7798965846,,165343.151989374
2012-07-27,477468.16202936263,88005.96858136357,113230.94186082971,,169254.98500002557
2012-07-30,479510.5493074403,87796.61361784178,113177.28548908481,,169123.1755983001
2012-07-31,479264.8674114783,87473.22242351114,112445.90081597891,,169069.6631536671
2012-08-01,471416.59673011815,87206.89633839202,112320.91534411213,,168572.72350524875
2012-08-02,468962.6015555047,86332.1998975584,111536.00334443567,,167971.3852615213
2012-08-03,480192.2899467583,88498.98094069515,113711.83004665667,,171152.57293668878
2012-08-06,485640.063536188,88935.9250927604,114014.91837671198,,172455.52313665894
2012-08-07,492098.1205494919,89562.96961519307,114532.04749891614,,173888.935184713
2012-08-08,487122.71484798705,89486.7038917629,114656.7273797334,,173809.3427179098
2012-08-09,477118.1841294745,89676.49745198998,114781.42431234645,,174329.59360672074
2012-08-10,463130.776279358,89847.33555466334,114959.65932706925,,174432.56685706455
2012-08-13,459184.8259557763,89638.01113415805,114870.36715344236,,174848.5721632583
2012-08-14,477272.1725429574,89675.7504231699,114923.70796488108,,174925.45089829198
2012-08-15,478294.3978835026,89732.54324367605,115048.46470577954,,175367.44443344045
2012-08-16,482457.19441136514,90625.68821969816,115833.07072363379,,177452.77105651866
2012-08-17,489178.27759751474,90701.46207282842,116100.44967347263,,178233.96158545266
2012-08-20,489587.20316180383,90587.12750864167,116064.65997186038,,178493.43757077798
2012-08-21,488866.1526237408,90605.94939820458,115707.81624368578,,177787.67557157023
2012-08-22,491660.07842644845,90529.6530403767,115725.52159208863,,178516.6698140003
2012-08-23,486709.93244275247,89921.10492175016,114815.76161837924,,177054.53324616575
2012-08-24,493624.4277616421,90072.95386802411,115529.04226371075,,178148.63990168573
2012-08-27,493960.08817538415,90034.66676618064,115528.90475995047,,178434.17064777928
2012-08-28,495751.01970750635,90053.45012750581,115421.72672476538,,178432.75470572687
2012-08-29,495631.2601233831,89901.10270156423,115528.62975292096,,178431.33877491212
2012-08-30,488513.19127334264,89007.53348870602,114654.54395458508,,176630.24050664844
2012-08-31,492314.9950208677,89634.52654958723,115260.79774450415,,177802.5652028302
2012-09-03,492314.99969023216,89634.52654958723,115260.79774450415,,177802.5652028302
2012-09-04,494906.2585259211,89539.23127309211,114957.47013184012,,177618.5085049525
2012-09-05,492306.7768284892,89405.9399663829,114957.33330852284,,177434.46593703952
2012-09-06,499837.10713931074,91458.48517364862,117347.16721848982,,181371.36281988872
2012-09-07,496835.5826089,92332.56508419974,117828.60183802625,,181109.20599719055
2012-09-10,493296.32447787275,91667.03120598265,117132.86957728265,,178786.5504435227
2012-09-11,491591.42985316267,92237.01719491977,117453.74422823396,,178498.25493241593
2012-09-12,492579.5946105336,92616.90046997713,117828.18111453345,,179018.33974020512
2012-09-13,500484.0431731557,94232.24119443765,119700.73121942638,,181442.48715978838
2012-09-14,496664.901800475,94954.22843376355,120199.94217667342,,183058.03122476157
2012-09-17,498379.03254350176,94478.81437374072,119843.11851743558,,183134.90905232186
2012-09-18,496872.0938647603,94174.41801669006,119718.12914414963,,183289.8013661823
2012-09-19,498760.21675332537,94364.26336756631,119807.17393802863,,183627.3546900468
2012-09-20,500878.535608611,93888.79521164863,119789.1626787712,,183443.44865612857
2012-09-21,504420.7742141103,93888.53450052314,119717.70167235305,,183494.21535093256
2012-09-24,502509.9341166829,93665.18762225247,119561.59041747202,,182420.58762022204
2012-09-25,498726.8909362172,92895.54454613628,118342.43669868076,,179856.04285061132
2012-09-26,498069.97482331743,92183.64935321957,117589.37818232976,,178390.00028255195
2012-09-27,501412.7771952962,93337.4266251093,118736.54698780534,,180847.0202348226
2012-09-28,499071.7529929494,92413.91157647308,118198.58878873066,,179354.83240774722
2012-10-01,501521.8640635823,92875.26171679128,118413.54684466377,,179091.97308660715
2012-10-02,501756.9872382497,93240.46387146131,118574.73410522343,,179613.49844416985
2012-10-03,506947.81236871233,93124.84868331709,119058.64638634984,,180762.82231518772
2012-10-04,508591.56171449175,93951.6112271222,119972.77947618256,,181388.98779245166
2012-10-05,510201.3602600371,93989.8022205317,119936.75236737342,,180420.0581132753
2012-10-08,505600.8977108275,93566.43245251726,119578.11385404186,,178770.99950218713
2012-10-09,499371.7975597655,92508.3091218122,118412.70122101453,,175919.07064652545
2012-10-10,498095.2307644164,92027.19386684254,117605.87301098058,,175028.54974868716
2012-10-11,493219.80363810936,92469.30412334256,117677.44060514722,,174477.99485516493
2012-10-12,491196.51256717124,92084.394625096,117265.03671728687,,174398.157048623
2012-10-15,496811.94259227195,92911.18377251446,118250.84570125472,,175678.15130330922
2012-10-16,501604.44982875267,94103.36848210177,119451.78295455323,,178161.04120743443
2012-10-17,501572.0489326803,94660.880821045,120007.36096229737,,178055.00687842813
2012-10-18,501518.55091250816,94468.31363409403,119702.45192489089,,175987.79465222746
2012-10-19,493150.26960089186,93006.29374468057,117658.68865415629,,171776.31487934702
2012-10-22,492877.7143430946,93390.73154644425,117730.28160952865,,172663.99781013007
2012-10-23,489785.7717638252,91755.63041861187,116009.17618721141,,171015.23432261706
2012-10-24,488804.9833479164,91659.18474220358,115758.1033370493,,170412.44791240426
2012-10-25,481994.71244146803,92235.95458546818,116080.60675336668,,170411.09563481802
2012-10-26,480738.64654638746,91947.16718982512,115990.87650456674,,170906.52599491162
2012-10-29,480738.64654638746,91947.16718982512,115990.87650456674,,170906.52599491162
2012-10-30,480738.64654638746,91947.16718982512,115990.87650456674,,170906.52599491162
2012-10-31,482825.5165049716,91850.81131763688,115883.13959983642,,169859.24378214098
2012-11-01,488893.1344628513,93216.09559130801,117245.45912106248,,172263.55935073268
2012-11-02,480320.5915530478,92234.93011013066,116187.6266863689,,170431.85371481036
2012-11-05,486353.03503718117,92369.35292317362,116456.35879572087,,171554.83572449008
2012-11-06,490642.6787681342,93138.35989106692,117316.69464199059,,171867.22764277636
2012-11-07,483083.41915589565,91407.1613224688,114753.11546215414,,167813.05713874075
2012-11-08,474130.8838011358,90483.73082550216,113229.2408436127,,165170.82946163698
2012-11-09,468984.9066929985,90521.93894344413,113354.65003527899,,165875.5197181545
2012-11-12,473571.6746009696,90598.64590445055,113515.79476413291,,165848.01517988252
2012-11-13,473889.151492641,90040.63707719996,113103.34493015341,,164696.24138058003
2012-11-14,462852.57526073337,88982.59406235247,111722.9516322136,,162760.16247839673
2012-11-15,461900.00574124,88847.73073026232,111292.57634410626,,162209.78275832944
2012-11-16,469620.9266873612,89135.984982892,111866.05336161504,,162914.43485422333
2012-11-19,480354.5442769467,91020.48381729348,114142.54830276158,,166782.71730200027
2012-11-20,486606.10067724576,90904.83530965696,114267.89464516874,,166833.63329385378
2012-11-21,488042.524700874,91212.30075401165,114518.72273516636,,167172.24453493152
2012-11-22,488042.524700874,91212.30075401165,114518.72273516636,,167172.24453493152
2012-11-23,493464.93650030484,92673.6659798066,115970.61850022693,,169706.9477125673
2012-11-26,491360.46940206876,92442.65883052329,115827.01823932424,,170437.72112111715
2012-11-27,489866.89104506513,91884.59913799007,115271.18607364692,,169861.13599716674
2012-11-28,493868.411045955,92672.8939746515,116131.4906180833,,171323.9153106869
2012-11-29,495657.012586291,93172.68988146026,116651.19729869779,,172342.17488949338
2012-11-30,496325.3487870051,93249.35685711371,116543.51433948464,,172053.22585761355
2012-12-03,494791.5485627009,93018.30157508164,116131.07595569479,,171711.94432744134
2012-12-04,492560.40537422436,93133.44610883665,115915.82398745915,,171606.0317754463
2012-12-05,489639.3098074748,93402.40032474842,116166.64742674794,,169696.174584798
2012-12-06,492140.71211879986,93767.56629807931,116525.03122325597,,170792.8599003925
2012-12-07,496273.0141083552,93959.63241804682,116883.43151342607,,169771.93406572923
2012-12-10,496152.74526661175,93997.82874413127,116955.00531198774,,170267.33761111044
2012-12-11,497687.80253856914,94728.35262130546,117707.71204184611,,172488.1148443024
2012-12-12,499508.0824124171,94901.18595954124,117797.22154789255,,172120.7096973813
2012-12-13,495083.6731602429,94304.72090728559,117080.015472826,,170759.97832345104
2012-12-14,496483.15815703856,94362.19398803439,116703.43715442007,,169137.7924884042
2012-12-17,505980.10186069,95150.38383565332,118101.50962175327,,171384.66899679595
2012-12-18,509482.7787586926,96092.44541276246,119302.38700039855,,173997.46732570865
2012-12-19,504237.77394072997,95899.876254637,118423.92524288049,,173238.00576123566
2012-12-20,507205.56442992674,96512.18645877106,119158.70456587056,,173236.6310585871
2012-12-21,501166.265343356,95695.14542891993,118047.14590120075,,171413.56341639732
2012-12-24,501929.588068652,95539.3043167809,117704.00525902305,,171070.48850286935
2012-12-25,501929.588068652,95539.3043167809,117704.00525902305,,171070.48850286935
2012-12-26,496874.4502474545,95383.48396418273,117144.18563513218,,169570.83470377172
2012-12-27,496384.79079215514,95480.43328112146,117035.69776485804,,169306.54957158427
2012-12-28,491048.65248744475,94896.7553756514,115735.6909335877,,167675.55453223834
2012-12-31,502784.5061716363,96141.08110276355,117721.51159238031,,171222.73008249342
2013-01-01,502784.53490657517,96141.08110276355,117721.51159238031,,171222.73008249342
2013-01-02,520660.70712978375,98241.1322177116,120628.06049709083,,176662.45311284438
2013-01-03,511718.48811035143,97696.31486168214,120519.58634206104,,175741.02753871365
2013-01-04,513984.90635932615,98162.79049032544,121024.9618777192,,175161.36834778456
2013-01-07,507781.852646667,97656.88925280764,120699.86155541593,,175212.61984422835
2013-01-08,509359.7185720298,97287.11588237369,120338.62013998571,,174869.5503990266
2013-01-09,511278.97764806455,97714.67609866388,120699.57423659183,,175525.21197010198
2013-01-10,512160.99193531886,98745.09997005548,121584.11060073547,,176575.1769809113
2013-01-11,507932.8188640606,98686.51678592259,121638.05273226244,,176810.32410953232
2013-01-14,508942.32895011373,98744.55156909527,121529.63031749001,,176020.38433941547
2013-01-15,513009.0101485723,98647.08632398001,121583.67646472737,,175151.63880742597
2013-01-16,520153.05460573814,98452.34132202796,121583.5317530692,,175859.88818292212
2013-01-17,527586.62823424,99093.79781607704,122341.61402161366,,176699.58146537104
2013-01-18,526002.8914707088,99190.7427228818,122684.46160672045,,176303.88420830373
2013-01-21,526002.9202638601,99190.7427228818,122684.46160672045,,176303.88420830373
2013-01-22,527934.7917678545,99579.37634931786,123280.11659526303,,176591.7043575881
2013-01-23,532003.5206177783,99501.34608494487,123460.54694899806,,177667.7500240546
2013-01-24,536362.1964571106,99695.5381557794,123532.59605800458,,175222.1365902426
2013-01-25,541892.2836394134,100239.73344750148,124218.51889005424,,176114.33669133013
2013-01-28,538880.1274691764,99850.55035088117,124073.93590930094,,176507.2073848786
2013-01-29,552302.4402743576,100394.78197373144,124579.28023832425,,176532.0850967101
2013-01-30,553537.104384898,100258.35396507294,124091.65479198498,,176162.77891223153
2013-01-31,544921.2551233693,99985.83754592451,123802.65520793866,,175767.1221601416
2013-02-01,552434.0351537276,100918.96467826942,124994.08985423553,,177841.9038620297
2013-02-04,542748.9234074007,99499.13569407811,123621.87186800843,,174739.3969899853
2013-02-05,542867.7274786883,100179.45871057587,124885.42987461669,,177313.4789829036
2013-02-06,543800.6374596781,100276.3973610362,124993.64353974456,,176733.93069136824
2013-02-07,546880.2875533276,99751.07584860575,124831.02088603766,,176890.2008574687
2013-02-08,553407.2376980683,100353.6711785547,125516.92533176178,,178702.07949757783
2013-02-11,551845.4848489616,100217.2264168198,125462.55161186229,,178753.19197617393
2013-02-12,556382.4376057383,100528.09026530753,125660.99039987058,,178016.02659177166
2013-02-13,557954.560657975,100722.28186788825,125769.16780431563,,178645.29561330765
2013-02-14,578080.362808086,100566.40213091919,125949.55706301864,,178591.29265028346
2013-02-15,575532.978465901,100313.35804523459,125786.91708569284,,178064.29521485572
2013-02-18,575532.9937001381,100313.35804523459,125786.91708569284,,178064.29521485572
2013-02-19,578099.5822678843,101188.12097456434,126653.35401631572,,179350.5245359059
2013-02-20,560146.578245286,100040.58269381602,125082.55641387978,,176589.944107259
2013-02-21,560047.6475542599,99009.67990040722,124486.66478629936,,174696.51689952172
2013-02-22,571557.6107863003,100020.56244113004,125569.67450515901,,176455.76743142947
2013-02-25,558470.47419725,98153.52308171178,123204.57359008955,,174273.20492569217
2013-02-26,566400.8896917874,98775.52919047822,124034.87666253098,,174928.7940542643
2013-02-27,576616.1396608884,99864.19230233922,125587.32669259582,,176714.29743103255
2013-02-28,575302.7213576629,99669.40985435611,125442.7371920942,,176345.04819369433
2013-03-01,580696.1357491885,99921.92143066373,125767.5211758716,,177079.33688328502
2013-03-04,589674.0777640323,100154.99711117217,126471.47805692098,,177866.2507054606
2013-03-05,595281.3251235996,101088.07927250623,127554.54577031906,,180492.4774654326
2013-03-06,594856.8536884862,101243.36315066201,127789.05800003714,,180044.30080945403
2013-03-07,595566.2020100228,101612.5232571437,128023.6650735653,,180515.93069406817
2013-03-08,600539.521459212,102020.59959392405,128528.87570472277,,180724.69127884012
2013-03-11,601299.3379378481,102311.96887057176,128998.22260631956,,181248.80846406776
2013-03-12,601070.6440889479,101786.68373464326,128709.1570822205,,180590.4502753095
2013-03-13,600254.3767087294,101728.06890461058,128889.54764518347,,180352.48982184756
2013-03-14,603116.6241376235,102447.2345349184,129575.41980189938,,180955.40192783132
2013-03-15,599070.7074429824,102155.3007148023,129394.75694030777,,180450.97075819137
2013-03-18,598892.641658528,101493.89466939624,128690.51341131434,,180054.54757178164
2013-03-19,598532.8074490859,100793.61455525031,128383.43644592077,,179710.751662532
2013-03-20,606865.0845906569,101668.3151621927,129267.92283685932,,180973.407497915
2013-03-21,601904.1150700881,100870.8297178449,128220.63654092749,,178917.81257477545
2013-03-22,605499.8813435866,101561.0439919954,129154.66021082549,,180654.46942452277
2013-03-25,604519.7096326186,100956.09994710771,128791.70519250674,,179994.7171034943
2013-03-26,610247.6631657912,101716.5655993855,129752.93255383628,,180967.6631873969
2013-03-27,613710.8119695021,101599.22420305254,129680.20415444407,,181203.18405884245
2013-03-28,617563.7237431838,102008.53783032268,129970.2672531119,,181649.42003122042
2013-03-29,617563.7237431838,102008.53783032268,129970.2672531119,,181649.42003122042
2013-04-01,614526.8885304763,101130.54612732278,129607.37370088653,,180410.32614722825
2013-04-02,611104.6667821242,101734.91892414553,130242.00517585607,,181830.82633575884
2013-04-03,594768.9906270339,100622.80763042266,128935.89798203322,,180170.41264579506
2013-04-04,595245.4809377028,101188.20246996863,129443.65515788631,,180221.70018853652
2013-04-05,594176.6411778762,100856.32299715666,128935.59105361023,,178719.3192451088
2013-04-08,599728.4294659926,101343.66300811445,129733.52770569465,,179665.76572024767
2013-04-09,600917.9942319228,101655.49536318345,130204.95211882812,,180875.67634810545
2013-04-10,603297.5573003127,103040.0941384817,131800.94755725222,,184402.7452130257
2013-04-11,607779.2891156508,103546.92667138104,132236.21192753766,,184322.37723932948
2013-04-12,607729.8090817763,103098.02966833938,131945.8145221421,,184189.2621564022
2013-04-15,586857.6344525649,100542.57209117773,128934.67027272601,,180553.96290098474
2013-04-16,599871.8228795363,102180.69092664905,130748.38681315636,,182948.7049043653
2013-04-17,592647.7827336623,100366.43212048887,128825.54758117798,,179366.23149787082
2013-04-18,586271.411693318,99898.04655608992,127773.36810887462,,176889.72506873336
2013-04-19,599349.1604230239,101009.5807702005,129133.52694610045,,179310.69457991797
2013-04-22,603997.5172154738,101340.84885237552,129713.83177930431,,181152.4745235453
2013-04-23,612512.0208279921,102471.85520997862,131092.18020510778,,182888.72312972398
2013-04-24,607784.9373204543,102900.66798788973,131128.3363520502,,182808.3728079444
2013-04-25,612554.9961087538,103485.52509548975,131708.60204705657,,183781.06694499453
2013-04-26,613793.3214761644,103212.17911413709,131418.20872498778,,183200.39738610986
2013-04-29,617355.291252318,104226.12586070811,132270.53987122525,,184884.02129810664
2013-04-30,600083.9193251408,104732.94673166079,132687.5672244385,,186225.27413083444
2013-05-01,590150.9461392731,103718.44806627202,131490.29401106047,,185355.0002688558
2013-05-02,599957.7230117397,104517.84483739245,132669.05637761363,,187696.76707430207
2013-05-03,611250.2923171516,105648.77745125786,133920.47437881125,,189906.9159853007
2013-05-06,614741.8238486376,105765.5640701782,134337.47176367245,,190642.53749277839
2013-05-07,615629.0354959837,106213.83875841423,135026.5507354499,,190535.76624222964
2013-05-08,608816.350363476,106954.69495653463,135733.7709306081,,191455.66706624138
2013-05-09,604947.2899183234,106427.80589144937,135334.60559538333,,191190.94989075363
2013-05-10,604147.009177425,106466.48354338181,135806.04511836497,,192347.8527684303
2013-05-13,609912.5125917525,106388.17211091096,135787.80138314,,192583.2119442778
2013-05-14,623973.2964907833,107070.51537330203,137220.4508986179,,193582.10318524527
2013-05-15,631763.2015868374,107479.80609171798,138000.21795147765,,193975.47456830728
2013-05-16,624776.4413425662,106913.90039828097,137365.19674274887,,193763.3853273483
2013-05-17,636273.0600540377,107791.28871969516,138671.05708250566,,195630.9679335815
2013-05-20,635526.533994887,107908.01641245185,138670.89202872774,,195339.83548750583
2013-05-21,633878.7387068011,108063.69600275769,138851.9715531396,,195548.89753948073
2013-05-22,628870.2892791964,106971.23596567857,137926.8521018154,,193836.08788241367
2013-05-23,624411.1147310473,106483.34364577412,137436.93241062283,,193387.13759870836
2013-05-24,625773.4983494021,105839.42636965885,137255.44684398873,,193280.28820289773
2013-05-27,625773.4983494021,105839.42636965885,137255.44684398873,,193280.28820289773
2013-05-28,631548.8416225649,106248.70146152412,138234.70546640892,,194542.27527810264
2013-05-29,627580.819361899,105448.77155813042,137182.55853205422,,193619.48827852885
2013-05-30,628272.6742088534,105955.57934087086,137780.94297665948,,194644.54480772486
2013-05-31,621124.988648627,104141.45630151792,135767.47975120018,,192852.88505119324
2013-06-03,616572.8568510506,104784.73997471716,136474.76279928972,,193193.74856502263
2013-06-04,612321.171016166,104394.42611038427,136057.33209679663,,192191.81753311856
2013-06-05,599787.2724098656,102638.86407846365,133971.35165964466,,189689.49662593764
2013-06-06,609077.3328136895,103496.73204253259,135023.17575895018,,190609.25792139996
2013-06-07,620608.717440078,104432.51762512211,136909.3227652107,,193213.85350288282
2013-06-10,617132.7446274254,104490.75874960565,136854.74131379262,,193291.2104553239
2013-06-11,609528.6842426751,103105.77282288669,135458.03239535,,191368.0737168595
2013-06-12,603276.8595690224,102539.91750330628,134405.85792884408,,189155.40183530806
2013-06-13,612729.9410291319,104060.86248603559,136346.44100491394,,191549.36320465192
2013-06-14,609941.1598163252,103163.45430114832,135511.94092880137,,190284.36306759552
2013-06-17,613811.0652461653,104235.78598961166,136600.0303175169,,192125.35106107715
2013-06-18,613391.9368548994,105015.6001942456,137651.85861301015,,193703.16832604626
2013-06-19,606343.1752915983,103162.59488133332,135819.78837266733,,191543.28315350515
2013-06-20,581927.1250873213,100022.37134293384,132373.54221496594,,186988.08731284554
2013-06-21,578350.4254499082,100217.10296741994,132790.61177519494,,185993.80288806726
2013-06-24,569102.5313554411,98641.23167562205,131111.50487164612,,184144.02106919605
2013-06-25,579432.0267110472,99958.8920211985,132423.83634973763,,185489.22174676775
2013-06-26,585230.6759172087,100725.7284530123,133663.24929761284,,187151.19757957078
2013-06-27,585708.4870601301,101767.98307081276,134556.32887510757,,187941.9046977881
2013-06-28,582426.589106143,101354.64750011942,133717.60886534044,,188204.3445978522
2013-07-01,585144.0937315703,102200.17813753245,134720.0849852395,,189364.53391150766
2013-07-02,581039.2309256379,101629.47492242132,134519.36486438074,,189442.26984132352
2013-07-03,576378.6983571831,101786.54112357163,134646.7625925924,,190206.4425547028
2013-07-04,576378.6983571831,101786.54112357163,134646.7625925924,,190206.4425547028
2013-07-05,584020.4168299023,102514.04258642346,136141.45285705186,,191657.10291516077
2013-07-08,587872.9529960934,102907.1565970982,136852.2187653853,,191840.42293776487
2013-07-09,596000.029138643,103595.36384602332,137891.09050867232,,193000.67170825612
2013-07-10,596905.3505433385,103732.72467419386,137927.37502347218,,194107.94398773045
2013-07-11,605924.165161926,106014.16575002813,139877.74410671258,,197961.08825899192
2013-07-12,613789.4006434266,105758.15461532028,139913.99148153557,,198830.8473307154
2013-07-15,615240.9380114857,106308.6193922949,140424.2688547148,,199278.05824085092
2013-07-16,613453.362199146,105993.60451621945,139895.44718958758,,199012.45660562092
2013-07-17,616202.6173559014,106426.07710584371,140241.56237756636,,199512.48050562944
2013-07-18,616828.3316391293,106976.48572093756,141043.52863926097,,199009.29809459034
2013-07-19,619936.2495873753,106976.1886551162,141298.5684911206,,196948.40533880604
2013-07-22,622550.8455951993,107467.63871079609,141553.58171963046,,197527.73132449112
2013-07-23,614207.1865537945,107526.3537485451,141261.74051845653,,196074.11000855814
2013-07-24,612464.4788049046,107171.99521810377,140732.9216324317,,196706.2531714321
2013-07-25,615919.2654264752,107388.08243706539,140987.97798266832,,197945.3796441322
2013-07-26,618353.978245813,107112.4069114455,141170.06811128368,,198999.82286230472
2013-07-29,615240.1417809312,106541.66885561911,140750.68216951215,,198628.69548926444
2013-07-30,616629.1060245816,106462.72261047577,140768.74299223121,,199683.02692464017
2013-07-31,616924.6424570862,106580.41216791545,140805.07546178182,,200051.02948501756
2013-08-01,623561.2918225114,107996.31246109422,142518.33421094576,,202082.2447367979
2013-08-02,622528.7791474644,108310.73080624783,142736.92136651132,,203215.6140160231
2013-08-05,625057.6991451565,108074.40195003132,142645.61014522056,,203346.10885499974
2013-08-06,620490.5036242787,107562.74221604073,141788.65220108375,,202130.09279593057
2013-08-07,607329.8882458989,106952.64969096049,141296.38214375704,,201759.02830444154
2013-08-08,609168.2575765435,107916.13428931456,141788.31467088324,,202760.57337881878
2013-08-09,607502.6721454446,107837.17603104308,141387.14331968914,,201940.58710523928
2013-08-12,605681.9347971265,107777.82562981642,141204.71947853966,,202414.0867108617
2013-08-13,607860.874495044,108288.93851157173,141751.3867938352,,203547.59188246008
2013-08-14,604159.5496538993,108052.62424814119,140949.1290465563,,202780.38722391106
2013-08-15,589352.4248329516,106793.53240335023,138889.2389338224,,199347.2706214546
2013-08-16,591494.3942834254,106655.55789581117,138488.00404662688,,199266.60458578018
2013-08-19,588049.4922233935,105789.8726522726,137612.87554223413,,198921.85785290087
2013-08-20,594511.1878229495,106123.94344213323,138159.60458084702,,199791.1762411085
2013-08-21,592322.6465619918,105022.19455275053,137448.53926773314,,199103.3603712283
2013-08-22,597520.9099143859,105965.9712170843,138651.42256961134,,201055.12517298677
2013-08-23,602179.3157068606,106654.07703226231,139106.94790842393,,202399.63084016545
2013-08-26,603324.5340603705,106162.08777458026,138669.32044893835,,202503.621935933
2013-08-27,589295.879494321,104293.2888649858,136390.6742892202,,198358.02247172518
2013-08-28,594846.8987149115,104450.37039179009,136846.19202024414,,199121.84267460645
2013-08-29,598745.0746902343,104509.08938498973,137064.7202785711,,200519.19669948646
2013-08-30,593461.7962540503,103958.08278567308,136463.11602858524,,199224.29871023766
2013-09-02,593461.7962540503,103958.08278567308,136463.11602858524,,199224.29871023766
2013-09-03,600691.2215231772,104901.83410664611,137264.8914699803,,200357.6806854953
2013-09-04,606610.6857694503,105983.30325682311,138413.14947693524,,202493.9803105755
2013-09-05,609735.4224609252,106199.35646250301,138376.51181083213,,202835.4390063738
2013-09-06,606757.6307843429,106474.4166895383,138613.3427566292,,203071.43610155073
2013-09-09,610952.9615343314,107929.50730776439,139980.2846343565,,205445.26809948287
2013-09-10,619426.0686605674,108971.60417531991,141037.3172808551,,206446.56399159678
2013-09-11,620904.6661699516,109285.98626598356,141474.64892625253,,206048.9986411294
2013-09-12,617687.3373237205,108715.31276069135,141128.11126565826,,205915.4187437751
2013-09-13,623257.9539409232,109069.035397731,141419.61182699993,,206045.72843939858
2013-09-16,627377.164372499,109835.77691509837,142276.0816987814,,205489.80863249744
2013-09-17,631309.6080880713,110091.11620704446,142859.2827310098,,206860.64430631214
2013-09-18,642401.0960450721,112254.20170322848,144572.49773743554,,209339.80852402363
2013-09-19,644182.7385931563,111899.86937773836,144335.34121997125,,209839.63852720996
2013-09-20,639247.4746227813,110896.53619776599,143205.11339290222,,209117.99932347363
2013-09-23,630678.4187522483,110728.31595675947,142679.11952505403,,208692.76060037766
2013-09-24,632970.2118349624,110530.47918773469,142367.5559136423,,208691.10451078595
2013-09-25,631518.5403900695,110431.44765154585,141909.38406376928,,207974.77614466057
2013-09-26,635649.1853390288,110786.66785906916,142477.07605504547,,209587.73131589952
2013-09-27,635307.7544103217,110430.83432652203,141872.35723459048,,209321.3730788949
2013-09-30,633302.6765904975,109758.96738484295,141084.49851578922,,208816.81555983418
2013-10-01,645526.679019506,110627.77736874252,142165.17536879156,,210932.73001266542
2013-10-02,650248.1719350693,110469.42352000569,141981.80455333894,,210851.61145748096
2013-10-03,646484.531363475,109817.296716119,140717.59196779566,,208388.2696201814
2013-10-04,657469.8411078331,110271.27515018836,141743.35794337513,,210186.58725850578
2013-10-07,648274.6352815506,109382.1392129337,140534.0560400177,,208437.9614697795
2013-10-08,632260.1344699737,108216.41723956417,138903.55229000965,,204413.14832883418
2013-10-09,626247.9476957199,108433.39428835583,138903.3869594517,,203776.3521682801
2013-10-10,645988.7441592094,110665.08573597267,142035.68910670796,,208088.94943470033
2013-10-11,650025.1229920265,111435.16252373191,142878.2733451723,,209728.22791251916
2013-10-14,658997.1495580551,111711.37138251906,143500.96718896908,,211208.84735852244
2013-10-15,653615.8367299911,110940.70122778662,142438.2436810675,,210386.6298763559
2013-10-16,669671.2625708458,112165.01430112179,144379.95158604428,,212766.9027981726
2013-10-17,680014.6968116638,113270.79666959404,145368.91842489975,,213982.7748106454
2013-10-18,687618.1344261047,113942.02622584366,146339.70782143122,,217448.21158369794
2013-10-21,692586.8309779045,114060.22311354423,146412.77152272602,,217922.8810661421
2013-10-22,690724.8298067924,114869.7731874613,147200.3154595892,,218238.6712778039
2013-10-23,688393.6159486648,113862.16134297017,146522.3575893931,,216913.65325979746
2013-10-24,689322.7569589493,114474.09084249141,146998.3924916903,,217864.69935921108
2013-10-25,688171.3635425445,114592.2849354257,147676.08528587694,,219424.40321896985
2013-10-28,685416.6596717712,114572.23299783531,147859.08117435325,,219475.69960740567
2013-10-29,694425.0071000931,114848.4445762674,148765.6575942884,,219844.39018406894
2013-10-30,688794.1025195,114413.58863227034,147932.03583476643,,219630.99089037877
2013-10-31,668898.25326622,113820.73744729109,147382.22533380307,,219126.4209518287
2013-11-01,672451.2000601119,113761.13140535644,147803.52308855008,,219177.56130905155
2013-11-04,681532.0380421444,114412.63546159638,148471.89720625785,,219493.38604562517
2013-11-05,683569.0124840002,113563.02652578626,148022.8820133081,,219729.77619818645
2013-11-06,668732.9463176545,114095.95851188368,148709.75858932018,,219675.31122731548
2013-11-07,651493.5992841538,112495.82454029567,146804.3855180372,,215545.08750759033
2013-11-08,662136.1694736298,113483.02825532909,148819.2682471656,,218454.4412874896
2013-11-11,664661.2171630677,113561.76508397011,148791.56886565755,,218108.67314625357
2013-11-12,664423.6712198075,113245.40178913895,148525.79459682002,,218450.97417475216
2013-11-13,672829.9579659372,113877.13172153594,149670.57175678012,,221095.542694966
2013-11-14,678562.9221783548,114410.093711965,150503.8967516063,,221781.77378642734
2013-11-15,679747.1875105768,115239.30544790001,151153.98178351368,,222203.30528627534
2013-11-18,665247.753778544,115179.73704113057,150595.12266665124,,220031.64475360158
2013-11-19,661864.4594489008,114804.10553541656,150301.84312390457,,219394.8036552573
2013-11-20,657812.7640086084,114250.81146471099,149825.3789815477,,218863.83217376337
2013-11-21,662655.4874125391,115020.76653120533,150997.5296634147,,221085.01575761443
2013-11-22,668882.465632525,115454.95367154112,151766.76797477403,,222273.9102079303
2013-11-25,664125.8650904566,115020.12771000092,151674.93431177593,,222801.38657051272
2013-11-26,666722.1893292337,115059.28337290815,151601.53550170927,,223963.92436228076
2013-11-27,674453.6615714222,115493.49660780937,152013.52385643503,,225523.2948169364
2013-11-28,674453.6615714222,115493.49660780937,152013.52385643503,,225523.2948169364
2013-11-29,675405.3239106328,115572.17529328974,151793.48051080454,,226871.02107945646
2013-12-02,672029.0183168888,114781.86244832784,151555.2112244701,,226207.68582447385
2013-12-03,676579.3479382038,114169.28428108187,150968.81918379836,,226020.66511349278
2013-12-04,671308.6197391987,113754.18154275666,150794.64740424883,,226230.53065561442
2013-12-05,669746.4186989308,113339.16063506472,150217.37953538453,,225937.70634934213
2013-12-06,675232.0521368533,114701.5990921352,151920.83811327454,,227576.38010656057
2013-12-09,680591.9967503101,114799.96108476461,152268.70958197827,,228500.67281666325
2013-12-10,682092.3294949085,114621.91446754921,151746.450517995,,228340.16496053254
2013-12-11,669804.4159950763,113298.36806159653,150024.39495100305,,225401.40772844464
2013-12-12,677915.7475647479,112764.79341428,149529.55727644227,,224817.44977655992
2013-12-13,683320.0391211063,112724.9766919399,149483.57950830227,,224524.62816112657
2013-12-16,686593.6755136997,113573.88881859904,150436.00481470002,,225766.39929897283
2013-12-17,690735.9388298541,113119.32456661265,149904.59457275984,,225314.84174426895
2013-12-18,693389.025587514,114679.26947553211,152514.76927098737,,227932.37410137808
2013-12-19,688037.3453430682,114698.73240376089,152377.1370028941,,227295.5313763453
2013-12-20,691701.6689810306,115342.38085819253,153146.33892681464,,229608.17107908492
2013-12-23,697825.2483210117,116256.46268303547,154767.31186960568,,232021.6912191224
2013-12-24,702214.7824167758,116534.44876448039,154411.6403299537,,232125.89160938913
2013-12-26,705973.2128338367,116951.52773488997,155129.73118153622,,232893.8188291244
2013-12-27,694278.2014650851,117308.9628317224,155138.8069750402,,232307.9676337445
2013-12-30,691838.3629469424,117626.64495553254,155074.0941150715,,231961.21727255077
2013-12-31,675875.5615003387,118103.41827917419,155792.19895436347,,233472.11149003133
2014-01-01,675875.5643968395,118103.41827917419,155792.19895436347,,233472.11149003133
2014-01-02,673874.3519793707,116353.88763883946,154392.33928626898,,231639.0206571622
2014-01-03,672828.7327916145,116472.83637031396,154253.99525140063,,229965.10329728748
2014-01-06,666826.6581370531,116154.46880770546,153867.02579382824,,229114.07489332516
2014-01-07,675480.2181422008,116690.83178072245,154824.59777993866,,231235.41644372832
2014-01-08,702437.086283754,116710.4176827663,154888.80250452587,,231737.81388705198
2014-01-09,703404.2653526404,116690.18368139066,154980.753451298,,230966.28297474896
2014-01-10,708710.8973337996,117484.95115363049,155339.74538152822,,231707.61664517978
2014-01-13,691717.0907835024,116172.74592184904,153368.91355532556,,228282.35588309233
2014-01-14,701936.8727717943,117225.87967849993,154961.7661094712,,232632.77069368525
2014-01-15,700870.8840557593,117583.34184780848,155836.455391231,,234541.6102199594
2014-01-16,683365.7316157211,117622.72522025356,155596.78542639065,,234566.26742168292
2014-01-17,670964.4970146758,117185.13364144567,154924.3797176123,,233237.5769558269
2014-01-20,670964.4999166249,117185.13364144567,154924.3797176123,,233237.5769558269
2014-01-21,681203.3496579446,117502.853441701,155412.26732988557,,235013.7760899508
2014-01-22,692667.6666624288,117800.65208170834,155504.1647520516,,235622.17876894915
2014-01-23,693902.8206247874,116727.0164986499,154251.60840481703,,234824.3110495778
2014-01-24,680045.591501838,113705.51154857782,150936.37937472237,,230204.9534288861
2014-01-27,674415.1094891982,113108.86141066342,150199.43905509854,,227974.1172267875
2014-01-28,684375.0770571709,114042.79031487032,151129.3228309704,,227839.65614047353
2014-01-29,673401.280513091,112889.6199017605,149554.45647064273,,225396.58339445142
2014-01-30,694914.4267084409,114022.24780426495,151230.3223489226,,229560.80157087182
2014-01-31,689388.819793802,112849.2443630296,150290.84026516206,,228948.6565927004
2014-02-03,676018.714607641,110602.93003841507,147003.24674663416,,223692.84281160845
2014-02-04,678973.3421413215,111516.93403176253,147997.58578497803,,225336.24037615044
2014-02-05,679629.1209348446,111437.13784117324,147748.72072743194,,224750.70391489423
2014-02-06,694724.82861091,113165.98571612481,149728.4293982808,,227614.67475815586
2014-02-07,710653.8692756578,114437.73683547288,151662.04078686226,,231672.68294410242
2014-02-10,712159.4789820781,114357.92325446967,151901.27081791952,,232997.5155580848
2014-02-11,716860.9151616782,115868.17058070998,153577.0312349647,,235649.14431104567
2014-02-12,717260.3988611352,116086.4659920302,153714.93489642185,,236098.29188269153
2014-02-13,721628.4017464769,116503.5377647603,154469.84796181825,,237847.69161487615
2014-02-14,724275.2395150316,117079.60697128052,155289.23295023423,,238323.39593534698
2014-02-17,724275.2395150316,117079.60697128052,155289.23295023423,,238323.39593534698
2014-02-18,730423.6641833436,117596.02711417961,155519.24919486803,,239488.97186778972
2014-02-19,726547.6778980995,116840.4633791056,154450.91499410977,,237842.02922601675
2014-02-20,733589.899308374,117496.00121167702,155325.54520616255,,238954.47374895206
2014-02-21,727325.861713102,117515.56333956789,155251.66156070255,,238634.2154365761
2014-02-24,729597.292126825,118250.60933371907,155988.16874513982,,239905.91642942932
2014-02-25,732025.8886253143,117952.14523389083,155932.7524857862,,239638.68155806468
2014-02-26,730056.3857399727,117971.68605066897,155932.56688237083,,239424.40931046207
2014-02-27,729924.5227617214,118408.63034554617,156797.93013438358,,240975.83143608063
2014-02-28,722324.026435049,118726.29307737024,157147.6631539274,,240707.4533533453
2014-03-03,721943.7448235245,117116.12193861355,156070.09456124218,,238920.61697628154
2014-03-04,739433.5017389514,119103.26766245041,158298.2634213338,,241955.84568798973
2014-03-05,741513.3297905185,119162.55113392402,158325.78547352972,,242619.85046298188
2014-03-06,737701.2029661395,119698.8361836716,158832.03216672153,,242404.84874572343
2014-03-07,731611.2030433872,119320.88287137603,158795.02884936714,,241204.1004038983
2014-03-10,732619.245666907,118783.94846994159,158822.39414528076,,241415.3263873452
2014-03-11,728167.9418596484,118167.4958606684,157947.4219297703,,240374.40839664178
2014-03-12,732172.6791195133,118047.93098016968,158057.76302383526,,241278.35987485116
2014-03-13,718501.6822694995,116457.63544656687,156308.0300527829,,237866.44137403808
2014-03-14,715876.3214811542,116338.05610045866,155856.60752859688,,236239.55469943723
2014-03-17,720263.8998569705,117331.4635424133,157256.116979656,,238315.52892799277
2014-03-18,728867.7355140903,118225.45790367354,158370.1111909018,,241190.70191022696
2014-03-19,720179.97301142,117072.45431886648,157504.33623482162,,239883.4863743585
2014-03-20,718252.3152507999,117290.72126499865,158397.32290642775,,240547.53894583805
2014-03-21,698864.0099558093,117091.69140911823,157872.30761355342,,237651.34188081196
2014-03-24,693044.9339241245,116991.99954379202,157205.17122307708,,235566.94693739412
2014-03-25,698101.1408819415,117719.20227197725,157972.74905886716,,236339.37946370398
2014-03-26,682893.1901325443,117239.15889073133,156807.04263806285,,233293.91964919335
2014-03-27,678256.3338464954,117538.6503119466,156492.37067327407,,231983.78663474522
2014-03-28,675843.7430620232,118277.8214086499,157185.90323670016,,232435.76041000386
2014-03-31,691087.1430540123,119296.8968714622,158527.00948680582,,234089.19566386557
2014-04-01,703522.2492046395,120175.99294684813,159590.54590553042,,238198.96335885944
2014-04-02,710627.4970769921,120355.54542594164,160136.14213689632,,238811.04045623486
2014-04-03,702029.5291595497,120095.36082106631,159886.26873408412,,236913.66168962055
2014-04-04,678885.8296051064,119055.6684547925,157962.0371277329,,230611.06030683673
2014-04-07,670376.0637788811,118235.90831522853,156259.76525032564,,228420.09850511258
2014-04-08,670548.7713718453,118675.28257924145,156907.06326912803,,230527.38815339585
2014-04-09,687686.0153760948,120074.03088490266,158599.62728132925,,234476.62991576566
2014-04-10,658967.9979772606,117855.18088670344,155213.99300295324,,227213.3800358412
2014-04-11,649212.4711790123,116935.46411448548,153817.00607775702,,224568.55705310544
2014-04-14,650087.932372097,117574.72500282891,155056.34841342233,,226328.81898585203
2014-04-15,654557.8673877754,117554.3729918235,156129.17060598033,,227074.5257428842
2014-04-16,669198.1610698738,118793.2492161614,157775.49675801187,,230089.2390601234
2014-04-17,672849.4106464424,119272.60454209322,157960.34496271747,,230140.80377028344
2014-04-21,685519.6638822594,119452.14359635019,158542.8349858481,,231847.48588400375
2014-04-22,696949.3100376168,119891.48361327719,159236.47327494755,,233687.60412360777
2014-04-23,701765.37385178,119651.34484636998,158857.02284650304,,231630.3159167255
2014-04-24,696630.4490270653,119710.96883162299,159208.21148524267,,233844.06197005307
2014-04-25,679344.002766613,118771.30440080915,157931.60889485973,,230105.01165676507
2014-04-28,673591.779363636,119130.68031317562,158412.41397656873,,230850.61861865668
2014-04-29,686908.0266742745,119729.94683139632,159170.77827310242,,232690.67167749058
2014-04-30,691130.9747352124,120169.31850059681,159670.04774452842,,233302.81174482216
2014-05-01,688129.1338572438,120408.82636902352,159679.0651761871,,233994.98873188696
2014-05-02,690885.3073169878,120448.45222642808,159419.9387693786,,233566.0184585
2014-05-05,688908.5771838413,120468.07295597557,159752.70888521805,,234792.08659265196
2014-05-06,679749.6553451638,119928.14407351082,158365.00263315722,,231747.1364169339
2014-05-07,678308.2251226323,120427.46384532168,159299.10056669454,,231078.01709376348
2014-05-08,661297.4415568324,120247.26563491551,159104.70528792223,,230862.64461905198
2014-05-09,665271.8902737382,120286.83175961832,159382.056285003,,231714.9830609908
2014-05-12,674904.6560664406,121345.79897111311,160889.43650148605,,235530.09954824264
2014-05-13,681907.9005770143,121285.55758502583,161037.30895036086,,235688.4254224558
2014-05-14,677992.3005499203,120985.42132165947,160260.1595803689,,234458.76875939686
2014-05-15,672850.9001917779,120125.66860164882,158816.94260403974,,232615.15385545365
2014-05-16,675888.6316658255,120664.9471722895,159436.50797759515,,234134.62059448825
2014-05-19,683912.9765356313,120784.49906342458,159982.04892157382,,235761.02790269378
2014-05-20,678359.3425713523,119984.76694991383,158927.40112308675,,234904.94450202017
2014-05-21,683969.188816491,120803.84239901898,160305.4331967442,,237145.14392546745
2014-05-22,688865.9789360564,121283.1999119707,160739.9978110579,,238184.2142328139
2014-05-23,697442.8863919622,121802.41395649058,161405.74980661838,,239917.16357560936
2014-05-26,697442.8868578841,121802.41395649058,161405.74980661838,,239917.16357560936
2014-05-27,707064.9065747431,122361.66307440825,162358.2095778287,,242904.60655889942
2014-05-28,706899.2465972188,122141.45795080681,162191.66093740822,,242155.32579411144
2014-05-29,715805.735406846,122880.59955385378,163116.35696085222,,243701.4102340148
2014-05-30,712842.160274476,122620.48577071304,163328.95293024185,,243726.17664210725
2014-06-02,715376.484940895,123099.75074394289,163550.66894996268,,243483.96368162998
2014-06-03,714562.6296705093,122919.52379198055,163448.76111759176,,243375.3659606466
2014-06-04,715237.7277425613,123039.12538090613,163744.61982712097,,244280.77746632692
2014-06-05,717584.3963235702,123958.05882185615,164854.28521105775,,246333.91751332494
2014-06-06,720294.4458574142,124637.20197966529,165640.360463291,,247746.39865374225
2014-06-09,711932.2316945876,124776.76162212837,165806.65582138678,,247557.6509109736
2014-06-10,704178.6532739486,124676.48695759467,165843.39125248953,,247982.68925571503
2014-06-11,701022.3328889693,124236.47198303601,165306.73272221608,,247927.3464041763
2014-06-12,686405.2962850417,123756.52219888575,164076.29554382988,,245683.62700123736
2014-06-13,693499.406323799,124095.88768929594,164594.14578610746,,246402.30580810085
2014-06-16,708603.0852540816,124015.59944761421,164732.7332690738,,246613.7109407127
2014-06-17,718392.0277213092,124255.10512468101,165167.19711808214,,246745.22053788457
2014-06-18,717166.7829550739,124974.17910420217,166397.26975690125,,248130.97810095517
2014-06-19,719659.6815508838,125193.64784647994,166600.4951096709,,247968.91418274035
2014-06-20,725227.104324245,125393.14210627906,166933.22625773927,,248258.6028508867
2014-06-23,727186.3080328937,125192.95250934671,166857.8449960639,,248310.16080980416
2014-06-24,718746.9730261798,124574.520273644,165872.81841174955,,248067.33828311236
2014-06-25,726632.6872786517,124795.63720305223,166578.7215748562,,249644.10946994365
2014-06-26,726504.5657252307,124775.15860989255,166494.91420601166,,249775.92298257773
2014-06-27,731110.7059146698,125197.57361573762,166782.73530858936,,250870.94063387768
2014-06-30,723062.9321352276,125318.05719001137,166736.08547719612,,251297.02315887745
2014-07-01,736141.7200255721,126384.72766786884,167906.60084471936,,254050.98925161074
2014-07-02,723688.8309917777,126485.02578357376,168027.13249501184,,254476.99502730984
2014-07-03,727089.8441777556,127048.40327654431,168872.4508421482,,256080.38014172722
2014-07-07,713034.6739816993,126242.76281550377,168324.07842162755,,255302.42534383512
2014-07-08,703442.0499935477,125235.7707002682,167236.74352642792,,252223.49541191742
2014-07-09,711067.5197043746,125758.87386440768,167933.37851464376,,254094.3877095676
2014-07-10,709672.2053270667,124933.10223311726,167292.1073213414,,253289.66095074374
2014-07-11,713188.9592552512,124972.98841908418,167514.9729313215,,254919.7083393544
2014-07-14,721615.5531840652,125717.54344777101,168341.62923231954,,256442.8197471367
2014-07-15,719616.1545615523,125334.70844584079,168053.36133156874,,255557.81092531903
2014-07-16,719260.3733873694,125877.90555832746,168694.29890485594,,256572.46338678407
2014-07-17,702820.57890058,124327.41023938214,166715.09938505758,,253172.61397342823
2014-07-18,718216.8028986497,125635.64206566529,168470.90326007744,,257183.74188506312
2014-07-21,718880.3136899514,125353.44734306089,168108.37466952085,,256860.62570609857
2014-07-22,722902.2250030084,125977.19248937868,168860.74520000594,,258490.55408602106
2014-07-23,733357.0685737176,126298.91914101921,169260.02827770752,,260147.21614913407
2014-07-24,731210.5881044908,126399.23317407357,169259.82680848768,,259850.84345399006
2014-07-25,727599.137189631,125875.45859036146,168451.29621300765,,258832.17968804887
2014-07-28,720907.2471625848,125875.10902739325,168525.4612041245,,258910.35775891985
2014-07-29,715346.1684095903,125311.09708106272,167809.81647956662,,258453.51662137866
2014-07-30,715246.8878510041,125371.15125253124,167809.6167367894,,259468.15483358357
2014-07-31,699902.6486644471,123116.04684481437,164436.81761645633,,254222.564920155
2014-08-01,703625.1171372903,122692.98155380077,164037.21050088713,,253284.3051262848
2014-08-04,705871.4618619189,123477.76309427002,165189.04074321472,,255021.1321052221
2014-08-05,700439.8018974898,122229.25840838117,163516.438618627,,253066.26858935005
2014-08-06,700942.8114770227,122088.00572624043,163618.5065306279,,252877.02525749945
2014-08-07,698045.6735574522,121342.80184340598,162735.62652231273,,252072.4802721756
2014-08-08,704759.2021574201,122248.4002674242,164621.49432346734,,253889.53273673743
2014-08-11,707034.457004702,122831.84930470466,165085.8994838341,,255385.47461767483
2014-08-12,707620.9528885088,122690.59651439651,164890.52428396555,,255276.44391157606
2014-08-13,711136.2540026,123414.97224232809,166051.63729736453,,257976.25425030454
2014-08-14,715005.455748748,123998.39330244492,166776.18427134075,,259311.70275460495
2014-08-15,716851.007447177,123937.66867189572,166729.53627258455,,260566.83980937256
2014-08-18,724077.5595668934,125004.27498601125,168113.5967512292,,262570.9837748253
2014-08-19,726314.4993801283,125326.00721377309,169005.33216170297,,264040.1416499443
2014-08-20,730617.4315468648,125426.28882926899,169469.6762166364,,264038.0462954236
2014-08-21,729818.865905385,125687.61861316171,169952.60580718558,,264570.8520247309
2014-08-22,729629.7480533376,125566.51068588949,169682.9322100114,,264969.98654166516
2014-08-25,731938.8523590087,126149.95416146006,170565.35086808944,,265904.0519861087
2014-08-26,732942.8131350281,126270.40179391109,170704.49514316168,,266169.53128770785
2014-08-27,736824.8092287981,126491.48694646862,170676.39478674304,,266220.94990899385
2014-08-28,736126.4846080982,126068.3948465899,170546.15526848676,,265924.49799486826
2014-08-29,742829.0757211887,126369.9874478681,170964.04468438422,,266912.12322280917
2014-09-01,742829.0757211887,126369.9874478681,170964.04468438422,,266912.12322280917
2014-09-02,745720.2431110584,126570.9310855091,170917.4096464838,,267685.63670321525
2014-09-03,747951.8201679431,126832.30155252141,170842.92969898437,,266105.39630602824
2014-09-04,748415.4194778644,126429.31274210257,170563.9297109378,,265862.61750576016
2014-09-05,755499.9092392169,126710.79156720823,171381.35579605974,,267197.777152943
2014-09-08,754036.5754980289,125945.49899422971,170944.49281388515,,267703.93713199766
2014-09-09,737808.0259001526,125280.86649660654,169838.67738102676,,265481.7969080132
2014-09-10,738838.9019648882,125703.2301460529,170507.41057914,,267672.89123397734
2014-09-11,739242.0373253507,125441.19326777034,170665.15676807094,,267456.7946344699
2014-09-12,735147.6821008476,124816.8455975879,169652.25982606344,,266090.61443996674
2014-09-15,732734.6257364505,124554.80269998572,169540.5228274973,,263521.03104742494
2014-09-16,735935.6576963048,125379.75157049963,170803.87498069735,,265818.920877227
2014-09-17,736850.845953696,124916.44994520587,171045.18880710175,,266218.0137061457
2014-09-18,738266.6511153479,125540.10536159566,171936.84641578433,,268221.82960456697
2014-09-19,735636.0986007218,125036.53846653696,171769.41798337235,,268053.49706529
2014-09-22,730313.4752985571,124110.22252493283,170439.9724681349,,265558.1509089346
2014-09-23,727912.1706729997,123264.44607374446,169478.2828477289,,264832.306650659
2014-09-24,738137.993348344,124253.07588965549,170841.02371548148,,267671.74073976313
2014-09-25,725412.6933896081,122230.2828400807,168096.4563319676,,262040.02319467752
2014-09-26,733276.015473859,122937.83698073198,169449.76385336582,,264826.0017760646
2014-09-29,731962.3107711606,122330.74269350582,169113.50458357754,,264475.30630396906
2014-09-30,730637.4520947381,122148.38357831132,168599.86382279874,,264848.4809477079
2014-10-01,716984.3188605809,120327.83556785659,166387.37172776918,,260610.9827114795
2014-10-02,715127.9850599882,119963.48450998697,166377.81132775047,,260608.914572506
2014-10-03,726281.1583588809,120832.77580194024,168235.24014437737,,263180.3346631242
2014-10-06,724092.3507530519,120953.81496862287,168029.64081402175,,262615.2532661164
2014-10-07,714609.0820908484,119254.59534178408,165453.0871571669,,258887.17551108362
2014-10-08,725717.9454117834,121114.90239438691,168346.65765546495,,263924.53559325356
2014-10-09,706263.0935903274,118343.86363704859,164948.6724034116,,259660.52082425982
2014-10-10,684383.9486076962,116644.7150913678,163100.18787802785,,253171.6001917988
2014-10-13,673726.2205296904,115835.45284629737,160421.04878512298,,249202.36278297513
2014-10-14,677825.3409603785,115996.89851795824,160682.16895844825,,249227.28886144183
2014-10-15,677315.9080334052,115228.10664366583,159487.19852292887,,247617.06964285043
2014-10-16,682582.3575002898,115086.20748597858,159384.37080673594,,246060.50370008295
2014-10-17,689857.1880226312,116521.75360639788,161353.71647169598,,249301.796492244
2014-10-20,698768.387494569,117532.60627137295,162940.3855012172,,253025.4563057723
2014-10-21,712906.8677275365,119231.08662367106,166104.59975658974,,259670.7827119138
2014-10-22,708522.9388250317,118179.131308879,164974.87060393457,,258328.51816747768
2014-10-23,707628.3929958078,119432.64208035638,166869.64951479252,,262212.939136698
2014-10-24,714362.2844253371,120059.24801957238,168120.27178514315,,264355.0610594857
2014-10-27,715551.7335112694,119897.1016387088,167905.34877298196,,264540.6274982902
2014-10-28,720888.2453030116,121453.9956729587,169837.32330504022,,268532.11059911584
2014-10-29,719708.880777354,121028.97123580117,169641.14037503474,,267538.2278688379
2014-10-30,717869.2590862588,121696.00874681736,170714.39308128657,,268099.0395390686
2014-10-31,728101.0972734943,123293.30779813888,172646.37470588277,,271795.4725341196
2014-11-03,734958.4693918114,122848.04551564802,172748.78828311423,,272597.4092385676
2014-11-04,741977.3290803534,122402.81550885884,172132.59153131925,,271683.93668483174
2014-11-05,743291.7410557686,122685.56331621895,173261.8526239753,,271708.6362371609
2014-11-06,748219.9593487293,122766.15710599229,173961.68665519528,,272564.019438838
2014-11-07,749799.9476177463,122846.68090738406,174110.87380784506,,272320.71867526235
2014-11-10,756451.0269227322,123210.3591650128,174633.32899400665,,273283.3467442478
2014-11-11,764764.41526291,123533.58339380435,174801.15238294913,,274138.76405586925
2014-11-12,762554.6949496982,123229.90079367877,174660.94733320622,,274619.03132150933
2014-11-13,764346.2627505438,123189.08692849784,174819.39093586424,,275796.1174034275
2014-11-14,759295.1242219219,123512.35819051848,174884.5261766762,,276651.47201270715
2014-11-17,762749.4284011938,123289.5415568496,174977.72990705175,,275818.48227085127
2014-11-18,771571.9282671652,124098.08901279439,175985.54712658873,,277879.82469969935
2014-11-19,764264.707586501,123976.43012326956,175667.949473753,,276618.0993129739
2014-11-20,763012.5498255976,123814.29088579562,175985.12817525835,,277848.5387627466
2014-11-21,760654.3960532434,124865.49705869069,176974.3727291292,,278382.41113209195
2014-11-24,767174.198276449,125107.8364102899,177431.54477033167,,280550.810827774
2014-11-25,766379.3836077936,125228.83169710086,177375.31804261947,,280977.421608409
2014-11-26,776788.3856744058,125552.04043241081,177785.85230652773,,282797.3555725033
2014-11-27,776788.3856744058,125552.04043241081,177785.85230652773,,282797.3555725033
2014-11-28,792773.878251005,124843.93437413113,177402.84280186315,,284108.2312132787
2014-12-01,770286.8707126365,123913.32444040506,176189.24353536346,,280890.3328588609
2014-12-02,772011.7576503712,124357.86556905351,177299.80384148887,,282013.55339118035
2014-12-03,774268.2762052468,124842.89428415077,177980.98100615354,,282520.3997057756
2014-12-04,774081.3877773006,124518.97571364969,177803.37924023316,,282384.303234906
2014-12-05,775173.1541146094,124700.62555522326,178120.62096818452,,282408.73467865796
2014-12-08,778081.0368024094,123648.70878619107,176906.87203908566,,280396.7875856756
2014-12-09,776015.8891321273,123264.17108879615,176766.71949258746,,281278.8921405644
2014-12-10,772537.7656528356,121484.34727414219,173994.23275866167,,276855.24748606957
2014-12-11,775762.6224253871,121504.2446662224,174806.1621944274,,278166.14350905456
2014-12-12,769047.3406505673,119481.71854633006,171968.37721812844,,275135.89142860746
2014-12-15,768816.3116106498,118187.21380914106,170773.36640097923,,272293.45745295665
2014-12-16,764367.0834673342,117984.64898223038,169457.14083008637,,267923.76835619705
2014-12-17,770289.8928550673,120249.08904115799,172873.1840161679,,272798.31369280396
2014-12-18,776719.5520088905,122351.82944302318,176018.50849963693,,279360.86230633716
2014-12-19,775207.4944506949,122755.92973734422,176830.4297245925,,280587.64446253015
2014-12-22,780360.2427812472,123463.69224792763,177614.1598174943,,281284.7808680137
2014-12-23,775784.3701291934,123402.23919189251,177884.6406684838,,280287.4104502976
2014-12-24,783099.4763456241,123747.85551546997,177865.80954239986,,280527.17846611695
2014-12-25,783099.4763456241,123747.85551546997,177865.80954239986,,280527.17846611695
2014-12-26,786925.7431512729,124296.92440556196,178444.30648734834,,282515.1747362925
2014-12-29,785454.3739744083,123970.99533840135,178696.11402883055,,282459.03593044635
2014-12-30,781538.1551042453,123319.53476276869,177725.1827497366,,280574.28462416044
2014-12-31,770680.9660991112,122362.82908450524,175876.87557502705,,277694.4868404455
2015-01-02,771174.999013748,122036.91803624392,175876.66622860805,,276858.7002422819
2015-01-05,762485.8705749301,119676.30344882562,172786.83918074646,,272795.7420194876
2015-01-06,755654.7898700292,118475.42885175195,171087.9317684297,,269136.2655134204
2015-01-07,770298.1623918281,120001.18742679837,173225.15820075295,,272603.08397014905
2015-01-08,782207.7502920452,121811.7893302835,176267.7853316109,,277817.9684631347
2015-01-09,778572.1540688797,120997.52432020371,174783.45101526714,,275987.2296396517
2015-01-12,775205.4305193595,120366.38963810295,173485.93579468847,,273107.6281223959
2015-01-13,771709.0465776888,120447.45653915613,173028.38190496576,,273024.7224877659
2015-01-14,767281.9674501341,119897.79735539132,172010.66113268613,,271516.7255997483
2015-01-15,765674.5157021736,119510.88304417323,170405.05489412986,,267991.86781043524
2015-01-16,771192.7367702604,120975.48172692458,172514.38775061403,,271135.8473985162
2015-01-19,771248.1333745653,120975.48172692458,172514.38775061403,,271135.8473985162
2015-01-20,773294.1604475755,121198.96419866823,172943.51238595645,,273285.0187894121
2015-01-21,777833.5915288455,122093.89883375085,173848.68636003326,,274681.1196706641
2015-01-22,789616.1844959216,123497.51022656767,176508.58534718197,,279761.0799178385
2015-01-23,790414.4365652327,122581.5486571701,175537.64048980712,,280377.37250151776
2015-01-26,793106.6587730933,123415.43489305998,175882.87020745964,,280052.46038826875
2015-01-27,790833.4013316147,122641.91469301833,173577.13878563416,,272790.18202197173
2015-01-28,789581.2191488002,121095.22346660175,171290.22245160735,,271389.7137709688
2015-01-29,794441.4248421572,122112.2265804272,172951.36351467762,,273995.77183685487
2015-01-30,784559.3775913874,120362.04433053939,170823.1297227111,,271869.3658702159
2015-02-02,785323.5020955259,121969.11389028757,172782.93153433345,,274233.5237499609
2015-02-03,784364.1714000687,123738.92084875365,175302.83597418183,,276866.27293734794
2015-02-04,789904.9406026372,123189.23415381901,174705.31777314434,,276622.0236634038
2015-02-05,796433.2733086845,124653.81938247023,176478.50421291045,,279012.929843689
2015-02-06,793485.9962271025,123493.73774584643,175983.61450768,,277316.8466349614
2015-02-09,786512.3468073179,123167.87596212544,175180.73691207572,,276427.2989012088
2015-02-10,795672.0728796293,124205.14281561296,177047.18332250018,,280727.1498421468
2015-02-11,799782.5900364761,123920.00401483403,177168.32338471964,,281746.48484706535
2015-02-12,804463.2398324405,125486.26520431892,178810.8363500425,,285024.58127560554
2015-02-13,802467.1079755222,126279.42773527998,179594.66917486457,,287468.87732673954
2015-02-16,802467.1079755222,126279.42773527998,179594.66917486457,,287468.87732673954
2015-02-17,796143.4568543826,126421.47776852227,179883.78935245943,,287735.45132570167
2015-02-18,801971.294199935,126828.06563177943,179920.8817619125,,288136.4476562536
2015-02-19,799907.5703039084,126664.9224059163,179799.33485738852,,289559.2501497666
2015-02-20,807265.0767698203,127681.85772772822,180891.16624280319,,291492.59731457004
2015-02-23,810068.7586965476,127355.98251593848,180844.24859329045,,291785.9931908785
2015-02-24,810353.8116941367,127803.2358462306,181376.03018203125,,291998.82032076106
2015-02-25,805711.2000303183,127782.52979427086,181179.85217942786,,291270.60601053864
2015-02-26,806431.8725665604,127578.7138196442,180974.3134075298,,292746.93884894357
2015-02-27,798547.9617332016,127517.31639460471,180348.7161570048,,291454.0805335122
2015-03-02,787662.9444833568,127964.5643033567,181533.8911927707,,294086.4952859186
2015-03-03,783325.38524966,127292.82761790522,180758.94891097487,,292713.1752632446
2015-03-04,780115.6942821002,126560.05204122167,180002.7655282042,,291581.669365946
2015-03-05,789422.020852611,126742.80807013881,180198.54665089655,,292090.1764981606
2015-03-06,773523.8135390735,125175.87632304676,177650.2912283949,,288781.10093657783
2015-03-09,782455.698449657,125419.69715707576,178406.131972633,,289612.25735214504
2015-03-10,775870.1371989703,123140.67474727609,175475.1525231438,,284233.2922761888
2015-03-11,775316.7279506183,123201.364623284,175064.30182990315,,282591.2499251169
2015-03-12,789034.4412577366,124706.53332013547,177322.77681870095,,284443.83627805294
2015-03-13,786565.630499146,123912.77746142459,176239.93563452334,,283205.02129305166
2015-03-16,799123.2568876958,125417.95568192942,178647.71342917686,,286858.7438394681
2015-03-17,793422.4507181859,125214.1039634426,178040.7807234707,,287313.5828048345
2015-03-18,799029.5885985112,127309.32918412496,180159.25859493177,,290133.83521369664
2015-03-19,800961.691719315,126332.36325412593,179328.42263295353,,290561.6261371747
2015-03-20,804346.2989809727,128081.67044341411,180952.19669178076,,292439.8922054376
2015-03-23,802960.4288923955,128223.71590907953,180627.4303479874,,291871.7433118673
2015-03-24,799350.0523226475,127816.47780373503,179576.49111339764,,290818.7552377505
2015-03-25,786964.9476759648,126147.68078840409,176959.00428465058,,284161.53080012783
2015-03-26,781956.4005320286,125595.26987848399,176517.8725909744,,283189.3938547527
2015-03-27,786826.1906186094,125983.41629303199,176883.50431168597,,284318.699909642
2015-03-30,794742.2002640715,126862.26069299258,179087.87647771728,,287576.4345481992
2015-03-31,790109.6938591948,125962.24761216268,177511.65568159078,,284529.77849010384
2015-04-01,783814.5553971281,126043.68402140014,176939.14250084903,,283045.6751823222
2015-04-02,787838.9203053465,126881.6428315659,177464.35896862482,,283232.11569478345
2015-04-06,789255.6418057432,127985.41311627286,178711.75386376237,,285546.70894485037
2015-04-07,783326.8753591707,127739.7110285656,178233.1106766037,,285059.562381389
2015-04-08,788753.1146036318,128475.40416525301,178880.18909106037,,287320.30358008435
2015-04-09,786857.9848581484,128802.17775830589,179658.59610625784,,289122.9915759069
2015-04-10,791610.0440584352,129415.2213390621,180643.35714762227,,290306.10357652366
2015-04-13,785473.0951143435,128760.53530259988,179826.959136167,,289576.50206841354
2015-04-14,785235.3039690187,129312.24970852133,180155.10393874327,,288738.9344979596
2015-04-15,781155.0661894014,130047.9381855048,180980.46608481224,,290541.5539349137
2015-04-16,780490.425556772,130170.26784142146,180914.4819731999,,290135.27056650695
2015-04-17,773177.0587564638,128595.58722785441,178812.999372244,,285607.1458303947
2015-04-20,778336.6843131481,129269.91656690184,180445.0387860283,,289888.1980778966
2015-04-21,780560.428802818,129596.70054584071,180266.60431714277,,291125.03508103074
2015-04-22,778115.6381793095,130127.91546235897,181157.55644426277,,292712.11008008703
2015-04-23,780637.0952067449,130679.58554198685,181626.35163656526,,293814.25855825405
2015-04-24,784144.2791705205,131026.79114418093,181992.0383400369,,297798.7871864324
2015-04-27,775246.0228972508,131005.95933923956,181269.44691417651,,297042.2193564949
2015-04-28,773350.803130634,131332.73395221028,181832.1253351087,,296447.137188275
2015-04-29,764156.0169425084,130514.56019216125,181090.76230148665,,294586.08876740147
2015-04-30,757010.1909675534,129164.81508877191,179289.55659272426,,289950.53016070335
2015-05-01,771709.2572770782,130452.49176430884,181165.39041899942,,293773.28285260015
2015-05-04,773688.3912195647,130554.36842025525,181728.0142793452,,294255.82589333475
2015-05-05,759480.953533768,129020.58502128768,179607.83930308747,,289458.84599598154
2015-05-06,763643.219480614,128734.01888538442,178885.25673532774,,287463.1783652959
2015-05-07,773761.7915343161,128876.78476439255,179607.41172725696,,289184.95799671806
2015-05-08,781331.8039121374,130798.25910666597,181961.73804733923,,292791.90841864113
2015-05-11,780006.8610089914,130020.9900790012,181089.03788125562,,291658.30087436445
2015-05-12,778682.469745717,129897.95425672272,180563.60281959202,,290336.22126760386
2015-05-13,776392.7757313672,130224.70209025232,180619.6904429477,,290926.501084543
2015-05-14,782973.2262990373,131512.36348255238,182504.9325577055,,295179.9374594007
2015-05-15,785272.6136456623,131757.32584346653,182692.32647814957,,295177.5949636434
2015-05-18,790966.4017519716,131695.66793947658,183254.88981687953,,296468.0812410361
2015-05-19,798422.9750269164,131531.7149842781,183160.89233342244,,296142.4402027825
2015-05-20,794949.240679893,131490.48529129266,183038.74396646992,,296328.74967965
2015-05-21,795101.4359783957,131980.7499820854,183591.97897304335,,297861.597054375
2015-05-22,797938.8671281744,131469.27818874212,183188.3546518428,,297562.98011892725
2015-05-25,797938.8736439615,131469.27818874212,183188.3546518428,,297562.98011892725
2015-05-26,791684.2164930117,129833.36685987671,181218.31152393887,,294140.05343603506
2015-05-27,803301.9405027864,130957.48527723958,182887.7570680771,,298877.9399590111
2015-05-28,801399.2572230446,130507.31139621958,182718.6684071741,,298202.2855738788
2015-05-29,803681.3654948816,129586.9836034462,181527.23770295226,,296422.3226740975
2015-06-01,806003.9473842611,129586.62373068627,181949.07670525167,,297416.4653299325
2015-06-02,798503.3432632688,129790.6906436192,181761.25142941286,,296471.4694820456
2015-06-03,796360.3270606843,130280.9690139872,182258.21574348919,,297357.8937829072
2015-06-04,790924.1405851672,129013.0609422509,180775.8537255503,,295093.2266134784
2015-06-05,788924.6886156497,128215.42895879506,180409.83495565332,,294390.6980583238
2015-06-08,780231.5257200202,127663.08897499419,179293.33382549678,,291398.92846987396
2015-06-09,778797.7386774024,127356.0687374903,179246.2661848247,,290911.86012198374
2015-06-10,787119.07747974,129420.54410080379,181375.36083449755,,294895.2877927843
2015-06-11,791232.8822204551,129645.07361355942,181937.96635388877,,295323.9364762732
2015-06-12,788266.8846904716,128806.52876471113,180605.7632377549,,292897.8489297122
2015-06-15,797711.0579721412,128090.61575955317,179770.70455579634,,291441.2361850823
2015-06-16,802330.9842884025,128437.84344868491,180821.03825474557,,293027.784775612
2015-06-17,804980.1113487656,128437.48676798098,181130.33952339427,,293833.36219893704
2015-06-18,814045.2471519882,129765.94926741316,182921.7328175262,,298112.94393347146
2015-06-19,813547.6428877289,129152.26117916904,181861.61079967796,,296636.8103957993
2015-06-22,820636.071219104,130603.33979376026,183107.29086594732,,298820.7673494742
2015-06-23,819354.3461281235,130807.454944657,183239.00161211417,,299061.3348318336
2015-06-24,811592.8864313537,129928.03400932006,181928.84105801527,,297520.5170773129
2015-06-25,815535.7028385574,129559.72036665872,181363.19237511602,,296924.32972795086
2015-06-26,809886.6797052795,129668.48004973048,181362.9764973675,,294951.6648676421
2015-06-29,793409.4444490845,126373.69194529163,177527.20890129788,,287985.8107776669
2015-06-30,796061.5445164801,126702.77295392551,177988.77129324066,,289009.08526538755
2015-07-01,803100.2174566076,127381.90736818207,179336.19515253737,,291301.02336738264
2015-07-02,804039.1629662676,127402.12810881353,179204.00208564027,,291379.6421557394
2015-07-06,793736.9287949804,126042.81923403789,178685.4739152048,,290702.5573372506
2015-07-07,787498.965322119,126063.06343949027,179787.87936143822,,291429.0149403547
2015-07-08,765670.1076206936,123406.67034890184,176734.326259318,,286352.70163497445
2015-07-09,762002.8778707801,124374.02284970919,177054.4777772265,,286188.5063989573
2015-07-10,784902.8857427477,126926.80490709224,179306.62576468333,,290558.40616553597
2015-07-13,784463.493432566,127811.79602454165,181313.70478463324,,295656.9110427474
2015-07-14,794251.2982483954,128573.25825902021,182114.47748649327,,297597.77056727745
2015-07-15,791616.5980942516,128202.27075809747,182038.8767080933,,297919.24419705255
2015-07-16,799928.5724773912,129231.40778484181,183433.42715100432,,302126.9733810821
2015-07-17,799715.927657543,129025.15086111716,183649.9134769795,,306577.43029733526
2015-07-20,802754.9120725895,128983.6249710191,183734.473414043,,307627.62670639023
2015-07-21,801787.041293493,128612.65037772902,183008.65460771712,,307436.2093934947
2015-07-22,787628.4817167292,127994.62410168831,182650.34320579423,,303952.4884908676
2015-07-23,794424.5316880059,127438.35211051843,181604.1693464272,,302816.63980918203
2015-07-24,772118.7517484769,125914.38778270897,179709.66197186577,,299845.68812539935
2015-07-27,756853.7014255407,124884.59486427097,178691.69566958188,,297360.5057119318
2015-07-28,769837.3109655516,126263.72617394742,180858.96226626463,,299921.8709841498
2015-07-29,770595.9391903798,127066.33620870685,182140.38117312497,,301052.95836529235
2015-07-30,768730.4109405718,127210.12623428916,182168.4698358193,,302480.817432904
2015-07-31,764217.2579744374,127333.28253955126,181857.2399156052,,302127.595348165
2015-08-03,758491.7355219277,126797.56669529476,181291.59148578264,,301180.63047767314
2015-08-04,747546.9639827216,126817.88709345645,180933.285964681,,300611.58036667644
2015-08-05,756631.4973790657,127126.31124319232,181564.48921066255,,302929.9390286029
2015-08-06,742893.3201348752,126323.02084107998,180178.90819593458,,298070.22053339443
2015-08-07,746138.2086144773,126199.17210372681,179707.5228907256,,297690.0535847577
2015-08-10,760404.7843150273,127784.1442340169,181987.84730820716,,301087.76626504475
2015-08-11,749939.1077355942,126157.28557394772,180319.65210751115,,297226.8208700278
2015-08-12,751641.0319874538,125848.13339910204,180479.70050423112,,298249.7332467989
2015-08-13,749139.2291056765,125683.05233061293,180281.48844302588,,297761.5605187063
2015-08-14,745309.1412771995,126053.26145247124,180978.70931391098,,298217.98452037695
2015-08-17,759676.4672530175,126238.20484950033,181986.76420385917,,300698.080630016
2015-08-18,745877.7113246658,125599.65503700443,181430.55225575107,,299157.691484966
2015-08-19,746425.1850398789,124487.54176437008,179997.97880728706,,297185.4312470715
2015-08-20,716790.9988140005,121769.5648318028,176218.88770132037,,288953.5887691388
2015-08-21,696875.1994316063,118413.4090745601,170630.40493188577,,276323.57680337224
2015-08-24,682668.183561131,113739.60379546312,163675.691397634,,265690.43985138094
2015-08-25,677372.7481557768,113739.28794320267,161687.13655507984,,264689.94627778855
2015-08-26,711514.2195199798,117074.22912464262,168104.39161324594,,278016.8516701929
2015-08-27,739467.9585241021,119647.34274357939,172212.87556887206,,285056.8103740411
2015-08-28,738084.1433011553,119647.010480933,172212.6705843578,,285000.50014869735
2015-08-31,730759.3264669247,118884.91313186707,170695.25957685706,,281463.79472991364
2015-09-01,709628.9243406511,115158.28484039582,165483.82139197938,,272665.85102058185
2015-09-02,728524.7184307093,117093.20537470415,168819.62203290622,,280353.097073958
2015-09-03,730896.8295392271,117257.55528183188,168960.70154367574,,278974.86496312567
2015-09-04,724072.3080838454,114992.61113229537,166340.8266026482,,275654.1017818308
2015-09-07,724072.3450062985,114992.61113229537,166340.8266026482,,275654.1017818308
2015-09-08,743370.621395988,118080.36419101217,170599.93561392295,,283422.17582869506
2015-09-09,738022.0693417669,116968.37461065725,168300.5144417955,,280236.2638868432
2015-09-10,744465.1583851855,117709.1588207235,169242.6299876245,,283282.73317166686
2015-09-11,752617.0526135402,117955.86098047353,169949.1386031483,,284845.2914108958
2015-09-14,752700.894179618,117379.1306180821,169308.1436330208,,283979.62407681823
2015-09-15,759994.3851288602,118593.42105504333,171512.99774559512,,287322.8391842103
2015-09-16,763114.0989247077,120095.95418476763,173011.1564009404,,288939.21489780146
2015-09-17,761090.194754478,120095.62067597831,172558.5666621674,,289044.8954032712
2015-09-18,754025.4736893391,117768.99119449436,169769.16711105962,,284931.8805212309
2015-09-21,749157.441338804,117912.75291942465,170643.3289835076,,285822.1204667005
2015-09-22,730847.0182885056,115874.33902114024,168416.81619108285,,281547.0504810132
2015-09-23,737700.2527771993,115359.34926911024,168113.50268774448,,281761.0016065348
2015-09-24,728414.4299592281,115009.04097644633,167592.24967293814,,280731.2183292158
2015-09-25,721633.9298604568,115089.42748899509,167478.3657379881,,278349.1820561951
2015-09-28,687321.6075872398,112420.10228582699,163262.45245158146,,270423.55228748533
2015-09-29,679557.6464300593,112502.53079993269,163347.56892221695,,269015.20855736977
2015-09-30,697203.7094882054,114467.80594329411,166483.0712971087,,275205.6605022836
2015-10-01,702975.3250343072,114964.00894101332,166947.10698663595,,276447.44809644396
2015-10-02,712147.2040440126,116867.11700226663,169362.55415202802,,281285.7055137044
2015-10-05,717987.8991315345,119204.71251574684,172403.36824247616,,285312.6791266315
2015-10-06,699096.6888937517,119038.8725949445,171825.23000005668,,283958.309949648
2015-10-07,699598.3897292856,120528.17744147613,173265.02058853407,,285659.7113413722
2015-10-08,699472.9117409812,121562.32958262053,174790.0138432388,,286793.1160683281
2015-10-09,707358.5807364106,121748.19911642247,174884.52726188547,,288088.78809660097
2015-10-12,716547.5123867324,121540.97472522304,175092.7580824414,87842.6974629127,288789.5616673327
2015-10-13,707945.1440736919,120319.98267470232,173927.2790260071,87842.17465912261,286921.4310131701
2015-10-14,701469.3214317502,120257.58002223347,173112.43559302276,87841.65185844444,286459.49415125983
2015-10-15,729976.4493833935,122160.64564948643,175707.84547363606,87841.12906087819,291162.14122486755
2015-10-16,733092.4190800508,122325.79175972508,176418.13846122348,88363.61794092477,292376.66568910057
2015-10-19,723765.6897982891,122035.83115405805,176626.3315508288,88363.09203641754,294050.7306222226
2015-10-20,721618.6919222865,121890.63753298763,176398.75701130813,88362.56613504069,292534.2123070449
2015-10-21,719207.26344813,121145.5069824217,175252.26350170077,88362.04023679422,290747.35633329157
2015-10-22,721698.4506156729,122779.56474206681,178283.45614487372,89062.3040728455,296666.51222090935
2015-10-23,726849.3724072305,123917.14439983039,180225.2969572061,89061.77400949225,304964.9379680289
2015-10-26,735609.6219643593,123544.38749651106,179798.8153973072,89964.23392992796,305151.815563986
2015-10-27,734162.812072399,122778.5418551189,179448.1109470073,89963.69849794461,305771.33545718505
2015-10-28,738229.3352122001,123812.68722597625,181531.9801145629,91915.61838640373,308310.28396180057
2015-10-29,742432.7161602218,123233.0548941755,181465.45144507708,91705.89143452852,307821.2361075312
2015-10-30,742785.4331974859,122798.2276490926,180546.35825569258,91286.95818767836,306439.92258163873
2015-11-02,744793.1071542831,124349.54363529534,182687.05047285522,91286.41488233634,309898.23092999466
2015-11-03,743953.9960131244,124762.94257975143,183264.71762599502,91285.87158022825,310977.25271633
2015-11-04,744838.1209334648,124183.31404486454,182743.48189447087,91285.32828135414,311001.78765346156
2015-11-05,752924.8350649003,124017.51011813173,182515.90332066853,91005.86415078992,310161.2357709548
2015-11-06,758563.3104855666,123603.39511326597,182439.85870198708,91075.0767914446,310375.10558058415
2015-11-09,751653.3959476824,122423.78906452209,180734.5590297646,91074.53474730135,307074.1863853574
2015-11-10,755313.9081011964,122361.39377116585,181075.36692973424,90512.71136219164,306287.6895308773
2015-11-11,756318.3456640799,122278.29061129644,180383.59093036898,90512.17266546167,305906.7886208318
2015-11-12,741876.4031611605,120829.82958468869,177967.76173792436,90511.63397193822,302930.4476311091
2015-11-13,723900.06765573,119484.74832790531,175911.83451156467,88642.45795525344,296980.33099799947
2015-11-16,735443.4452760664,121056.70867535722,178611.56278953204,89095.13244306264,301249.475933783
2015-11-17,732075.4761540756,121015.00616919082,178393.3504858104,89094.60218430242,301436.3366848053
2015-11-18,747453.6705594381,122586.92374969082,181263.52768249493,89094.0719286985,307219.40007608756
2015-11-19,746807.6401529304,123000.34358025699,181168.52439516655,90582.13304885884,307433.188597897
2015-11-20,756922.8320327199,123227.57944092104,181840.9025010185,90581.59393890455,309512.4425877602
2015-11-23,760861.0061087341,122730.69790006893,181632.28917656656,90581.05483215924,308617.71474669944
2015-11-24,758401.7746208583,123020.00669402667,181925.74168248865,90824.53657013767,308344.97767837544
2015-11-25,762743.6063801541,123061.02077509063,181868.69448500685,92218.43125916886,308612.81647657044
2015-11-26,762743.7338272078,123061.02077509063,181868.69448500685,92218.43125916886,308612.81647657044
2015-11-27,763668.99531975,122977.9281275898,182048.46751384973,92217.88240934425,309042.9371184777
2015-11-30,756115.5508669292,122687.98904009833,181309.31547564385,92217.33356278663,308256.4609403464
2015-12-01,763456.2560332231,123990.94794980795,183061.657751941,91903.0371207552,311335.7966731947
2015-12-02,759270.9501649835,122666.61014321691,181128.94697797895,91902.49014827666,309414.07470936404
2015-12-03,744946.8601264318,121280.21720587807,178552.09461250028,91901.9431790539,304167.3290167109
2015-12-04,761994.5907219078,123058.97031881755,182056.86442180697,91901.39621308693,311274.4548475227
2015-12-07,757937.8297956652,121982.9244843301,180910.40784349613,91900.8492503757,309866.2779102636
2015-12-08,763195.265871877,120741.35625994284,179754.47364401922,91900.3022909202,309890.81673600175
2015-12-09,751097.7349676209,120120.42283535955,178409.1087260608,91899.75533472042,305184.8781573509
2015-12-10,751541.3765144955,119975.26887300306,178816.3078279009,91899.20838177632,306561.04287030565
2015-12-11,733523.8472453604,117554.60852465924,175254.25160433832,91898.6614320879,299503.5253339902
2015-12-14,741184.1345822889,117926.629904685,176305.5249912011,91898.11448565514,301771.707368576
2015-12-15,743902.5084154878,119146.80776738263,178143.0190250399,91897.56754247799,303607.52546580567
2015-12-16,748732.6851749293,121028.96216431014,180643.66053499788,91897.02060255647,308119.09821994905
2015-12-17,745116.9298081354,119332.31838707454,178010.0097861169,91896.47366589055,303629.6362241792
2015-12-18,740384.1225973582,117739.14813241849,174703.8387631061,90258.88577241638,297803.433690371
2015-12-21,743353.0814349412,118650.78770405341,176249.25802586327,90258.34858655301,301108.77662582655
2015-12-22,744613.513745573,119691.50593380212,177840.39365828803,90257.81140388717,303085.5023021128
2015-12-23,746072.0094737245,121356.84925087425,179974.72341146553,90257.27422441886,305333.46703538176
2015-12-24,745747.554166868,121106.65462978561,179660.03294606166,90256.73704814805,305276.74125428643
2015-12-28,747611.3460520403,120835.63585209222,179269.12031097588,90256.1998750747,305111.72389479354
2015-12-29,753970.8872882901,121938.83276174482,181270.0247941539,90255.6627051988,309908.03819306847
2015-12-30,751343.8020063326,121043.17932021731,179935.77247638232,90255.12553852037,307113.1132532097
2015-12-31,746902.521928064,120001.80288043781,178153.58097030967,90254.58837503936,303288.0075775142
2016-01-04,741418.3354056217,117981.860833583,175656.72492424748,90254.05121475573,296887.498356926
2016-01-05,742005.3740195312,118002.37830615653,175971.0418277509,90253.5140576695,296370.02680000843
2016-01-06,741069.5201516734,116253.12105713725,173741.02462761765,89168.68081405465,293521.06513983756
2016-01-07,737047.4910798976,113546.12550299002,169509.83983797661,89168.15011750652,284328.4310251804
2016-01-08,735361.2026263175,112213.28281802389,167708.67646138306,89167.61942411728,281994.7579421786
2016-01-11,736909.4776584114,112275.43635442958,167727.55836113967,89167.08873388694,282860.04612677224
2016-01-12,738999.3020119355,112899.7346185966,169118.5923982831,89166.55804681547,286138.1026249782
2016-01-13,733351.7804185946,110380.21256330788,164982.82331145875,89166.02736290285,276267.9690240593
2016-01-14,734503.1953625397,112170.38667036855,167660.23499694007,85912.74717577352,282148.47504647536
2016-01-15,730125.8756656236,109026.26586638171,164067.56171637692,85912.23585978274,273390.16264183726
2016-01-18,730207.0103512923,109026.26586638171,164067.56171637692,85912.23585978274,273390.16264183726
2016-01-19,731804.7232557918,109359.04969312745,164248.5098275318,87170.81313684976,273984.24868422584
2016-01-20,729858.4101709774,107609.870102074,162323.41670378784,87170.29433237112,273141.75987431424
2016-01-21,730827.4717228202,108234.17091605207,163114.1035328371,85001.34255015533,273410.7125432557
2016-01-22,734622.4408669941,110940.46789214158,166458.56852761857,85000.8366591921,281324.0369894041
2016-01-25,733804.7359917859,109212.14283833903,163990.41598747476,85000.33077124011,277147.1893361073
2016-01-26,735875.5486422762,111043.9640460762,166210.42738073223,84999.82488629938,279638.9293707576
2016-01-27,733429.2258095413,110044.31331842768,164323.54058528735,84999.31900436987,272670.13927319593
2016-01-28,739667.8129779735,110418.76627973569,165219.05454765714,85103.73782258209,276517.222162877
2016-01-29,738577.921637195,112958.41548627843,169402.03125919675,86642.07254273398,282288.718337827
2016-02-01,739124.859304823,113103.87131009458,169249.4052883975,86641.5568855208,283045.5682464503
2016-02-02,736036.8231269286,110417.8463991555,166180.87707499537,85696.74334944514,276917.2267837669
2016-02-03,734087.9764137033,111416.86825759725,167152.570549652,85696.23331919144,275586.8265219424
2016-02-04,732728.5268322097,111645.56376126179,167362.05611607592,85695.72329197361,275557.49399372697
2016-02-05,726988.9258412891,109729.8541691552,164217.28597768664,83072.25728469936,265986.9169745987
2016-02-08,724210.6067517188,107959.91277495412,161958.7281986701,83071.7628763865,261919.01361466234
2016-02-09,725479.0654666036,107189.30851848974,162006.26408700997,83071.26847101658,261103.8142381861
2016-02-10,727342.353031034,107251.48229223347,161901.29014636218,82721.05134343801,262104.60185672942
2016-02-11,728182.4945802599,105814.67308909349,159823.7269472983,82720.55902563674,261723.05662972768
2016-02-12,729995.5679722236,107688.04526242462,163101.51727558475,82020.63711625664,265705.34414165776
2016-02-15,730076.9354907227,107688.04526242462,163101.51727558475,82020.63711625664,265705.34414165776
2016-02-16,735842.2540222467,109665.59468918477,165836.07253098677,83838.6761701242,271693.35143777926
2016-02-17,738686.0101951811,111809.61257983287,168551.54032107707,83838.17719979418,277843.81453077996
2016-02-18,736966.2813659558,111330.50006081519,167836.66262536525,85026.68053448496,274670.5112900386
2016-02-19,738507.0369852554,111184.43658359919,167798.35302459763,85026.17449270039,275481.42953670904
2016-02-22,742685.5639555997,112870.48619952431,170199.43341777066,86459.48016556636,279951.38042673265
2016-02-23,742145.3407180809,111287.94573814016,168064.825696533,86458.96559521256,275341.5653449682
2016-02-24,742762.0045835347,111370.8901534496,168855.43204441498,86458.45102792169,277968.37012403965
2016-02-25,744491.3469343666,112578.07026898414,170884.9032404772,86457.9364636937,280703.4581302839
2016-02-26,743773.280627326,112431.97557490037,170570.22198929358,86457.42190252859,280348.9377104316
2016-02-29,741895.4269920622,111703.04286960802,169045.48083396367,86456.90734442635,277826.1757609113
2016-03-01,744564.55015041,114534.00361360713,173209.23300158512,86456.39278938695,286740.6550258459
2016-03-02,748668.7610763051,115283.20439390966,173942.79430108567,86455.87823741039,286846.7455770822
2016-03-03,749067.4811023324,116240.5311857537,174580.95033193336,86455.36368849665,286302.4426226875
2016-03-04,747559.6919643547,117031.30928056897,175142.9554197036,87958.51590594595,286408.6240654539
2016-03-07,742447.4184037844,117030.98428468216,175333.29358188115,87957.99241276036,284644.6812945653
2016-03-08,746424.7765913864,115510.92467368837,173360.65660748014,87957.46892269081,282284.67177460605
2016-03-09,751574.0582548237,116135.13636284113,174313.37179539184,87956.94543573726,284098.2655737009
2016-03-10,751336.9083048739,116009.8977859346,174408.41129211118,87956.42195189971,283662.3000014796
2016-03-11,759469.1889445762,118507.71144576611,177238.1066937479,87955.89847117814,288619.47642226814
2016-03-14,763443.4363847924,118236.7687580072,176971.21867684362,87955.37499357252,289104.9917415003
2016-03-15,767266.4670948596,117341.9372468533,176742.2843783288,87954.85151908282,288994.31684902625
2016-03-16,773224.623969753,118574.70966319383,177799.71599104826,87954.32804770906,291566.4881581093
2016-03-17,773722.2171814349,119661.12318868967,178923.86610061285,88583.23289424242,291401.62828698836
2016-03-18,771157.4827218603,119869.78808855699,179590.72383952097,88582.70568250334,291855.91170561576
2016-03-21,768189.0245173309,119869.45520800682,179864.4121830179,88582.17847390242,292995.14319555374
2016-03-22,767171.557839916,119660.1262886825,179768.43211266297,88581.65126843961,293889.75232230494
2016-03-23,771079.5776650636,118468.56552721297,178618.6465179756,88581.12406611498,291468.468442782
2016-03-24,767812.7745503732,118217.44863944965,178493.90030796555,88580.59686692843,291547.6814358659
2016-03-28,772205.5081608815,118635.09902017294,178618.2212973646,88580.06967087998,291137.76311979163
2016-03-29,780257.6031126634,119930.49488918755,180332.7937981307,88579.5424779696,295810.07988379564
2016-03-30,781178.8823044648,120661.62789483678,181089.30955870595,91096.51079868057,297248.2512778627
2016-03-31,778149.2140617582,120598.61886687246,180658.01154969874,91095.96862695395,296810.9372736469
2016-04-01,786504.4711527076,120389.24236293114,181817.0126852755,91095.42645845453,299961.3462503106
2016-04-04,784118.0102078771,119908.27149812735,181241.96325967752,91094.88429318232,298817.366059458
2016-04-05,774964.716140235,118319.63610646634,179402.50938033024,91094.34213113728,295934.2266115163
2016-04-06,783274.4872464952,119698.61528982942,181356.42880140358,91093.79997231938,300796.5500292043
2016-04-07,778300.1808536592,117921.88075195902,179220.066932623,90173.6845102241,296473.1239797828
2016-04-08,778206.6837096541,119029.17155191617,179708.45067105038,90673.12421573538,296253.30402987386
2016-04-11,772168.05024944,119154.25593578907,179238.7723832525,90672.584564167,295163.89303933096
2016-04-12,771938.3933207031,120575.02895178336,180982.00452211022,90672.04491581082,297634.6576544477
2016-04-13,762089.1610615612,122225.67219905087,182792.3333500014,90671.50527066685,301436.95634014526
2016-04-14,757631.4397335742,122120.83939878845,182772.949076547,90810.82109674715,301461.766215073
2016-04-15,761142.3315098975,121953.26567695233,182571.5854477774,90810.28062555447,300698.39142983814
2016-04-18,765189.9703121159,122767.97874995224,183893.32967192162,91543.9650965864,302299.36221531616
2016-04-19,761133.662996051,124042.41858968313,184448.71764722708,91543.42026144134,300449.0069272167
2016-04-20,751722.8021821949,124083.87497400741,184601.83092085624,91542.87542953934,300691.2326076216
2016-04-21,735500.1791591618,123373.00713565886,183576.49374751118,91542.3306008804,300716.0027663622
2016-04-22,735796.4145630571,123309.97351318717,183624.2262877235,91541.7857754645,296175.5269201385
2016-04-25,742276.2982113335,122912.54610669587,183327.08239794552,91541.24095329158,296173.17652287765
2016-04-26,743786.2214441273,123351.06918372063,183595.0220517833,91540.69613436166,294730.54673597356
2016-04-27,745656.1768300656,123497.01767118007,183977.92534224424,91540.15131867472,292364.0056829019
2016-04-28,745503.7768062475,122556.28030583054,182320.55219770237,91539.60650623072,288829.110675811
2016-04-29,741223.4150821093,121803.64835811888,181285.76314733614,91539.06169702964,287305.0413322207
2016-05-02,750421.0122216907,122660.09943725844,182732.07489817447,90325.4213403433,290020.12117841013
2016-05-03,746573.1022889671,121071.51486638006,181170.3505195911,90324.88375843488,287327.70285647875
2016-05-04,748689.2949956934,120026.27560342765,180106.92094776797,90324.34617972634,285477.64999019733
2016-05-05,744925.8197375452,120005.13181438613,180087.5055546281,90323.8086042177,285393.8549499948
2016-05-06,752635.0410349866,120401.8041334454,180738.65179076843,90323.2710319089,286913.28471009596
2016-05-09,762761.5438489574,119941.74643546247,180930.1170504504,90322.73346279992,287726.2012468998
2016-05-10,769988.986776033,121675.87299745099,183171.36909966762,90322.1958968908,291663.86196074897
2016-05-11,764970.7207181745,120818.73265667961,181456.49855864097,90321.65833418144,289025.8431718159
2016-05-12,768806.1728437517,120609.43192285018,181561.5582441965,90321.12077467187,287746.50444611406
2016-05-13,770531.4372513327,119438.83746348566,179885.06079110372,91219.00841741422,286684.5209567092
2016-05-16,773195.8261974921,120775.9273444324,181676.1578294467,91218.4655165351,290268.87888467545
2016-05-17,756483.0891942052,119772.5434453737,180076.20760440733,91217.92261888755,286625.5767020346
2016-05-18,733895.29289892,119709.52295866655,180047.27869717387,91217.37972447152,287655.82455620903
2016-05-19,733040.0650282173,119061.38452226535,179462.70555718997,91216.83683328702,286159.1747830323
2016-05-20,727648.7999732761,120064.11387726791,180583.24096782383,89992.75549979038,289308.6367305342
2016-05-23,729734.5889209775,119687.6464100274,180343.55401513726,89992.21989803578,288926.01721667097
2016-05-24,734469.1608786464,121421.73542258519,182632.78186314134,89991.68429946929,294710.9008441926
2016-05-25,732163.6000548482,122340.85395669886,183877.854051151,89991.14870409087,296827.8052145459
2016-05-26,736280.2783210159,122486.79671690486,183963.7782492764,89990.61311190053,297694.86097597633
2016-05-27,736457.61273783,122674.50661548151,184681.9891940268,91563.12360990718,299241.1182107747
2016-05-30,736457.61273783,122674.50661548151,184681.9891940268,91563.12360990718,299241.1182107747
2016-05-31,730631.6395135478,122590.56081167076,184461.4994096676,91562.57866072335,299809.2842239644
2016-06-01,732856.0951452807,122820.12640622898,184806.14548495528,91562.03371478328,299834.05534818745
2016-06-02,726888.5111301736,123112.31731903368,185361.49454036204,91631.40235544142,300456.619252426
2016-06-03,732193.9189334706,123467.20249182796,184824.81944090515,91630.85699983648,299041.54763305816
2016-06-06,721957.1702093676,124177.36138245442,185715.5179406625,91630.3116474777,300125.853501152
2016-06-07,725928.4611252145,124950.17216943107,186050.50863988374,91629.76629836508,299362.66216786986
2016-06-08,723765.9648316846,125284.15082293718,186663.31639233392,91629.22095249857,299876.59056852444
2016-06-09,733245.0058663831,124468.8547730509,186375.728440192,91628.67560987818,299385.17122868245
2016-06-10,726469.6786271081,122149.08139360274,184584.2858103278,91628.13027050387,295986.87256731355
2016-06-13,723317.5327456937,120957.64939037128,183195.06844800577,91627.58493437561,293512.34962489404
2016-06-14,724454.4356410251,120085.20469710245,182792.5952080697,90753.18399989359,293510.02036396094
2016-06-15,724861.3677562223,120611.4731884068,182524.14428784576,90752.64387177887,292665.5399599059
2016-06-16,734327.7564818606,120674.34856706815,183117.78616917814,90752.10374687919,293532.4876174992
2016-06-17,731645.6794169889,120905.73767133025,182437.53357954693,91039.09357171874,290089.91818625986
2016-06-20,734050.6103857503,122569.52092420732,183605.9008900693,91038.55174176132,291912.5155848027
2016-06-21,737047.2429265723,123095.86597092407,184128.45673947388,91038.00991502908,292836.3933615058
2016-06-22,735257.1074670301,122884.86840507285,183820.16702590592,91037.46809152201,292125.8166860519
2016-06-23,740813.5531404958,125349.09998967983,186197.71002704892,91036.92627124007,296290.9393532379
2016-06-24,732184.8828435884,118692.24065251714,179410.64704911463,91036.38445418327,284086.13619176904
2016-06-27,735401.9187023387,116143.0268004201,176243.19958412243,91035.84264035153,278445.76443984255
2016-06-28,733873.5745382056,118670.4754120093,179496.8806162771,91035.30082974491,284544.67269998277
2016-06-29,741386.287992333,120818.80638926152,182586.85016050725,91034.75902236333,289581.1805265459
2016-06-30,761145.8859702836,122356.21515910763,185050.98895784415,91034.21721820682,292929.0661229344
2016-07-01,758555.9764242258,122924.5821762445,185435.87965351305,91033.67541727533,294397.5264045146
2016-07-04,758555.9949475761,122924.5821762445,185435.87965351305,91033.67541727533,294397.5264045146
2016-07-05,765807.894831274,121260.11841005897,184136.08425818887,91033.13361956882,292597.53631724
2016-07-06,766600.3352309675,121575.80200639805,185223.68312711827,91032.59182508732,294992.07445157965
2016-07-07,762397.4624092146,121217.33281227107,185098.3159002001,91032.05003383079,295861.2452283402
2016-07-08,776132.2935715272,123154.94184865811,187909.05951569337,91031.5082457992,300434.4259067965
2016-07-11,779352.4886543336,124271.01117321268,188563.45473819153,91030.96646099252,302147.8707935306
2016-07-12,777110.2848762523,125408.15994572373,189891.6144900239,91030.42467941077,303670.6992071427
2016-07-13,780658.5958124555,125344.57475390796,189824.11936730225,91029.8829010539,302932.97112319875
2016-07-14,780430.345875194,126292.16273282652,190930.851623112,91029.34112592193,305000.36162580666
2016-07-15,776830.8375232308,126017.97868795018,190641.93285455258,91028.79935401479,304507.72941477294
2016-07-18,777230.4990793581,126312.5169402042,191190.3577563047,91028.25758533248,306520.631763894
2016-07-19,780247.1861136538,125638.109488606,190978.34271729697,91027.71581987498,305401.65194989124
2016-07-20,781574.4932341864,126332.90068500677,191748.30898878595,91027.17405764227,308966.856366158
2016-07-21,774582.969998165,125911.25188652718,191025.97420929416,91026.63229863436,308256.286350221
2016-07-22,790200.9089368415,126395.3950262506,191911.44915985942,91026.09054285119,309533.8398864124
2016-07-25,793715.5149049428,126015.87894938744,191449.17899641825,95436.01523365662,309558.6594567019
2016-07-26,794747.9689606372,126521.03471376361,191439.28193297124,95435.44723154645,309910.1644005502
2016-07-27,788525.8046631318,126562.8335228515,191313.92672055014,95434.87923281726,312059.20061546314
2016-07-28,793391.2032896709,126688.85281660454,191525.51935052435,95434.31123746902,313145.8895734599
2016-07-29,796847.4781810474,127425.74774202876,191862.1865331959,95433.74324550168,313824.1914863117
2016-08-01,798040.1398169231,126940.93891222612,191640.48650281018,95433.17525691527,315482.93190054904
2016-08-02,790202.9213120174,126140.15888107443,190446.60713344687,95432.60727170974,313084.01860074303
2016-08-03,785425.3216354083,126413.60225231093,190995.09374251062,95432.03928988507,314116.3830862615
2016-08-04,789183.0492203425,126623.919131106,191177.8341504228,95431.47131144124,315012.4044239842
2016-08-05,785461.1955199431,127613.56116160758,192717.76383753604,95430.90333637824,318032.7139549072
2016-08-08,784928.6176319312,127781.69454174132,192621.31155116973,95430.33536469605,317676.16475625144
2016-08-09,787383.2257099341,128286.85120363875,192746.15628537038,95429.76739639463,318408.8065184658
2016-08-10,787245.4576975178,128223.29129476732,192255.05785342772,95429.19943147397,317589.4361207918
2016-08-11,791248.5083638501,129170.78884936954,193198.18426126565,95428.63146993404,318948.4593021753
2016-08-12,806203.4024042767,128896.64178694425,193005.3881320445,95428.06351177488,319163.7555923508
2016-08-15,800477.8287913483,129507.07204516968,193563.50083056465,95427.49555699641,320522.6778770379
2016-08-16,791791.4135486763,129001.20789537515,192562.11244582455,95426.92760559861,318750.24772319646
2016-08-17,792294.4823212307,128958.76077232086,192879.60847131303,95426.35965758147,319319.5238010974
2016-08-18,798830.4123515766,129484.91894980593,193341.42803892173,95425.79171294499,319398.672412542
2016-08-19,795625.030155627,129021.19732712964,193071.61034458896,95425.22377168911,319314.4556616575
2016-08-22,798806.3820269268,128831.28190605866,193052.14657582535,95424.65583381387,319556.9880687064
2016-08-23,798741.1276542126,129231.0914459843,193408.1083640146,95424.08789931919,320126.26185396255
2016-08-24,793157.6268180787,128535.67049916896,192474.09797209906,95423.51996820506,318054.35864503164
2016-08-25,788464.2133900105,128493.195605421,192319.87650248274,95422.95204047147,317534.5091615329
2016-08-26,783970.9254893243,127882.03606188069,191953.87499700353,95422.38411611842,317994.8580530682
2016-08-29,789546.5186859547,128618.86482459852,192925.873699443,95421.81619514588,318427.9958280388
2016-08-30,781472.1245793811,128365.75249066607,192559.82036014122,95421.2482775538,317390.70899969805
2016-08-31,779743.8394392969,127859.90695695988,192087.8953966491,95420.68036334218,317061.5718456262
2016-09-01,792579.6102834345,128301.86845707199,192049.1472297519,95420.11245251099,317875.84003425343
2016-09-02,799868.0994788478,129459.91978577175,192905.70405565735,95419.54454506026,318907.9635555788
2016-09-05,799868.1178370566,129459.91978577175,192905.70405565735,95419.54454506026,318907.9635555788
2016-09-06,810151.514961476,130259.91457118628,193511.97784954496,95418.9766409899,320892.96691110014
2016-09-07,807471.5747120742,130449.12400028271,193502.0613480487,95418.40874029996,321080.92684454593
2016-09-08,802914.7656580115,129901.1330471249,193049.3890758381,96115.36224279055,319199.81883982976
2016-09-09,765874.9779060854,126741.48860912585,188390.17896506333,94653.14315380123,311165.55405274424
2016-09-12,780712.3273572895,128236.55071163288,191085.21033874256,94722.68242417385,316744.4939770727
2016-09-13,764079.3549079114,125824.90624737779,188361.2266169831,93600.43088653946,313910.4286119518
2016-09-14,762694.0300641571,125782.22213322968,188244.977099874,93599.87381052661,315405.3285897828
2016-09-15,775602.0505899079,127242.57933542892,190178.5925045646,93599.3167378297,320303.4487395033
2016-09-16,769836.4370225556,126204.91769716602,189433.88950372254,94207.9736512763,320148.0738326848
2016-09-19,776113.7186503209,126649.1422652717,189491.5898275315,94207.41295893746,318753.53058941907
2016-09-20,772494.4342250623,126966.36170083086,189510.7017324305,94206.85226993609,319351.438698228
2016-09-21,799072.0269182719,128871.23227500725,191637.663457015,94206.29158427213,322487.56039219303
2016-09-22,803091.1730726756,129738.81535595816,192788.08074702063,94205.73090194559,325050.4042397998
2016-09-23,795074.3327072657,128785.83884878173,191753.21425284585,94205.17022295645,322973.66510018136
2016-09-26,789936.7047743596,127621.15919592095,190225.3166676069,94204.60954730469,320269.22928965715
2016-09-27,794336.0655995406,128425.24302718957,191385.41752900791,94204.04887499027,323432.57708154706
2016-09-28,802111.9860923089,129271.65590599542,192419.7537308849,95883.08520133664,323975.8206298406
2016-09-29,798386.7584996857,127958.82267364324,190611.40067537906,95882.51453809571,321626.1861210339
2016-09-30,804649.8053383268,128847.56542426083,192138.85317898006,95881.94387825161,324025.1652599466
2016-10-03,794556.0400484242,128635.53187000137,191529.50103112374,95881.37322180429,323558.79301672085
2016-10-04,767481.3698565401,128127.08880746715,190639.70853001904,95880.80256875372,323064.94041884417
2016-10-05,767251.7513011657,128931.1776681745,191432.41102171788,95880.23191909991,324208.5727626866
2016-10-06,762656.3296636306,128549.78464228481,191654.4914531353,94235.31096539517,324042.25569389545
2016-10-07,757621.9391463958,128062.5471215529,190948.42232785857,94234.75011033424,323330.0945251187
2016-10-10,761925.8436766826,128612.58440373403,191828.06942802077,94234.1892586117,325374.33184946724
2016-10-11,753750.1387721263,126664.64649460767,189497.66687332295,94233.6284102276,320732.4267067526
2016-10-12,761281.7228912078,126833.69354447152,189739.1896032348,94233.06756518186,320457.0424485853
2016-10-13,761152.8920570575,126219.44969229745,189129.84611327227,93669.16767393735,319308.35777142283
2016-10-14,759319.6290727817,126303.76338291536,189177.92894765805,93668.61018877695,319687.8456821022
2016-10-17,762528.1926889382,125922.37514356597,188616.93013094456,93668.05270693492,318812.0845381507
2016-10-18,773419.9341007434,127022.79294476121,189728.53107340267,93667.49522841122,321647.5104202371
2016-10-19,777329.7207554542,127572.82241315299,190250.4902208859,93666.93775320586,321617.73959103477
2016-10-20,781017.8509120904,127508.92604082197,189940.87251725732,94088.86635311921,321233.13298683567
2016-10-21,773890.8982789479,127233.39228075577,189988.9367715907,94088.3063697524,322431.26217953925
2016-10-24,782931.0776867829,127656.43230120534,190762.25620580412,94087.7463897188,326303.46507324313
2016-10-25,788152.725573536,127317.368015845,190220.56173838695,94087.18641301843,325264.0102213051
2016-10-26,783442.7096447907,126766.6696351024,189794.92437899855,94086.62643965124,323051.1614233203
2016-10-27,767975.2696253024,126533.44227897443,189291.85404714674,94086.06646961723,321575.1422372949
2016-10-28,772245.8860815368,126152.06292745941,188692.15281979952,94085.50650291638,319553.4092266165
2016-10-31,784587.1852527374,126299.90515676081,188691.9282170981,94084.94653954866,319250.5343743039
2016-11-01,775012.6676323125,125537.49280630262,187376.82066994923,94084.38657951406,316846.9331041067
2016-11-02,765003.7808880351,124669.29297227063,186138.97660229448,94083.82662281257,314306.8220750876
2016-11-03,763836.1119020197,124330.25349091424,185413.67991978937,94083.26666944414,311220.9424233742
2016-11-04,762296.433032207,123673.67385389486,185162.08212471535,94082.70671940877,310127.1082231242
2016-11-07,785596.3421952,126149.96095417488,189222.68510204562,94082.14677270643,317491.73779634904
2016-11-08,787100.6394951403,126699.97144373348,190092.60927975798,93694.3378971265,319562.87334644696
2016-11-09,780342.2758907566,126953.66896068254,192122.76387422424,93236.072512657,321033.7320872931
2016-11-10,766170.975063499,126593.42818166508,192567.363794897,93235.51760544401,315847.0398711438
2016-11-11,789042.3503732955,125894.57122083195,192209.32113140478,93234.96270153401,315981.0068990724
2016-11-14,769261.1760205858,125851.8522885858,192238.1318372155,93234.40780092702,312786.205192619
2016-11-15,785879.2718691663,127036.89792950294,193794.49436245242,93233.852903623,317121.9018711823
2016-11-16,792378.5906339568,126359.1953774494,193465.59490223048,93233.29800962195,319001.99890378205
2016-11-17,798594.6709371136,127057.33219298342,194383.88266200732,92810.32238103569,321318.59845202026
2016-11-18,795291.414713435,126422.01211275913,194035.56018030713,92809.77000804964,320115.51611333573
2016-11-21,805959.2921414898,127585.82391469876,195466.29555793488,92809.21763835155,323441.58796110156
2016-11-22,811330.1781443872,127881.84154954809,195823.80405027702,92808.66527194135,324421.1845069548
2016-11-23,815179.001021588,127775.61974264997,195997.61588748902,93501.61243026676,323109.1211293158
2016-11-24,815179.001021588,127775.61974264997,195997.61588748902,93501.61243026676,323109.1211293158
2016-11-25,814242.904243672,128240.94006218691,196780.52319754855,93501.05594245899,324143.24129253265
2016-11-28,812372.9763691069,127732.5914042084,195852.10930433878,94250.3240105921,323403.9527096317
2016-11-29,815287.2641088606,127986.21735917042,196161.27480554028,94249.7630661678,324520.0690107386
2016-11-30,812667.9253332259,127795.35959475771,195716.27156711847,93485.3014647827,320588.8404400816
2016-12-01,790159.9729969145,127223.49927157351,194952.25533357097,93484.74507406402,315048.08442363195
2016-12-02,795205.4987041594,127498.30345734794,195087.37711423336,93484.1886866572,315673.0970180779
2016-12-05,809522.7469589354,128429.30402523585,196208.6814272731,93483.63230256218,318125.8443346447
2016-12-06,811907.7981655241,129063.92496047898,196894.90087877575,93483.075921779,318887.2787613092
2016-12-07,824974.7465517165,130841.5504430994,199389.13939284696,94063.33507466233,322922.28939502535
2016-12-08,827681.5781623961,131201.0265535319,199910.9786507518,94062.7752432674,323492.6201542948
2016-12-09,823411.9089147688,131581.67930488268,201128.98726921246,94062.21541520482,326027.1481975671
2016-12-12,819118.2303182723,131179.13910135068,200906.38243301993,95254.98392440879,324551.4011198738
2016-12-13,826339.8292532117,132237.05609450693,202279.0411224337,95254.41699986595,328640.8144979342
2016-12-14,825901.7574901731,130522.25512001081,200606.17760942286,95253.85007869767,327956.24706156884
2016-12-15,832949.4718945445,130754.72613482198,201350.39427067002,95253.2831609039,328471.94012948393
2016-12-16,831336.4694331111,130627.35246670364,201002.03671652128,96223.47649312123,327251.8287581058
2016-12-19,832497.0057433071,130732.81169723807,201456.24565051313,96222.90380374166,328589.7576932339
2016-12-20,838539.181636137,131237.829587797,202229.46262006255,96553.00482083218,329845.8159350395
2016-12-21,839149.7316878261,131024.23519604704,201678.1816077909,96765.82231934929,329596.96228035813
2016-12-22,837577.9020159664,130512.10504133542,201421.0299700005,96765.24640172077,328664.16113826836
2016-12-23,845297.6296770992,130724.9911864148,201595.88768429632,96764.67048752031,328880.42095035646
2016-12-26,845297.6296770992,130724.9911864148,201595.88768429632,96764.67048752031,328880.42095035646
2016-12-27,857106.9867413463,130980.4900368764,202091.91833891484,96764.09457674793,330573.96934204333
2016-12-28,838796.3569375934,130212.48325594694,200496.0872583716,96763.5186694036,327999.6759843947
2016-12-29,842701.7409765186,130361.37854206961,200456.934343122,96762.94276548727,327532.0284015456
2016-12-30,830981.1795074405,130105.16668538684,199765.9597746662,96584.54767789887,324164.35619030026
2017-01-02,830981.1795074405,130105.16668538684,199765.9597746662,96584.54767789887,324164.35619030026
2017-01-03,832279.1387378635,131170.94422857196,201156.91214328032,96015.08114771976,327061.68144242396
2017-01-04,842001.163195795,132364.68469232073,202343.65735599087,96601.19550103726,328837.35424355493
2017-01-05,843204.979259676,132790.7563896909,202187.67357200943,96600.62056333027,330695.0864845119
2017-01-06,848032.3549625339,132811.7338247739,202975.48529744515,96600.04562904552,333592.2908608054
2017-01-09,854167.559419817,132448.91692519345,202333.1629830395,97043.91896842417,334683.9501099238
2017-01-10,852133.7632772388,132576.46692737142,202303.71070024325,96687.79091075071,335419.9095934438
2017-01-11,856469.415482706,133301.06029576826,202877.42377662423,96687.21545759485,336320.02745355153
2017-01-12,853194.9819385471,133044.79636314412,202429.72506617373,96686.6400078643,335797.55739176756
2017-01-13,855958.8328182163,133492.23473209198,202828.34186538158,96686.06456155908,336943.90913544036
2017-01-16,855958.8328182163,133492.23473209198,202828.34186538158,96686.06456155908,336943.90913544036
2017-01-17,852875.0305816593,133086.73919239198,202108.2133725347,96685.4891186791,335929.0550843349
2017-01-18,854243.7661754551,132937.06808161899,202536.05819753467,97182.66052105925,336610.18702008383
2017-01-19,856115.9823362293,132616.8898330178,201854.79344738397,97182.08212225095,336443.4411253826
2017-01-20,850056.57347793,133064.30457698632,202506.34750763027,97572.63957910157,337179.3233672617
2017-01-23,851327.7304584446,133063.93504500148,202039.1090237779,97572.05885898936,337450.2713857788
2017-01-24,860120.6994440021,133980.40272736055,203322.99733406428,97571.4781423338,339718.02378032426
2017-01-25,858156.6175376835,135174.07903157928,205015.61265598485,98175.29276474877,343134.7151699827
2017-01-26,858432.2130508842,134896.5502080731,204859.697589429,98174.7084574152,343487.554472996
2017-01-27,862048.9720812263,134725.58119028935,204567.5514123564,98174.12415355968,344141.3403581175
2017-01-30,852291.923013729,133765.7191382439,203331.8009017707,98173.53985318213,341457.8426312995
2017-01-31,857983.3259449424,133999.9074502983,203321.78723507805,97454.8016214865,340771.361611558
2017-02-01,864983.2919598045,134191.3842242913,203350.75613531366,97454.2216027907,343121.0999399435
2017-02-02,872022.9895096244,134446.9052720158,203438.12940952054,97453.64158754739,342817.38982311
2017-02-03,884716.4775476875,135128.840494664,204945.74576523324,97453.06157575655,343799.40895809117
2017-02-06,886760.3620243492,134659.34093675896,204517.45768992405,97452.48156741816,344206.9392097739
2017-02-07,890075.4653387489,134573.7160685285,204565.84690454553,97914.05439589273,345462.46491547284
2017-02-08,894952.3882513465,134743.91311174174,204828.27488110657,97913.47164354948,346034.1207818094
2017-02-09,894339.8282738151,135425.83992819313,205995.47193881235,97912.88889467496,347289.56753033336
2017-02-10,892889.4365177574,136107.75303654274,206822.1175561881,97912.30614926922,348435.6325739828
2017-02-13,888581.9377060356,136789.6425183366,207921.13397297804,99127.55493843168,350402.20855985093
2017-02-14,881449.0851631584,137066.4556537005,208786.72280404033,99126.9649628709,351575.47614454804
2017-02-15,884895.5421078773,137854.96252860856,209846.9081137424,99126.37499082187,353651.4663084439
2017-02-16,893513.7235806556,137897.239027858,209681.3052059559,99125.7850222846,353539.21250592085
2017-02-17,894681.8010073142,137832.87220009736,210002.05928087264,99125.19505725904,355068.055640376
2017-02-20,894681.8010073142,137832.87220009736,210002.05928087264,99125.19505725904,355068.055640376
2017-02-21,906334.1308498817,138557.41643404536,211237.31158070054,100582.17326963351,356815.72102373326
2017-02-22,905755.4034264843,138535.73686620948,211139.79598249545,100581.57463563028,356949.6673561176
2017-02-23,893867.2637341778,138535.35213580157,211256.2649697483,101043.0985794445,355606.53205337725
2017-02-24,895728.2400029461,138236.4752035371,211508.92742896438,101042.49720183824,356287.56689128134
2017-02-27,900758.6757043164,138129.4695310892,211819.975291857,101041.8958278116,356722.32963734295
2017-02-28,884971.8614366066,137596.07772621702,211197.15929078838,101325.6910059995,355625.57631397416
2017-03-01,910388.426066266,139280.06230922343,214193.17701120162,101325.08794629545,359506.361274289
2017-03-02,889024.6029346639,138256.23403572998,212937.99124236038,101324.48489018105,357698.36924276926
2017-03-03,893148.0524995977,138767.53964344694,213054.47458033223,101466.05502107368,358352.05073973635
2017-03-06,891806.079593485,138383.390643408,212392.66122666936,101465.45112586956,357555.9226007732
2017-03-07,888494.2208388501,137935.29161495494,211750.37483665615,101393.75773025244,356951.3937939504
2017-03-08,885900.0292546833,137529.8032824823,211302.61597185224,101393.15426538934,357577.66768166114
2017-03-09,884890.3505828464,137593.40290680208,211526.11759147875,101392.55080411828,357848.2508950322
2017-03-10,885879.1971500004,138360.5494354689,212265.24647667535,101391.94734643925,359349.67009056924
2017-03-13,890583.522596606,138893.18982370745,212391.39714171708,101391.34389235222,359948.46823567076
2017-03-14,886657.9620325649,138146.56375402663,211671.32533684708,101390.74044185718,359070.3519945753
2017-03-15,886904.5578682506,139830.50002052603,213431.82808479844,101390.13699495413,361282.753187371
2017-03-16,889159.5190493601,140043.28803218756,213071.63074272612,102349.30334564806,361033.67245092295
2017-03-17,885759.3429190653,140085.5957545295,212643.38191152338,102402.04072844486,360904.7661490445
2017-03-20,883636.9214746492,139893.32527712893,212458.30660411878,102401.43126189723,361230.74497813144
2017-03-21,848748.6868693369,138507.07401067764,209743.8491587821,102400.82179897738,355747.2652248073
2017-03-22,855197.2681633966,138719.9129190871,210171.67979566607,99412.8070852735,358155.97802633414
2017-03-23,857327.550563051,138634.26427661715,209956.42819700588,99412.21541178327,357248.816901536
2017-03-24,858121.4362961786,138889.71835228466,209887.72786717932,99411.6237418149,357985.76599990664
2017-03-27,854276.5853602426,139038.54523989305,209545.4689238991,99411.03207536839,358558.3996088254
2017-03-28,864892.3940288561,139827.00511660872,211099.11465685678,99410.4404124437,360747.7434653721
2017-03-29,863918.7934896486,140025.64517071898,211411.62746012636,99409.84875304079,362416.35417248035
2017-03-30,875039.5041052835,139961.00962994288,211978.25894944905,99409.25709715969,363016.33334376646
2017-03-31,869106.6096169489,139618.21430565199,211469.78569410738,99408.66544480035,362766.92680933105
2017-04-03,866979.8794848459,139489.42319728693,211205.6613388639,100795.04551772066,362544.7180850146
2017-04-04,862692.8687870043,139574.67419184002,211322.7153964813,100794.44561662072,363117.22140314564
2017-04-05,852852.5302488344,139039.21434335312,210677.37986474464,100793.84571909161,361634.7096070581
2017-04-06,862899.0844704645,139252.84857870228,211224.48397704258,100793.24582513332,361823.63754476485
2017-04-07,860148.8035699861,139081.24604047375,211038.54720784444,100792.64593474583,361628.96980066755
2017-04-10,855445.0758478182,139145.0754648322,211184.91413823632,100898.7064098304,361763.04222491494
2017-04-11,852934.8983375566,139273.04068559888,210920.7573577549,100898.10589170133,360198.45455230115
2017-04-12,841419.1002786176,138951.68643219504,210050.67457290573,100897.5053771468,358743.5282770697
2017-04-13,831890.9703013913,138073.8292399217,208652.88826197013,100896.90486616672,357315.8172208214
2017-04-17,848134.4042146222,139250.52826050651,210480.18649842945,100896.30435876112,360271.9884796221
2017-04-18,839960.2488009946,138501.0649999702,209903.37652005,99259.92787569143,359721.2485419899
2017-04-19,845017.0484735982,138222.4799096516,209443.7333845043,99259.3371121965,360293.8620057798
2017-04-20,859365.5300271527,139377.75728965382,211153.80684886142,99258.74635221802,363304.76641137816
2017-04-21,858355.2279922978,139163.37563544576,210537.8448922588,99258.15559575595,363219.70974325953
2017-04-24,872422.2522971646,141345.94009265714,212785.4031072117,101995.65293262948,367600.57966368843
2017-04-25,876876.0455148236,142201.58064333405,214065.35362595983,101995.04588505684,370255.31927851733
2017-04-26,880110.5863149182,142115.60051000823,213908.78094910417,101994.43884109757,369731.7166183115
2017-04-27,877469.6300961988,142179.40944796716,214074.68424379855,101993.83180075165,371947.95229389594
2017-04-28,870681.9729321019,141879.37873625744,213663.94657497195,101993.22476401906,372602.5847567675
2017-05-01,870873.6556618025,142178.6197456228,214181.6026920267,102568.66044600678,375914.4680653209
2017-05-02,808693.9246730616,142734.67140105917,214249.83068717414,102240.89773098074,376541.84682026395
2017-05-03,813247.7323667814,142241.99327857868,214034.529427345,102240.28922361761,375333.4570137961
2017-05-04,808383.8747143557,142562.61185661727,214229.76154674793,102239.68071987656,375467.5578176147
2017-05-05,811657.1990239432,143589.49628644998,215089.55082548223,102239.07221975755,376834.20559649426
2017-05-08,806255.8124728014,143075.44885464295,215099.01368113124,102345.14959906306,377653.1450800085
2017-05-09,809978.1115445902,143182.08490753753,214825.1220137852,102522.31162995526,378965.2878909298
2017-05-10,860865.5831584742,143438.465549349,215225.55708251428,102521.70144750943,379181.2982323607
2017-05-11,874263.7807996084,143224.11068787298,214785.56194935815,102521.0912686956,378877.01970541134
2017-05-12,878317.4901134779,143138.080982761,214452.99480042103,103302.69779973192,379723.2158673372
2017-05-15,895511.5931885054,144100.7055532359,215537.48870715869,103408.78070276197,380925.43852207734
2017-05-16,922419.1950936129,144378.49113836832,215498.18364720995,103408.16524371451,382511.3778848843
2017-05-17,859125.1179473212,142152.47133503543,211676.7225359982,100790.62333344195,372783.39972975047
2017-05-18,874741.4114720633,142237.64805771896,212448.4821484183,100679.82571372959,376040.2322289264
2017-05-19,885295.333371295,143671.0997453016,213767.64455896476,100679.22649846181,377626.1725310745
2017-05-22,888781.1121858492,144248.47622592316,214959.66293839828,100678.62728676079,380800.8661953408
2017-05-23,886738.611951163,144226.68540933722,215379.60036291933,102633.53721036574,381181.3424638363
2017-05-24,892099.758658323,144504.46600812825,215897.27860404016,103329.81431969274,382931.4766752241
2017-05-25,897305.7331869531,144996.2947977612,216903.7334100506,103873.16802630735,386188.3882544948
2017-05-26,906223.9509745791,144846.07259779426,216913.19394397835,103872.54980304962,386869.9223154438
2017-05-29,906223.9509745791,144846.07259779426,216913.19394397835,103872.54980304962,386869.9223154438
2017-05-30,915308.6463094904,144695.9107305249,216707.68212745673,103871.93158347179,387195.7005838625
2017-05-31,914107.5162259891,144631.30937786255,216658.58814504245,103871.31336757384,387055.47903380345
2017-06-01,912812.5923210933,145700.9164204217,218348.9833615145,103870.69515535574,388559.2091606642
2017-06-02,911467.1820942714,146577.8605588604,219032.82466406169,103870.07694681748,392993.67363663204
2017-06-05,924841.5047848216,146256.44869445905,218885.9870857916,104701.41076795124,392908.178627167
2017-06-06,936511.9469578258,145935.02869814477,218260.25069883102,104700.78761467719,391343.925833822
2017-06-07,951274.5865461818,145934.62341414846,218621.62481374922,104700.16446511236,392874.7804821731
2017-06-08,984648.077277898,145891.47866891875,218699.46009020353,104699.54131925676,393282.55589521135
2017-06-09,947950.25677061,145634.24079122272,218445.2164234715,104698.91817711039,383445.81412953686
2017-06-12,946231.5207538597,145419.86256194045,218356.96923358634,104698.2950386732,381388.73748239584
2017-06-13,950419.9743306629,146361.00815988937,219421.92618172226,104697.67190394514,384480.6951714248
2017-06-14,944937.7365043155,145996.80465465505,219187.13705168356,106737.705280529,382806.8732923142
2017-06-15,939728.2127597324,145097.70292603193,218747.0804715316,106737.07000645429,381105.6505980612
2017-06-16,934225.2234647266,145739.2141779347,218805.47792107714,106736.43473616094,379449.21846806695
2017-06-19,962192.5049121372,146658.949363051,220593.55162113378,106735.79946964899,385790.3614492451
2017-06-20,968051.2570950977,145374.60178700733,219146.99407488815,106735.16420691839,382766.36145400297
2017-06-21,995842.2437307826,145374.19805975244,219058.72945920296,105799.56927357333,386553.424546581
2017-06-22,998343.5233314029,145438.02073924665,218931.48705768757,105798.9395836415,386440.4295247548
2017-06-23,984109.2288994781,145694.44241634716,219304.236768537,105798.30989745783,387920.4143578447
2017-06-26,982129.9743385307,146143.36232588044,219372.73274353906,105523.93409227145,386104.7414454709
2017-06-27,956763.2567713253,145372.58316194755,217625.08564919617,105523.30604302521,379098.54350561404
2017-06-28,972290.9132075302,146591.7338071154,219548.85792465883,106091.45725795641,384560.7461184388
2017-06-29,947953.228476616,145190.83964649236,217654.00009859394,106090.8258305961,377884.2627285648
2017-06-30,938307.888477938,145535.13321864067,218016.8747549278,105450.32911331065,378018.4331240158
2017-07-03,925822.2961776174,145771.7582484817,218497.66899386843,105449.70150218932,374033.5554147058
2017-07-04,925822.3813631552,145771.7582484817,218497.66899386843,105449.70150218932,374033.5554147058
2017-07-05,940999.5054318195,145771.35341801442,218880.2731209,105449.07389480375,377710.49674203893
2017-07-06,937811.4710884232,144542.77447624586,216916.66866495388,105697.28920342043,374302.12861101306
2017-07-07,951700.47731473,145188.82357367035,218290.75822769644,105696.66012229856,378336.0559946392
2017-07-10,967511.7539834452,145511.58522702128,218516.290629784,105696.03104492121,380804.58043187106
2017-07-11,972144.4252658277,145640.46257119504,218349.1204673536,105695.40197128837,381872.54782955965
2017-07-12,993905.6427708231,146911.30235343426,219988.28433162763,107518.35282568021,386400.56321328715
2017-07-13,988440.3540959369,147341.77064247124,220361.00968838276,107755.87222598985,387248.6389463596
2017-07-14,1002234.1781281185,148224.7079343095,221362.06555088525,107790.7979286883,390293.6973438803
2017-07-17,1000469.3372809096,148116.5728594892,221391.30350532892,107790.15638620497,390482.91506055824
2017-07-18,1005692.6637395804,148245.50066564968,221557.89706675115,107789.51484754034,393088.24936981726
2017-07-19,999480.9053888831,149042.26171890632,222725.80482130026,107788.87331269438,395392.02974672755
2017-07-20,1000720.3970695939,149300.4056800134,222794.226038862,107788.23178166708,395910.71249354177
2017-07-21,1003207.303610015,149041.4338896578,222636.89191744983,107787.59025445844,395742.68348692096
2017-07-24,999273.9806810773,149041.01997675822,222558.1185220167,107893.57841671655,397551.9083906146
2017-07-25,994482.5485821218,149342.21474508016,223087.9751066318,107892.93626244461,396532.7363698517
2017-07-26,1003671.5478586139,149794.25142184147,223156.43021211983,107892.29411199498,397820.12222459004
2017-07-27,981607.9096237983,149427.56009576438,222891.0871365835,107891.65196536771,395318.4499312529
2017-07-28,987137.5438508217,149362.536464686,222635.56685507912,107891.00982256272,394985.6405353034
2017-07-31,975052.0648756992,149383.67764592794,222507.73514315698,107890.36768358,393307.5376032576
2017-08-01,972973.8294040986,150029.57370162383,223008.08756870253,107889.72554841955,394210.4892623369
2017-08-02,964248.5021403442,149899.87142237395,223135.42315631456,109346.40024433435,395278.34759674704
2017-08-03,972643.5260461308,149705.57185007413,222742.48079291405,109345.7494423134,393737.6042227116
2017-08-04,965454.1791375504,149985.26181496642,223115.2823810836,109202.94085862735,394448.41494096204
2017-08-07,985220.184521943,150351.10356516019,223478.24366597953,109202.29091053132,396943.6609899895
2017-08-08,980691.7644025647,149876.7299342236,223036.22653902273,109201.64096630404,396254.0949462339
2017-08-09,985003.0374546496,149531.53369662396,222908.36076743065,109200.99102594548,395729.36543252465
2017-08-10,954699.7611798013,147247.39474328002,219845.31117999123,108116.27762327681,387242.15064539714
2017-08-11,951185.9469868278,147311.63232520272,220139.58959984532,108115.63414341434,390176.9618080495
2017-08-14,979093.9816412107,148668.50864788014,222298.9104648522,108114.9906673821,395198.19380928366
2017-08-15,981074.3989611968,148517.27788413203,222318.32454421362,108114.34719518007,395469.63964505657
2017-08-16,980903.4656694669,149249.3875836905,222671.4270948788,108113.70372680823,396152.9732880638
2017-08-17,954513.1466402906,147137.6434738665,219205.98855308015,107579.90134589894,388050.5184544404
2017-08-18,957261.976384282,147309.58679709048,218803.23402255838,107579.2610587524,387772.81886408495
2017-08-21,952973.9906527856,147438.3991581619,219067.97636182103,107578.62077541709,387275.60712582094
2017-08-22,974900.0023816132,148622.97092154933,221286.24950518046,107577.980495893,393175.21529580856
2017-08-23,973337.5004055594,148450.19774460347,220530.11153181375,107577.34022018008,391771.96619363426
2017-08-24,969072.53561346,148212.77071626543,220019.36796497964,108163.16932077565,390615.80064717034
2017-08-25,968263.1094532682,148794.131801703,220500.15538114926,108162.52556179593,389789.0955124544
2017-08-28,974904.7428762567,148772.1637871837,220578.3989575805,108161.8818066481,390993.9616851788
2017-08-29,976510.047805451,148642.49165353357,220745.022172836,108161.23805533217,392528.1566950057
2017-08-30,988502.9705649572,149072.9441859583,221844.18788759856,108160.59430784806,397137.25426765525
2017-08-31,974588.976257573,149998.8429751902,223149.52389321223,109023.54238388324,401389.38698792784
2017-09-01,974361.0554327625,150450.89346883263,223532.06869453288,109022.89350363528,400837.00509596494
2017-09-04,974361.0566919886,150450.89346883263,223532.06869453288,109022.89350363528,400837.00509596494
2017-09-05,965413.8133024634,149437.89055247352,221882.68311456864,108016.47800254417,397237.68215435237
2017-09-06,968210.0052606773,149997.59326155376,222657.87719518197,108015.83511672707,398442.3428252373
2017-09-07,978023.8543378706,150578.9067171544,222608.53762612172,108015.19223473665,399372.6148170374
2017-09-08,975486.7702763987,150406.14328813483,222264.71669403778,107765.78060129083,395910.550580802
2017-09-11,1000755.9455334607,151849.1563810554,224689.088488273,107765.13920772013,400464.44761402876
2017-09-12,1008228.6759178472,152258.02632702191,225513.3152461852,107764.49781796729,401422.1398485534
2017-09-13,1008869.1516525579,151869.8175154139,225650.48255696904,107763.85643203223,401967.7646673727
2017-09-14,1011902.2202818227,151912.4642281664,225571.72635431873,107763.21504991493,399603.7129554759
2017-09-15,1017892.6221496892,152192.12549960747,225885.52913771998,110520.31772375053,400973.0793505008
2017-09-18,1031356.581061585,152708.73986809124,226277.92252261197,111803.49341095774,400444.5143148638
2017-09-19,1035233.244377358,152945.26976191156,226552.5060401463,111695.53266641578,401129.1937800062
2017-09-20,1031205.5340187383,152944.84500502344,226676.57565580317,111587.6182691781,399887.99245014304
2017-09-21,1022573.3951723409,152535.07706357478,226034.94936386868,111586.95412657368,397436.34850292583
2017-09-22,1026285.8049404455,152642.40217176982,226005.0766079059,111586.2899879225,397048.1776385039
2017-09-25,1001398.722266419,151974.11250414565,225669.31096036773,110119.40660124985,392863.54449134873
2017-09-26,997799.0985748601,151822.90453542146,225748.0142130707,110333.32042373516,393878.2215698313
2017-09-27,1014507.486190064,152112.6426013047,226625.89300210407,110332.66374718935,397423.7324348179
2017-09-28,1016762.8916723562,152307.06393503433,226891.93399436175,110332.00707455233,397283.1212690952
2017-09-29,1030628.4513828588,153151.0310417872,227700.7459957223,110331.35040582407,400140.69063527737
2017-10-02,1034426.4467518163,153497.0654309391,228657.5042130623,110330.69374100454,400495.4579657829
2017-10-03,1036285.6495868993,154167.79516347725,229120.94436689542,110330.03708009374,401344.85834424547
2017-10-04,1035256.2514154745,154232.36378541664,229436.41830512029,110329.38042309164,401726.7544859918
2017-10-05,1041989.4088165594,154686.62410474676,230797.69282979143,114029.78354788461,405657.33436803264
2017-10-06,1051703.0531246497,154491.23501195209,230580.2864857769,113939.73782711831,406204.1842802807
2017-10-09,1055642.2603781058,154274.36334923195,230175.57779786567,114403.91724381254,405733.3921922939
2017-10-10,1060557.733443482,155118.33831464467,230757.40916087193,114331.69999527746,406032.7455347844
2017-10-11,1069955.7960970236,155550.94896274718,231132.06842832267,114588.4586940291,407239.6733642596
2017-10-12,1070589.5999710395,155463.8990062565,230776.58949588216,114723.69036632427,406493.76946838555
2017-10-13,1076437.0423967673,155896.4468053018,231032.83517212735,115295.13036007428,408058.54728871846
2017-10-16,1079304.67698787,155961.0190949421,231397.5846436407,115401.72733197261,409458.04745677765
2017-10-17,1076233.9307615592,155895.58089730013,231545.30737142832,115379.56895714348,409977.56126770435
2017-10-18,1080796.142879708,156003.40680181855,231752.20122982727,115632.77649549191,409479.00140293647
2017-10-19,1080738.5956079795,155808.0982355249,231870.33747696696,115413.97347965775,407963.0584282507
2017-10-20,1095994.0086510016,156175.73368052108,233024.38764728798,116772.03684082482,409060.00520853634
2017-10-23,1092274.2431881262,155569.14462817134,232175.63650238686,116578.28291623107,406388.78742341476
2017-10-24,1097335.9567301108,155828.44172862667,232500.97495633835,117328.44689899111,407073.1944037873
2017-10-25,1084044.7906534506,155200.15596949088,231385.76582834392,116541.11061853514,405529.64468186663
2017-10-26,1091595.9235021903,155243.03768364486,231602.56643153407,116540.41699085722,404233.6719407579
2017-10-27,1117227.5792515113,156065.31820249642,233575.51160197819,116539.723367308,416002.4183108656
2017-10-30,1115038.0200235678,155870.05290781494,232726.76485140418,118641.45221157253,416934.3645780572
2017-10-31,1113176.7714068827,156367.5884042224,232992.86057568068,118898.18633372238,418498.7325336924
2017-11-01,1108494.2036728465,156713.5034647179,233397.06123249428,118790.1881363146,418357.802611752
2017-11-02,1113991.8846033858,156886.24737814127,233495.43012539006,119182.78981230785,417556.9091416527
2017-11-03,1119517.8599367207,157015.7179718633,234274.55558082595,119861.45646493218,421569.0585186632
2017-11-06,1121910.7285812756,157426.59122767896,234629.47333080933,120254.03957256809,422995.8677473878
2017-11-07,1123581.0043681895,157101.43964964765,234530.5823205524,119080.57537838469,423240.0032108124
2017-11-08,1121804.8595806346,157447.45690870506,234875.5563484484,119108.49261401621,424941.98296731326
2017-11-09,1110017.7315115093,156581.02693675176,234026.8334523555,117963.63746162433,422710.7704635514
2017-11-10,1105186.5188192485,156450.7074137052,233888.3984997074,118391.95198422346,422679.96667190886
2017-11-13,1107354.3600887416,156212.10542959065,234164.44984467677,118713.07359406656,423199.2078917323
2017-11-14,1107323.2556947826,155973.48494325273,233591.921677285,118533.54152985415,421655.6124925459
2017-11-15,1100946.3230079769,155063.82703035368,232397.8319542936,118228.97566134059,419672.2438717634
2017-11-16,1118928.850524342,156557.18233293193,234380.65114894387,119247.18378309417,425031.6311786846
2017-11-17,1114922.8263734935,156340.27280040152,233748.90287073824,118767.42938594166,423405.66932259244
2017-11-20,1124892.343226826,156577.98296862285,234054.48570404758,119049.1615629707,423072.40212245367
2017-11-21,1136413.872386372,157811.52759493166,235613.02626352606,120138.92274017486,427661.5912959081
2017-11-22,1128633.7931398891,158027.60191176634,235444.97123481406,119887.91799496891,428180.7195333548
2017-11-23,1128633.7931398891,158027.60191176634,235444.97123481406,119887.91799496891,428180.7195333548
2017-11-24,1134833.040598347,158611.688904767,235938.01967291662,119887.20444581851,429744.7867336901
2017-11-27,1132331.743389561,157983.43378206406,235868.67877875202,120029.50544891325,429548.84777387476
2017-11-28,1139028.381801083,159195.32061918103,238206.5983052675,121458.77033818408,430645.3518265018
2017-11-29,1105853.5935339474,158696.91796149488,238117.50863320017,120403.43470411755,423134.64143908996
2017-11-30,1121774.217685289,159324.30644777103,240110.138237937,121990.09415519719,426678.7861958231
2017-12-01,1110887.4320159622,158977.4852858562,239665.89214746954,121260.02327815889,424860.36037431145
2017-12-04,1074983.3346009918,158695.59576410157,239409.07984920865,121026.95301266418,419962.38478689734
2017-12-05,1074253.343229963,158197.3189822837,238560.3514055949,120250.44063359556,420233.9082585348
2017-12-06,1085464.2809531228,157698.86653563374,238550.1943739376,120621.51271889052,422127.86165964144
2017-12-07,1100403.240920736,158196.44029167658,239339.16552156833,121310.7699712889,423554.5499939074
2017-12-08,1098129.1262681023,159126.81506398332,240641.20369344135,121631.7721510776,425420.9575081924
2017-12-11,1099066.7277781502,159516.0154025575,241420.28012470598,122113.69171439025,428717.39543362847
2017-12-12,1096104.4111897484,159558.90110389458,241834.38224476943,122649.20807800815,428136.54688909644
2017-12-13,1099119.9083872067,159904.8587022816,241774.821715684,122416.0941743788,428958.0785056406
2017-12-14,1095840.7575130688,159211.66464826994,240817.581224394,122200.88287883699,428652.1670675245
2017-12-15,1109396.8180427777,159947.2195730951,242839.7658145416,122754.20628742722,433515.7088512644
2017-12-18,1117740.3277597653,161440.5336515501,244348.88035130675,123859.86616339553,437146.7380936006
2017-12-19,1111040.371654533,160877.82106174325,243460.69894431124,123554.81464744106,434553.01263809926
2017-12-20,1113051.6285143124,160768.43476190584,243273.01372564505,123464.55218353418,434081.34105078335
2017-12-21,1096193.1645803677,161225.63206275358,243766.00704427436,123750.27379041622,434132.9598823558
2017-12-22,1098771.2819061505,161508.4750150505,243716.40423515294,123391.4631944834,433633.5453903043
2017-12-26,1098800.0499449002,161529.82410405314,243432.58842279398,122746.32395851566,431288.156906158
2017-12-27,1103365.440866493,161638.33362381722,243571.07348587998,122906.68425924933,431339.8409999962
2017-12-28,1104365.197065376,162117.22181018943,244026.7723059442,123077.83903378806,431859.817431979
2017-12-29,1095221.8813524472,161855.3211138039,243183.85801437031,123209.53788807572,429183.9075565974
2018-01-02,1073826.7510206054,163271.3352221047,244967.8718808305,123566.83793579097,436702.1582697757
2018-01-03,1099010.8298421027,164382.18875719083,246424.89961940332,124604.36154367056,440941.7825219127
2018-01-04,1107037.4821889473,165362.41110160924,247505.11054342677,125996.31320209424,441709.61475131667
2018-01-05,1133665.52307121,166320.6424561198,249090.9115611721,126930.03111604569,446142.0187760663
2018-01-08,1148826.1176576533,166494.5279939974,249606.1318967069,127090.37481706239,447874.3573677948
2018-01-09,1149234.1643476302,166777.3781782023,250131.15452581807,127859.37323471658,447898.199260747
2018-01-10,1145919.6562899447,166232.1578297125,249704.61198934395,127901.54047175209,446847.7788471039
2018-01-11,1158098.1634766625,167451.94962691455,251548.13435500793,128384.12815486066,449902.3070630249
2018-01-12,1162377.9030975723,168780.74891276035,253213.21503596168,129589.81476598793,453204.94558480906
2018-01-15,1162377.9091378122,168780.74891276035,253213.21503596168,129589.81476598793,453204.94558480906
2018-01-16,1147392.956701905,168388.05589630868,252290.98869574582,129467.37810218193,451906.3511302435
2018-01-17,1175972.7810803782,169716.86502133773,254729.3256057607,130891.43366034808,456779.14801944484
2018-01-18,1166269.184858834,169367.68573543444,254382.0391254332,131148.41155114467,456858.2850272002
2018-01-19,1181738.5697859293,170260.63077487692,255462.22771359453,131423.2837648981,458287.08836373425
2018-01-22,1185676.964708405,171502.2372079842,257513.8190571809,132202.9400879962,463187.2906166298
2018-01-23,1192648.6150600691,171981.106427272,258098.40924060304,132953.9696640386,467012.9993690525
2018-01-24,1184284.01171998,172263.9731492752,257969.2721200992,133006.854528234,463978.8513259746
2018-01-25,1180715.9428274815,172001.99714164782,258087.90478790348,132290.1093898244,463809.87364311225
2018-01-26,1189695.4560472157,173766.53901161783,261091.22521413103,134118.59972384854,470913.7546748943
2018-01-29,1175739.4712819846,172327.877235429,259286.76545161766,133362.47463783072,468623.5768232235
2018-01-30,1152338.9516245918,170562.34923385433,256520.74959408474,131768.65461180432,464763.0543130941
2018-01-31,1155503.6160996964,170714.43888487545,256758.4091988228,132179.58072337657,466687.8411477104
2018-02-01,1141355.1360459512,170583.2078794603,256500.34170040433,132608.33831126412,462717.15818674926
2018-02-02,1109014.4585709756,166856.64888937742,251008.32264005922,130853.45429942486,453485.17019173235
2018-02-05,1060069.9630036538,160450.0057245639,240698.69964368475,124555.83516683485,435603.38848298107
2018-02-06,1072106.0654397195,163805.1829319187,245149.30135273776,126387.94360352826,447142.0023415726
2018-02-07,1066857.5150819009,161712.84916475764,243810.75691048833,127486.15902269643,441353.7904336583
2018-02-08,1016703.5743155663,156591.83035955485,234750.23092168957,122080.03660253504,422728.47132884024
2018-02-09,1038513.4757857507,158247.41696467673,238368.1006338318,122702.18705157585,430025.1864321109
2018-02-12,1052677.741834182,160600.2682925587,241639.03745263582,126016.21155032258,437651.9012883246
2018-02-13,1056607.8672805016,160708.76079806092,242451.58741316345,126623.98616902577,439907.2336785778
2018-02-14,1081252.3707862084,163257.7325578983,245623.33616059046,128878.42197688094,448139.8983830134
2018-02-15,1107799.2163253014,165065.81119444073,248805.0364546435,130273.64334430824,456455.0924972385
2018-02-16,1097135.0656867211,165196.05610616543,248774.98426935435,130666.66870430068,454413.1286302501
2018-02-19,1097135.0656867211,165196.05610616543,248774.98426935435,130666.66870430068,454413.1286302501
2018-02-20,1093057.8398490136,163953.59694518047,247267.99266673694,130605.07450942801,455318.50285330863
2018-02-21,1089320.036366958,163343.08045935034,245969.1057721167,130342.95747498522,454020.2373282766
2018-02-22,1091281.88198154,163625.8563204654,246266.1815951802,130449.56632665326,453961.6327822908
2018-02-23,1108011.4594427827,165826.08384960575,250310.26304163397,130985.70988055876,463240.6323539825
2018-02-26,1119854.2804991486,167372.72216690876,253194.532482871,133454.82249555105,469379.08251758595
2018-02-27,1105629.0983931306,165040.7774220185,249962.74697779832,132630.6956514199,463563.67989834264
2018-02-28,1085128.356243913,163122.86198229503,247186.90102583065,131502.40195584667,460585.3136334912
2018-03-01,1056735.6998451,161183.23160697133,243925.3573104778,129429.1410203925,453062.12278207333
2018-03-02,1070325.4479990266,161945.37778858835,245223.66601113716,129764.81950346053,457217.7500033583
2018-03-05,1076950.1581168862,163252.29180960375,248038.52331849813,131517.96312394645,462282.0492257088
2018-03-06,1078661.3340950944,164210.58108977138,248662.66329664065,131696.1362067077,464233.8917463532
2018-03-07,1083500.3813744523,164013.962591456,248553.40778633015,132160.70088435043,465304.32307073544
2018-03-08,1096295.347354982,164645.4235531967,249712.81665122602,132303.050244334,467862.0546337676
2018-03-09,1112014.8454323746,166714.7996666533,254034.3966433574,135219.42687970577,476947.3861473004
2018-03-12,1101828.786895845,166888.63355268142,253786.28195525083,135558.6165966158,479477.3755913643
2018-03-13,1087884.8413125016,165733.45884262712,252110.84139085532,134752.44981131548,472946.1222261328
2018-03-14,1078527.8391016996,165558.633262267,250782.23382226765,133570.50023847522,472859.72058071604
2018-03-15,1073527.8292902983,165296.75013161486,250543.9788456358,133176.03677438985,472442.9959919902
2018-03-16,1065080.1854342497,165318.0655456746,250801.46790816434,133586.84852290008,471034.6472059757
2018-03-19,1054906.0966166533,163574.4932249346,247450.71786498072,130774.98628558476,460981.52254995116
2018-03-20,1060319.6864222563,163966.24501174127,247886.58577315652,132316.00979909976,462495.0915524743
2018-03-21,1058334.2950343168,164096.59401078298,247311.38066185775,132135.9328826795,460477.4479509072
2018-03-22,1015206.5856265104,160261.43419025152,241165.38944712872,127581.6373125183,449108.8609651394
2018-03-23,994924.5095919645,157559.26652351514,236030.41316076706,125806.07072857118,437271.4002768587
2018-03-26,1020900.7477206266,161269.40818263948,242526.5543391841,128942.53755302768,453515.32478311093
2018-03-27,984407.4485758818,159126.1928736343,238324.1113703844,125535.66050833985,438836.84036247816
2018-03-28,976886.2091616667,159060.1811876377,237656.67690521324,124280.05254773978,433785.37608695484
2018-03-29,994132.1886042631,161027.55026243086,241081.92859485236,126287.07517211228,441726.17466461257
2018-04-02,966992.9374255217,157834.74761542748,235505.2650871937,122668.76592065359,428978.99903399724
2018-04-03,971983.8619135893,159496.1161955338,238492.2923692302,123291.88635612806,433802.65432188654
2018-04-04,986101.3503169096,160763.90278581713,241240.3379132247,126320.72425670656,440639.79608241376
2018-04-05,995152.4464663542,161616.15858009158,242982.59941393207,127467.22713208185,443146.47590671765
2018-04-06,968156.5959528959,159013.74562693466,237635.07947561858,123701.98300893634,432054.75763340923
2018-04-09,975208.48583403,159975.39467378642,238600.6503803614,124740.97289675048,435085.3373909772
2018-04-10,998176.8531893766,162336.38052450956,242533.643433275,126945.1211972721,444680.54459588655
2018-04-11,990733.2565974272,161592.42128526236,241248.8607764072,127159.45295452361,442112.02026187425
2018-04-12,1004976.9964788622,162554.05515172626,243269.95404516434,127743.06070957119,447431.6468482489
2018-04-13,993863.3012388415,162116.29372519386,242592.54647278786,127136.40080072744,445111.178132383
2018-04-16,1002356.7799795336,162946.77573260016,244563.85752585574,127974.58972405283,448500.20572929544
2018-04-17,1025154.5310629077,164258.19628884236,247192.36304356946,130580.17993978967,458150.04397409206
2018-04-18,1037939.2265203662,164891.78771306013,247331.5584863173,130722.80002713454,459084.21224364097
2018-04-19,1021743.6840360827,163819.9887175202,245976.98257347118,130937.13163471945,454860.70549868635
2018-04-20,1010529.0080755419,162748.1163923832,243985.1475474668,129753.33132806058,447658.59099912836
2018-04-23,1007871.2871740527,162550.89504234996,243875.31290209678,129071.39661280264,446524.2594735872
2018-04-24,987723.1990698046,161216.7662689155,240549.29875423817,126202.64600421923,437060.7412062333
2018-04-25,993977.0361440844,161150.68286446997,241166.30343822093,126384.71570617342,437581.2275538401
2018-04-26,1018558.2117765612,162505.8167701168,243645.44778729213,128818.08817028343,446789.38283055736
2018-04-27,1015591.3384626574,162789.6298578871,243904.06190819916,128849.63478774684,447061.54471688985
2018-04-30,1005174.2844728869,161695.96594482023,241912.24357521674,128056.57335941675,443886.474512022
2018-05-01,988129.5934787706,161608.07960241937,242429.74535166362,128851.65798147034,448957.5247124897
2018-05-02,972223.6188264323,160995.4427045484,240776.4872740354,127811.31516709208,446306.33514180424
2018-05-03,976509.8354552184,160929.3312785176,240208.67176784313,128025.63629298833,446247.68007907557
2018-05-04,980354.2971351945,162306.3345512361,243394.76350816633,129494.65898681036,454710.72943492833
2018-05-07,991179.7467157107,162546.3807069735,244151.19449844342,130354.19035724213,458485.37354202167
2018-05-08,995224.9906046954,162567.77095371208,244140.91080020496,130317.59068777859,458012.7518591106
2018-05-09,1004892.8083507939,163551.2325882153,246510.56898508148,132094.8186045959,463000.78120246116
2018-05-10,1015819.4097449512,165059.36168475827,248820.31519004432,133237.60459688702,467795.6654764414
2018-05-11,1023463.8934828967,165408.72389704155,249427.46404261183,133218.84746797464,467350.75819389074
2018-05-14,1017513.5153891772,165648.76800471943,249705.91538886272,133540.71640921256,468146.63365117204
2018-05-15,1015937.940895769,164161.5884972919,247992.95074391118,131998.49261201438,462958.5732942872
2018-05-16,1023904.199162218,164991.9248569626,249048.17282193326,132481.63394665197,466015.9010558498
2018-05-17,1015239.2560218186,164947.7544103089,248838.78561577515,132212.00538811975,464219.5701038162
2018-05-18,1025917.5800536484,164400.731483921,248221.08964926813,132490.83207604178,461816.8096734933
2018-05-21,1034652.7050078721,165340.35508068046,250043.02967723046,133644.2831188448,464405.39022347145
2018-05-22,1027240.4642432542,165186.8597801852,249325.78522189995,133285.01568011567,463794.99011307856
2018-05-23,1037937.1582740159,164705.42322059645,250102.1842252267,133531.53613448155,467707.1029831148
2018-05-24,1036591.5678580613,164420.73621671987,249623.9577469806,133570.16427071867,467565.4029019824
2018-05-25,1035198.4923117966,163873.71243575012,248996.32355876706,133282.63581294313,468030.5382572659
2018-05-28,1035198.4923117966,163873.71243575012,248996.32355876706,133282.63581294313,468030.5382572659
2018-05-29,1023901.5431273789,161337.16505403,246118.31260787504,131812.21283143648,465958.76232594025
2018-05-30,1042618.0793207318,163435.5707398273,249364.15164418088,133668.15809040173,469291.5071366715
2018-05-31,1036571.2392671735,162604.28819004082,247750.86156000756,133101.00387654867,468984.35123496054
2018-06-01,1061072.2727373273,164177.97808201058,250359.31203695713,134605.72537115274,476343.1899388317
2018-06-04,1027845.7638261945,165008.3065225413,251464.20341449347,135859.40394742493,480640.8909138065
2018-06-05,1035749.0103014142,164964.1473969271,251812.38946280326,136073.67901668747,482126.1140579568
2018-06-06,1048398.0325525433,166406.63612350827,253823.45515402238,137076.46197000367,484934.71949143906
2018-06-07,1032882.637571159,165837.6794782805,253703.6721021254,136753.03192169213,480987.92559598724
2018-06-08,1040106.258413139,166208.92086138323,254499.97207076882,136608.91145251386,481011.61517644784
2018-06-11,1042224.7004526288,166623.87046486404,254828.21920274163,137253.22903019018,482303.6656867843
2018-06-12,1049794.9867380292,166448.44814884046,255256.08169297094,137567.83279162672,484836.5406217449
2018-06-13,1049054.5318086774,165945.18663254697,254240.13431745247,137144.0797126683,484805.2311916361
2018-06-14,1054379.0757800788,166119.58526281035,254976.66377602456,137501.70131605552,489709.22942217166
2018-06-15,1053882.0049144477,165419.56895009478,254757.33369414802,137321.64254763364,487995.7780887892
2018-06-18,1054432.1314021796,164632.09753404828,254149.62080290986,137457.26918038845,487710.0189842265
2018-06-19,1045277.9036380501,163516.64532241444,253183.43539934143,136519.14533755434,486324.6768833037
2018-06-20,1045267.6291858406,164084.61202890894,253641.20566367134,137211.43822062376,489774.7351046526
2018-06-21,1038115.0382816048,162728.68208431423,252057.72690106925,136158.35780249696,485515.6815857461
2018-06-22,1029037.3006297798,163699.52349464007,252505.487404338,135586.501114181,484434.4039022239
2018-06-25,1002934.787308857,161364.46349225583,249010.29452708803,132963.97148658702,473516.70359283575
2018-06-26,1003335.2440768928,161540.1987776397,249557.68986401625,133430.0709482854,475446.9292028191
2018-06-27,984289.9434138985,160020.06824752095,247486.31516277677,132028.70262346766,468977.9195518983
2018-06-28,995641.7756282539,160834.49244280718,248993.57639487207,133248.92176249425,473008.145682733
2018-06-29,996606.5809489937,161627.00332065046,249623.4393224387,133068.56887626342,474275.4956945528
2018-07-02,1003235.5171302684,161053.8754852722,249913.27455067556,133566.97627166723,477448.84515043825
2018-07-03,993258.5910642857,160877.17785994514,248902.68447251435,133584.18658104356,471919.3421098406
2018-07-04,993258.7162935652,160877.17785994514,248902.68447251435,133584.18658104356,471919.3421098406
2018-07-05,998513.8271747989,162154.1585479442,251033.06272062485,133924.51453825858,477772.7646534095
2018-07-06,1009583.8062305724,163188.85986380232,253123.50019190565,135130.35702108723,485200.9727057281
2018-07-09,1022383.2035786352,164818.24551435135,255363.95982921176,136328.9831599149,489562.3259943831
2018-07-10,1023310.589717862,165104.11337251012,256253.96362908083,137193.69502943294,489917.5657438556
2018-07-11,1011145.5564222422,163275.6687715949,254503.04013430906,136618.22700509126,487427.23614904785
2018-07-12,1019468.1892096616,164552.57551128714,256683.50026518374,138700.26546674038,495822.0389667737
2018-07-13,1019637.0661860494,164750.38266950994,256903.27273751682,139022.6662872433,496232.4452795576
2018-07-16,1017130.9148179912,164529.64433475307,256742.96548480538,138939.24354514867,495040.58466079703
2018-07-17,1020556.5752887479,165167.94144234507,257842.9953807485,139739.21860585816,498048.0228452255
2018-07-18,1030494.9890999394,165277.5581083137,258312.85502374204,140277.0278402505,497104.561438989
2018-07-19,1026673.234479565,164660.41513911285,257332.1590202722,139073.2038011725,494614.2932041627
2018-07-20,1023526.1117701874,164968.29400732115,257091.86033568214,139449.46973845104,494499.8783352055
2018-07-23,1026798.168235908,164967.83585314345,257581.63483047648,139646.09739616627,496070.82796662184
2018-07-24,1025925.7656321006,165694.10094317503,258791.72990582083,140489.13346576097,498111.026416276
2018-07-25,1043801.7762236298,167411.5220367234,261162.1736060981,142499.2476577647,505068.50398263783
2018-07-26,1052961.1657087405,166706.3644884409,260391.6152404301,140774.73803379998,497412.4383438677
2018-07-27,1033288.251084963,166199.34069660868,258700.8221294288,139481.22175211448,490695.7734357773
2018-07-30,1015317.6726263481,165626.22047581448,257210.0194822836,137074.49856830892,483758.20215759514
2018-07-31,1026945.9754188051,166264.46706915958,258510.1085126026,137755.97570917202,487455.84596381866
2018-08-01,1022866.561275844,165669.3928541376,258189.73320093277,138006.40459772645,489302.9038448968
2018-08-02,1032630.719412555,165690.87977786156,259499.79301007118,138975.15143566558,495956.2619728946
2018-08-03,1033245.2177580178,166263.08180903224,260769.91494634518,139117.95759912572,497471.73628224275
2018-08-06,1038998.3422384461,166262.6200582217,261749.94441482789,139871.19256298916,500395.79433764674
2018-08-07,1046999.5727266761,166900.80647150966,262479.85174522066,140660.34896252284,502214.8825092896
2018-08-08,1036734.7913077489,166790.2622526504,262339.5430325558,141018.5586691871,502818.6376456025
2018-08-09,1039817.1691294892,166415.4266264303,262009.06924253938,140874.05943097032,502510.8014273338
2018-08-10,1032662.4410231141,164542.97879037904,260228.22519987967,139867.8626038678,498667.192802936
2018-08-13,1032809.9372639986,163661.61606297884,259247.59871012176,139342.81870992083,498110.99072224053
2018-08-14,1042680.1062801749,164431.93583196058,260917.79922239276,140440.6770203368,501228.4012341398
2018-08-15,1015957.2782794689,162603.61012933496,258996.91545096072,138788.2565402231,495092.35266062425
2018-08-16,1020191.5417845692,163836.43812082786,261097.15959718905,139541.4125546816,496717.9321085579
2018-08-17,1020097.1302116299,164562.68983444842,261967.21170908274,139720.09049028112,496824.4621290561
2018-08-20,1032883.3677585965,165200.9343599714,262547.05453642854,139862.8678138428,496378.5903422667
2018-08-21,1042076.7174496093,165861.17111133123,263116.95573090116,140149.31150472708,498197.6987576778
2018-08-22,1049705.8415924087,166301.07057216053,263036.5664467965,140615.22704240834,500127.20331356354
2018-08-23,1056260.0863059224,165529.8890412833,262656.11753664754,140686.18579428925,499405.12237019127
2018-08-24,1071767.883078189,166718.61790709748,264306.38301386754,141564.9977762617,504041.33209724625
2018-08-27,1072865.3529877006,168479.89764582788,266296.67229167104,143039.8493337345,509174.76819736697
2018-08-28,1071503.0325945166,168347.35785402884,266446.35869924014,143089.23605143582,509916.4053264239
2018-08-29,1074043.0657203547,169139.63646226708,267906.4688450928,144775.8576755479,515795.38533110364
2018-08-30,1069248.8438523372,167729.78029888566,266815.8657834468,143985.13202491816,514879.81869516545
2018-08-31,1062797.7183649312,167685.2644589607,266825.5229682746,143876.525366701,515538.64512544073
2018-09-03,1062797.8415065994,167685.2644589607,266825.5229682746,143876.525366701,515538.64512544073
2018-09-04,1071216.1647297754,166627.77967510928,266455.0821299778,143803.92134346723,513325.04008051264
2018-09-05,1046464.146713661,165526.2113637273,265704.5792606611,142223.33572750675,506692.4335260292
2018-09-06,1049774.8160742102,165173.4238307444,264924.0153706207,142258.35514455856,502158.9058470415
2018-09-07,1043043.3455084927,164424.17271147956,264283.5326926122,141647.17649830866,500221.5868010863
2018-09-10,1046751.6332899793,164820.14088180033,264783.3054739967,141951.51258337023,501902.48064201896
2018-09-11,1054889.0135499134,165150.05274508527,265783.2677468938,143034.90600645758,505764.88212150335
2018-09-12,1053836.0596544628,165457.84902670255,265812.9793987517,142858.11937752634,504269.49765360466
2018-09-13,1058852.737656639,166492.33380147326,267323.18883799063,143880.50475559063,509650.9803180031
2018-09-14,1064121.6655259572,166602.02342075008,267462.8452440628,144231.46980514008,508155.54433873435
2018-09-17,1045541.0459826754,166007.01102774733,265952.0738793311,142683.26634605436,500833.00366881007
2018-09-18,1055468.6210556063,167173.65147451602,267402.15271635965,143935.3844145268,504971.50509738084
2018-09-19,1025109.3384849294,167591.53940542156,267701.95706696267,143948.86732337356,504580.9351800752
2018-09-20,1032498.5629595203,169154.62460024163,269852.28109624324,145229.6569664106,510155.3926562696
2018-09-21,1026125.5372142905,169110.12633024174,269661.9397912662,144690.2990927997,507362.1795405611
2018-09-24,1032966.7443014961,168360.93669200616,268761.305995615,145056.33606446243,508768.95254105044
2018-09-25,1042057.5491322189,168580.68958520194,268430.9237230784,145559.11658067873,509456.6081891622
2018-09-26,1034339.4844470544,168296.9711812058,267643.8237666756,145450.33146663447,509812.24274358666
2018-09-27,1030907.6828591871,168429.30109936954,268387.04417463747,145989.05634909507,514123.9840957054
2018-09-28,1032323.0643677418,167809.312377539,268356.55856069474,145826.3037234532,514009.1469801042
2018-10-01,1035080.9369170188,168339.79488161867,269351.06239102327,147102.46913536056,515056.4525140154
2018-10-02,1022974.9101719378,167542.78786299136,269320.52375052136,146130.3328800373,513890.4106810257
2018-10-03,1027252.7097260676,167542.3225574418,269551.31442352186,146345.3092213443,514439.52766238264
2018-10-04,1005760.0813470044,165705.47734306753,267340.47740777215,144078.19516544568,504559.45589209703
2018-10-05,1000094.1387028107,164709.4303214611,265833.0388815389,142854.28430817285,498386.3382222259
2018-10-08,982007.44139918,164354.96256704067,265762.3295234081,141630.43301141856,495339.54888795473
2018-10-09,980624.5271891726,163956.3508762414,265420.43907097325,141881.39699222584,496940.2189128962
2018-10-10,930345.9262422777,159309.63126059392,256849.24692736892,135297.8999983296,475082.4042316507
2018-10-11,913055.7171994358,156521.49348452824,251443.21707630297,133131.64672778433,469186.3673180159
2018-10-12,937044.9877653075,158291.04118813216,254839.02668918492,136447.36067044263,482239.53488435125
2018-10-15,920361.6083298336,157626.83526029298,253442.11185637655,134684.0168626627,476398.7310081151
2018-10-16,943634.5433610189,160745.92212681964,258837.50591596807,138639.89670904508,490253.7254536137
2018-10-17,938965.1926734713,160103.90453461887,258927.60823200786,138171.42533879163,490443.43994996964
2018-10-18,917422.7195810588,157625.5219802307,255290.00341617945,135480.1197871738,479070.7081218122
2018-10-19,898260.6595309047,157779.91838046044,255088.7225344342,134788.71824693168,478624.2857030972
2018-10-22,908901.7175076762,157337.0315975462,254033.38615733065,134967.7363366672,481082.2781414646
2018-10-23,901463.3326631394,156252.49407444775,252505.81115822255,133420.23240188177,479308.13944032183
2018-10-24,855873.4707298713,151473.22377049737,244969.74867023135,128132.09353890747,457369.60869318614
2018-10-25,868634.401878086,153994.93028620095,249360.31424053395,132519.46861044277,473187.69559098367
2018-10-26,846951.5316740016,152114.00056813992,244949.00901469315,129209.6145882494,461013.4243043292
2018-10-29,834645.3921687065,151073.70313338577,243682.7584278284,124788.35890911598,451522.25041944784
2018-10-30,846357.3783149774,153285.68782021268,247410.17440827348,127985.17695300511,458959.0124445759
2018-10-31,868809.8899968175,154679.08530359753,250002.22641791904,131509.19681112107,469742.8941882408
2018-11-01,884453.830912947,157112.2522066285,252594.16835689748,133054.99028054846,475934.74533212645
2018-11-02,854953.9665696959,156779.96543347996,251026.4527920413,132442.79698198359,468518.417345786
2018-11-05,850939.3613467579,157199.9341699553,252452.8710962173,132729.7640972564,467352.9661667084
2018-11-06,850731.1590372409,157995.91243468702,254050.16422744625,133124.62792442105,470889.61780504475
2018-11-07,896364.5313912152,160716.69789862933,259415.35892359042,137835.4216806165,485655.61811735353
2018-11-08,879191.5002363803,159433.10680934504,258972.94620072786,136755.61281771158,482554.030814001
2018-11-09,866186.8924703589,158171.5646725845,256581.26910917842,135711.74788217427,474418.59448059817
2018-11-12,828228.9863419398,155383.59050559622,251627.510174271,131718.7602741769,460060.392114546
2018-11-13,828397.8914702653,155626.51915909193,251205.177888378,131358.30990066836,460443.893052613
2018-11-14,830110.4564847968,155095.09644051685,249486.8273110572,129846.96516860346,456927.7067645355
2018-11-15,845559.0230662756,156466.3353872329,252068.71289240642,131608.52773450292,464916.9094818384
2018-11-16,849210.4081835673,156775.6113997,252711.43387148564,131607.74441981834,463281.7148627421
2018-11-19,791328.0232615559,154629.2595360846,248521.3194022616,127607.67210697237,448232.60261340794
2018-11-20,783754.4850337937,151797.04094181603,243949.42749288288,124665.01326915895,440208.61486692086
2018-11-21,800491.06529937,153212.51497433594,244762.96256255388,125797.15599858569,443551.56175818585
2018-11-22,800491.1396714988,153212.51497433594,244762.96256255388,125797.15599858569,443551.56175818585
2018-11-23,797437.297503743,152238.69738753693,243185.16981149235,124918.8572184779,440340.05338781525
2018-11-26,834014.8506399764,154450.57812683028,246992.92261731334,127467.9362185248,450513.74620969174
2018-11-27,834144.7072632983,154472.2596806825,247766.36436209033,128114.55438998218,452031.3205251631
2018-11-28,874991.196090942,157436.27281432788,253553.3316897672,132735.08909763076,466574.6553387217
2018-11-29,882288.0798153606,157037.62109490542,253030.55212157272,133004.00122733714,465049.9157395861
2018-11-30,890516.5089584509,157346.90758989393,254708.19332972745,133578.62874915072,468420.0748941429
2018-12-03,914747.8629014376,159492.37304990547,257852.65393924428,136239.13515111362,476602.1333213176
2018-12-04,876948.3160643558,154801.96559586326,249854.654727082,130879.84040789028,458318.7309591947
2018-12-05,876948.3862666116,154801.96559586326,249854.654727082,130879.84040789028,458318.7309591947
2018-12-06,888530.1072290607,154005.14527351718,249221.42337193163,129296.73952636539,461550.5351116744
2018-12-07,880996.7303447857,151172.985220763,243433.83652735496,127138.19206541074,446309.6282627257
2018-12-10,883356.7390741105,150840.77669189172,243724.85290392837,127917.90325510934,450979.383179431
2018-12-11,883647.8057785156,150906.68759900663,243794.90007222097,127913.49824714707,452469.1890530977
2018-12-12,886013.3504162229,152543.36034370703,245140.99067695087,129340.36889871371,456447.68991013354
2018-12-13,885788.9217181901,152255.2713479454,245060.3185421974,129062.71411291335,456582.3901175144
2018-12-14,879000.8934302998,149865.68738564188,240538.75114843756,125818.24566664563,445462.034125881
2018-12-17,870712.0660356297,147387.62839382107,235627.95170227898,122401.18837732302,435365.18633164244
2018-12-18,872242.2829044781,147586.31472890716,235536.76316009634,123511.6610170456,438099.48749115557
2018-12-19,869755.0000630309,145683.4020369458,231778.65960205803,121698.58402307307,427339.0993200062
2018-12-20,866527.271675102,144134.48980399492,227970.08949169525,118932.451006805,421141.6183730877
2018-12-21,862198.7896385702,141634.34500201448,223434.17995935795,115911.09685915025,408086.5355135097
2018-12-24,858499.0701925387,138978.94319443934,217282.0301324806,112657.39900837097,397964.37049887434
2018-12-25,858595.6091047105,138978.94319443934,217282.0301324806,112657.39900837097,397964.37049887434
2018-12-26,867292.8633778355,144150.2869894517,228272.30048092155,119913.65259522486,422807.79942573956
2018-12-27,869886.7831596526,144952.41727978777,230393.39222941248,120779.46626184652,424440.62018674624
2018-12-28,869983.2128508035,145108.06686449744,230100.15403768633,120706.5091089445,424215.4479997203
2018-12-31,872124.1394208804,145954.73520028786,232170.6768416971,121897.25819493658,427789.27655281365
2019-01-01,872218.7573522041,145954.73520028786,232170.6768416971,121897.25819493658,427789.27655281365
2019-01-02,868814.4582218417,145775.99121066686,232352.2492891599,122149.24376878519,429505.0222080755
2019-01-03,866475.2131096898,143501.85412961812,226806.23127625737,118339.64139950392,415470.518864899
2019-01-04,871136.8768160428,148160.36353508965,234291.2505442038,123220.01114984727,433241.71804142254
2019-01-07,873069.7145425404,149073.91518073643,236048.5890218731,124963.0430623861,438395.93335823936
2019-01-08,875515.4459252168,150277.25388495476,238341.3202337361,126117.62098988044,442357.78962863056
2019-01-09,876560.3868287063,151681.18933511703,239442.16590132678,127416.52080689878,445959.00009573624
2019-01-10,877319.431109129,152371.77427010168,240441.95561705716,127776.75681751271,447230.807282844
2019-01-11,876612.1711032116,151791.81128734525,240330.50395007516,127812.12851715506,445591.3889615858
2019-01-14,875465.8979639802,150966.6066611622,239006.95224942046,126981.03665371091,441650.38309887506
2019-01-15,878707.7700796451,152325.9311392298,241804.77529930286,128799.7931664637,450270.28294736776
2019-01-16,878583.268222755,152838.2422449408,242339.9151925614,129217.8078534614,450183.57984045625
2019-01-17,884210.5428488993,153707.1970963531,244147.77102923067,130014.83687707726,453729.03377000825
2019-01-18,885851.8163829291,155378.58486662188,247430.44348120227,131996.0129917073,458217.2919661946
2019-01-21,885851.8850223243,155378.58486662188,247430.44348120227,131996.0129917073,458217.2919661946
2019-01-22,878736.4496900522,153171.31700244642,244137.0602966369,129576.49493836172,449036.1031035705
2019-01-23,880741.4328962615,153527.53523865185,244500.3919857468,129792.35800330054,449614.60644512984
2019-01-24,848009.3462891314,153995.20355479835,244742.5674671594,130332.98808306787,452522.41322069964
2019-01-25,842761.0283972968,155555.12019888443,246823.07380878643,131451.39621483648,457925.3207333564
2019-01-28,844685.530078303,154551.62522399068,244913.6831814077,130114.88118618958,452265.67816745274
2019-01-29,847446.4911951654,154640.34106207252,244610.35719461294,129139.45559363229,447992.3896813509
2019-01-30,853849.4272183906,156824.39524708394,248478.91497932008,131990.51374189794,459384.06136559416
2019-01-31,866826.2551489113,157604.113300081,250549.36413455228,133040.22448937732,466256.4183558251
2019-02-01,870034.8636155812,157625.95177558577,250761.26370769212,132602.62918278543,464284.1421029855
2019-02-04,874226.5368628119,158450.31454031263,252548.8270773653,133915.82547594173,470047.18875545054
2019-02-05,871848.4747101692,159542.03484679782,253669.76976925708,134911.35783031056,474202.2634452835
2019-02-06,872486.6986172334,158872.93574187293,253356.30616537167,134675.88418233223,472784.47688975726
2019-02-07,875026.9997302837,157334.46513607647,250871.14623149956,133213.12929371878,466431.80463781196
2019-02-08,882987.0058741044,157044.25376098033,251194.05126552764,133086.02292610693,467342.9899645863
2019-02-11,885489.77925115,157043.81761802553,251325.10444914622,133247.61150829867,466895.775558552
2019-02-12,891063.9991283509,158960.3134395666,254577.38715643197,135520.95907715466,473795.10602792696
2019-02-13,892718.65038997,159026.7386288497,255344.7636573183,135989.41989042982,474124.1248936979
2019-02-14,891129.2881348751,159004.01145758945,254778.79539322152,135988.61049900626,474702.57674107584
2019-02-15,897137.934541014,160742.18237447142,257586.63834254234,137475.00613823216,476694.8311549744
2019-02-18,897137.9529419239,160742.18237447142,257586.63834254234,137475.00613823216,476694.8311549744
2019-02-19,899969.4204736449,161142.9919716516,258030.7725385745,137466.94754770063,477633.71468324406
2019-02-20,897789.7585677188,161744.3079345275,258626.46348537668,137538.35261026386,477546.67666697723
2019-02-21,906346.4845698249,161142.09691621727,257686.71650106445,137140.4733873663,475796.47587433725
2019-02-22,921162.9639041956,162166.88799147357,259231.88709699878,138475.17173614053,479313.1837233125
2019-02-25,911253.883930384,162589.9347046924,259615.43240385916,138654.79751612557,481056.0731952756
2019-02-26,913339.9936336806,162767.80347961892,259423.1187375182,138834.49610250088,481551.192850796
2019-02-27,914242.7302012807,162566.7465845245,259291.59797684418,138512.4073019213,481242.39363702945
2019-02-28,920333.348181704,162031.4064366611,258685.16631199777,138255.302945588,480129.7389968359
2019-03-01,924612.327167197,162855.6067765499,260462.65666161999,139337.31898012388,483452.4972228479
2019-03-04,921267.987601804,162364.81867008156,259462.3308664567,138289.78208725518,483531.59258040396
2019-03-05,925804.6953481333,162587.22543776222,259159.03084739263,138368.35835037977,483888.2322489804
2019-03-06,920806.6139416619,161606.13741705514,257502.09904606215,137313.5998036254,481140.1014632193
2019-03-07,921317.2585913498,159889.39382266253,255431.15870162583,135850.97955610984,475231.8988086722
2019-03-08,921613.8705323349,159465.47318240072,254915.6208668939,135579.46556983097,474507.45625656244
2019-03-11,933190.717136034,161604.79097623372,258632.55582517007,137798.41485149247,484372.03922815254
2019-03-12,937536.1794718698,162005.5319375611,259551.43170168428,138068.26691037783,487029.2490666172
2019-03-13,938338.2047657714,162941.17567642865,261318.7403911061,139312.6678354431,490684.24860032176
2019-03-14,944173.3070449177,162740.11452509896,261227.56217067564,139257.69886806267,489848.78281446587
2019-03-15,944544.7059761859,164010.11431447286,262499.9786035084,140105.05509111215,494390.8611541598
2019-03-18,937147.2704666967,164745.17678714546,263439.12087771896,140538.48853262785,495564.24048704555
2019-03-19,937603.1512785321,164767.0529326421,263519.5451034486,140953.73563586522,497226.46790306113
2019-03-20,941294.301766886,164499.12674141527,262579.8481721171,141083.17684207458,499193.9645563713
2019-03-21,959255.3836532271,165479.3754477713,265581.14668369765,142761.31028460126,506993.00904789625
2019-03-22,947151.8623246622,162113.34254354672,260532.40646041272,140734.06784999868,495854.02157398855
2019-03-25,950411.3582808027,162070.34490390844,260298.48934567944,141095.12137874227,494905.827505464
2019-03-26,953608.7823169807,163032.03221324936,262177.335280257,141438.04992457177,497206.73801798804
2019-03-27,946165.4656560885,162427.46098888607,260958.12121033252,140604.93578314432,494009.5404982385
2019-03-28,953189.880022995,162874.5166350748,261973.6129648004,141128.76803424308,495144.0899882809
2019-03-29,955525.6027836952,163746.63316982638,263659.44658479735,142130.1980700462,498888.6390941753
2019-04-01,958480.0562060475,165849.44346209278,266696.2652172743,143015.91037563613,505493.16695881076
2019-04-02,962196.6340895095,165826.5408589918,266787.41950630565,143083.79279406441,507405.04546933365
2019-04-03,960722.1486765896,166519.69073304228,267284.78524940804,143176.98848939026,510316.3784651196
2019-04-04,950129.6234874005,166742.95377365727,267924.38692094904,142416.29848168168,510118.0583922177
2019-04-05,954847.959657626,167413.78418273333,269214.1215791281,143055.87919871503,512751.78434960876
2019-04-08,952387.3724291906,167614.66116702085,269447.4226381153,143087.64022366298,514052.7946565689
2019-04-09,952101.1097745706,166719.2416804576,268014.918665272,142714.070334873,512243.9857397474
2019-04-10,958814.2815932129,167412.3893449899,268938.9546633105,143158.28003163365,514988.58306174283
2019-04-11,959274.209203529,167121.05557481817,268887.8173111969,142679.80456670636,513762.7598385257
2019-04-12,958830.320997697,168306.42579020653,270705.6952925881,142197.78287491668,515980.01557982713
2019-04-15,959394.9173448606,168037.45336439228,270522.5007639644,142562.3023167721,516059.23165601696
2019-04-16,939165.4212240176,168417.34130075152,270715.17959612876,141193.84679736017,517831.9794819106
2019-04-17,920135.1246903342,168215.47612838357,270054.6175761105,139488.89557690392,519632.64617378893
2019-04-18,928934.9924561491,168349.28014194328,270562.1709236747,140085.01314568394,520294.86119768466
2019-04-22,927694.9950560234,168192.17981803676,270825.9579874812,140427.92586015444,521762.0693032314
2019-04-23,939405.7281983272,169265.63856066685,273161.8403203259,141867.0640803352,528393.4424566387
2019-04-24,943978.5192399957,168347.8775084219,272623.20406399295,141916.87363700132,526723.5522185423
2019-04-25,933837.8738027008,168235.46243433704,272521.2981393829,142053.4981262604,528857.0805847993
2019-04-26,935828.0920727191,169040.45268836443,273770.31790627324,143101.86595664127,529324.7717864746
2019-04-29,932073.8477360785,169263.75820351802,274115.3887480687,142703.028280875,530347.8222173423
2019-04-30,937161.357395566,169419.9182850678,274287.7346385092,143581.36342318842,526234.7296196336
2019-05-01,930003.4594472158,168323.07925082868,272286.4007871525,142390.23676193078,524537.1990055791
2019-05-02,941332.2866967254,168076.55642099024,271747.71747630154,142356.7651058567,522256.52988032583
2019-05-03,947343.6143945314,169686.92280725794,274327.2869837821,143785.018552786,530581.0267212891
2019-05-06,942899.012602319,168500.70621777486,273240.2371907733,143472.98558299747,527328.4926297441
2019-05-07,924727.59854383,165703.65218535677,268811.2161310344,141301.48707782323,517052.6832226202
2019-05-08,925805.14258192,165680.8109643003,268282.73737431935,141286.15510875548,515743.8949052634
2019-05-09,911619.3883164825,164718.35568300178,267459.699818861,141032.0760868404,512963.72047546745
2019-05-10,916404.7049396427,165523.28381796557,268708.7107383985,141715.0009609443,513597.96561696945
2019-05-13,900091.5153852791,161361.53318023382,262116.28997742597,139619.4646972953,495771.79797936225
2019-05-14,911463.2017436095,163039.05893346324,264391.23115245707,140512.2265060776,501208.83050354663
2019-05-15,918003.9726053361,163799.20378892857,265955.126247469,141354.2983001479,508283.68669344665
2019-05-16,922544.6398382962,165006.83860884656,268392.59863024903,143017.5949254697,513387.43648530653
2019-05-17,919705.5046142498,163686.4306432735,266767.024953782,142763.5146414486,508136.8371719597
2019-05-20,910275.2417222939,162768.71114651745,264948.6154029803,142183.81842445434,499555.0933909937
2019-05-21,913349.1623763482,164200.0641856223,267193.0676262393,143025.90515354,504769.80579600605
2019-05-22,913734.8334561114,163461.34206408908,266461.40424350806,143629.14251999804,502517.3996382301
2019-05-23,909396.96408276,161626.39338258613,263342.80092460284,142199.35095543193,494824.18732590124
2019-05-24,908855.0959599453,162364.20651132028,263799.6356262558,142527.75701134294,494570.5158689079
2019-05-27,908921.1701252719,162364.20651132028,263799.6356262558,142527.75701134294,494570.5158689079
2019-05-28,910117.0273470276,161088.58831745488,261432.607870632,141796.1683944074,492706.6734848436
2019-05-29,905977.1329166624,160282.74258025357,259634.50914221,140478.52526779776,488650.19203494117
2019-05-30,909991.9524060077,160841.58187451202,260355.3087592816,141157.75938212528,490700.54636590363
2019-05-31,906834.9954340162,159297.48750089118,256871.06987613687,140006.5635959231,482868.8723520571
2019-06-03,903729.506564901,159543.12571349784,256109.02238338438,138945.85467614306,472233.9634823976
2019-06-04,915342.6738369626,162272.00119095697,261745.94930663754,141162.5061097271,485525.9080789199
2019-06-05,926569.751972271,162830.87825817856,263959.88963180804,143411.64596162993,489130.4408041793
2019-06-06,932102.7093941441,163591.04151376055,265676.1328105594,144174.07680334753,493012.4072953284
2019-06-07,936903.1953940492,165246.05260667056,268326.84589100064,145804.6187238201,502529.0573645684
2019-06-10,939064.4428263044,165939.20459325632,269586.0582457183,146078.6834572972,508381.6881895527
2019-06-11,940849.4459635706,166408.45775934836,269534.9052901797,145607.55913693114,509071.47532008437
2019-06-12,945167.9747609585,165602.60971418108,269026.6973792641,145722.43878356816,506125.38008084334
2019-06-13,942496.3499121073,166071.94042510318,270224.8576097377,145569.65629406186,509118.8735462914
2019-06-14,938791.2464360578,165288.55641607495,269818.3657646773,145807.5165656222,506949.913001939
2019-06-17,939287.6189788715,165515.77255650787,270061.7464007985,145980.3025238296,509999.0954069596
2019-06-18,959525.9242932895,167543.7671803334,272753.1010294903,146771.5988843407,517405.54013939353
2019-06-19,969849.1184767452,168332.17932771659,273473.9249505408,148116.29393465584,519344.35213568277
2019-06-20,975587.1676910702,169977.09494982904,276023.0236563281,149254.7946158868,524169.4395093166
2019-06-21,961796.6431490362,169368.0698788422,275697.63968632434,148783.65880000585,523388.133552428
2019-06-24,961571.2371190174,169299.9672870384,275341.8372277306,148706.5566395822,523400.58259620745
2019-06-25,942086.5293777807,167834.40715046215,272619.4128526575,147238.79140990478,514412.2172422855
2019-06-26,946363.654465887,167924.1498291583,272355.0456078937,145898.16970712828,516800.304661714
2019-06-27,959798.0329763176,168667.473206633,273310.3364547603,146558.12817046014,518770.99394425156
2019-06-28,970780.409197814,169433.30986911064,274821.0119866374,146746.03244892697,519434.55053432734
2019-07-01,983451.0792439858,170897.83376665213,277158.76438708743,147910.66767974835,526439.5952892476
2019-07-02,997360.5287046485,171145.30679370032,277965.03259872185,148799.2889822901,528521.327541538
2019-07-03,1015034.6532537873,172249.24508414022,280098.41257770895,150457.62994688944,532494.5243724089
2019-07-04,1015034.8747969245,172249.24508414022,280098.41257770895,150457.62994688944,532494.5243724089
2019-07-05,1021509.6418165782,171572.57839816285,279740.79039862973,149915.75259474042,531405.6565373463
2019-07-08,1023677.8513655178,170760.73363547857,278341.8095704529,149773.26710621858,527674.3736530925
2019-07-09,1033539.1484670939,170489.73804168188,278688.5168682325,150364.13914345088,530312.508750191
2019-07-10,1026542.4710905191,171323.2046954258,279984.7524395835,151481.50405326003,535592.6824046539
2019-07-11,1017818.6154508552,171412.8757658626,280546.0334826582,151313.6180379437,535199.1241985208
2019-07-12,1020583.1680234792,171998.43199881617,281923.8941511743,151407.08568262839,538282.0435384447
2019-07-15,1024058.6887029575,172043.02750464182,281995.11275198415,151613.13725278573,540002.0488001119
2019-07-16,1032002.5376997134,171456.5800763012,281075.93090926716,151114.85612762277,537216.674619587
2019-07-17,1032683.9457419009,170644.69200158172,279176.54943084985,150845.28389824202,534570.1256963753
2019-07-18,1044735.927804712,171342.86647776392,280197.1894868895,151185.6557389641,535177.8874859255
2019-07-19,1036883.7582106838,170666.32010960588,278696.19869835116,149656.34732191212,531252.1520389533
2019-07-22,1047634.2302422724,170846.15617959402,279369.59423384257,149865.99857722112,535475.1468136299
2019-07-23,1027509.0700118481,171950.01581335938,281288.57278862083,150053.8651880639,538975.1963491312
2019-07-24,1030772.36976261,172512.98176896898,282584.893705927,150234.52381529452,542753.1841037415
2019-07-25,1030378.1189507394,171272.93831427954,281206.30822045903,149518.45277985372,537603.9515773027
2019-07-26,1051704.985949349,172128.87141917984,283217.26015785936,150465.12909505097,543133.9758967096
2019-07-29,1056523.3497638751,171970.6217948591,282706.4237774856,150380.68737573363,541266.3102924983
2019-07-30,1068305.9920410514,170978.4851366093,282022.0810547235,149530.3140152287,538926.0998266229
2019-07-31,1133536.5664730747,169422.95791705564,278826.12495978875,147990.1376273234,531468.7858569131
2019-08-01,1148575.2362492618,168070.24155749954,276487.80937713635,147510.09957714952,528822.6902761197
2019-08-02,1141301.3802597118,166514.73105556812,274466.0949897335,147255.09871908644,521031.735170945
2019-08-05,1123879.9422316956,161871.5870115055,266369.69347201055,142643.78576258823,502618.0536247464
2019-08-06,1136314.4240005165,163674.1234770642,269799.6880064342,145002.63835087308,509649.72719066765
2019-08-07,1151828.0722757159,164146.93484798918,269983.15681738284,145582.5894399607,512398.7536871203
2019-08-08,1163611.5824981597,166693.14519946856,275250.8459593202,147905.02555899936,523545.8691374333
2019-08-09,1169280.6283335318,165408.0651740414,273331.2195946498,147508.44195755053,518619.70058472716
2019-08-12,1160295.7368449806,163672.30524760185,270125.12454064237,145924.7902460081,512664.78512051346
2019-08-13,1176272.0158833135,165745.24492490626,274310.62733364827,147615.57206202377,523895.06609562505
2019-08-14,1152258.1073111796,160899.39614241768,266050.93327246956,143926.5518657088,508235.1251327893
2019-08-15,1156843.9388801083,161484.9326106999,266887.7933006141,144125.3396797011,507647.1575462939
2019-08-16,1174286.736368427,163715.58692527114,270797.636965038,145863.24165562,515790.61232578935
2019-08-19,1168593.5477079602,165112.40306616118,274125.61956018425,147100.25021391586,523989.4401114012
2019-08-20,1165399.228084197,164210.4765439537,272001.69007055485,146057.55124371106,519925.5906823402
2019-08-21,1182986.7668442917,165584.70903924629,274206.5773044038,147272.71955120188,524537.2439265504
2019-08-22,1184913.2520891547,165246.21665220574,274104.2120989711,147130.247647562,522837.0261343459
2019-08-23,1161225.9796587348,161842.81802171314,267069.72643136606,144083.8842509391,506288.2728820839
2019-08-26,1177395.9297129035,163419.87788513937,270030.0328400448,145571.3254251498,513930.8759211974
2019-08-27,1177819.97001518,162901.05769441242,268967.89882430056,145494.1729265758,512842.20832853834
2019-08-28,1181350.189810407,163734.44455221316,270835.91507212253,146005.1530490466,514673.41864513006
2019-08-29,1184760.6683679938,165559.4351333078,274357.74541427306,147456.21852989602,522538.07797796436
2019-08-30,1181203.9062480524,165851.92339147913,274245.13193892065,147404.47442498535,521282.8728926595
2019-09-02,1181203.9062480524,165851.92339147913,274245.13193892065,147404.47442498535,521282.8728926595
2019-09-03,1174418.954690893,164972.55175462528,272723.6367546753,147410.92145378818,516218.20423416875
2019-09-04,1182324.12902828,167000.31294761738,275643.21441424225,148074.3107800541,523665.81346320926
2019-09-05,1178833.9232804372,168892.88690885028,279287.540220139,149100.62599393612,533253.9667615999
2019-09-06,1182755.5961815908,169185.3626524685,279491.3348723281,149092.5191693477,532721.410953744
2019-09-09,1143119.6579949453,169320.1175022317,279562.5357348671,147487.2741361706,531605.1805561322
2019-09-10,1102315.6879460409,169387.24953011094,279623.34918532363,146288.57592152516,530071.5995228117
2019-09-11,1104735.8883568838,170581.1221644463,281634.24370021763,146686.95134731027,535044.3521427352
2019-09-12,1112244.6398017372,171346.9220360599,282460.8348316972,147339.43252136436,537264.2353301317
2019-09-13,1100435.602663752,171684.39529503472,282389.0346287768,147084.49151951508,535341.6984076583
2019-09-16,1097863.876555201,171052.9313688146,281459.6852792826,146611.7514231013,532946.3872203883
2019-09-17,1125829.3409955914,171390.50257298848,282225.04123720835,147619.87386437156,535500.0358540327
2019-09-18,1125200.0188692028,171254.86389413514,282398.22292670567,147626.259222378,535273.327076256
2019-09-19,1129506.2903612072,171367.01693502616,282336.68911074573,147959.31189735077,536158.6424189449
2019-09-20,1120282.140313905,170803.22107268427,280825.31798817177,147722.52700815263,530482.94613664
2019-09-23,1120749.401283067,170757.64005478378,281019.03261965263,147845.46269733214,530712.6510499845
2019-09-24,1115097.3665349896,169635.2844347619,278691.06603039365,147447.60453793613,523660.6474125424
2019-09-25,1117070.1702211315,169997.4862376952,280395.5180810237,147836.48394470807,529534.2290647625
2019-09-26,1115928.1800859387,170064.9111429974,279842.4697361986,148356.3902149771,527580.0299858496
2019-09-27,1094263.393258924,168999.1969988463,278272.6313088479,146793.00820408654,521029.53148051276
2019-09-30,1095704.3972509652,169610.72815160578,279646.85553250636,147841.06293417574,525983.8326329732
2019-10-01,1089171.271983347,167797.03144928347,276282.03381082567,146357.8716494317,521689.87411873497
2019-10-02,1083088.349920035,165031.509931711,271409.38481295225,143982.39011644386,512715.99879271793
2019-10-03,1092281.3149587496,166300.26686626585,273563.1590454621,145208.88539183393,518338.84976678644
2019-10-04,1105885.5263168823,168067.6328196157,277358.1118664441,147560.7679710738,525967.1357409348
2019-10-07,1106486.916038211,167523.18856412347,276167.91540935833,146886.1142447393,524375.2896009119
2019-10-08,1104024.9353458576,165324.2667503745,271879.90444218914,144849.42885625173,516515.8844325293
2019-10-09,1108917.0941568306,166706.36565943665,274413.1735736083,146421.8339089518,521553.441096368
2019-10-10,1113210.9848905029,167861.7833390994,276279.7316844625,146712.33252918924,525588.4086938668
2019-10-11,1110541.1988417304,170105.03849313007,279161.7143405495,147039.24873279955,532352.812536001
2019-10-14,1113609.5324060442,169673.97187895936,278905.01491227985,146655.95485269002,532292.8813607073
2019-10-15,1124027.7110462186,171441.3138868734,281602.307911276,146880.86880659984,539057.0360631531
2019-10-16,1110415.467737262,171350.17329961105,281160.8748040777,146748.9141037867,537715.9152247226
2019-10-17,1120097.5965124618,171825.64982128848,281919.68462346005,147032.1090843069,539132.2366882846
2019-10-18,1110202.1554021633,171303.93906316382,280760.25800786767,146863.67517754607,533947.2545199946
2019-10-21,1121339.5843075484,172504.64344504368,282719.1324001944,147175.96295453983,538678.0905599917
2019-10-22,1107194.9619191485,172028.17631985308,281723.69897731935,145354.2602598705,534384.2322470881
2019-10-23,1096328.5349811208,172526.3164181089,282554.22577191785,145404.3851579676,535410.656476258
2019-10-24,1131782.399787871,172888.42963588974,283015.4981968981,146550.60144300552,540614.864240554
2019-10-25,1142766.2737475808,173545.14013260466,284194.75943024264,146152.80533576407,544927.5301281997
2019-10-28,1158952.0239762273,174473.93329085343,285845.7180530486,146348.61419381178,550298.7739766064
2019-10-29,1156168.4054205206,174314.7948567086,285660.7522548323,146726.4829935394,546033.1762207987
2019-10-30,1149481.1682416338,174858.2625448134,286665.8022291621,147788.9411057134,548674.6648222496
2019-10-31,1089277.8064935745,174336.5563934586,285742.2662613113,147423.9113089935,548921.0738040936
2019-11-01,1085147.647482666,176058.42160004406,288460.1444263092,147106.2050272284,553901.9044546343
2019-11-04,1073221.4639451967,176896.4742938732,289608.628631666,145710.60509517422,557323.2407086334
2019-11-05,1061257.0041779063,176918.73238449768,289238.98308146576,144617.27688884066,557625.2301213162
2019-11-06,1066440.137558387,176895.49171921422,289392.4663281179,145581.42555638027,556367.3817513764
2019-11-07,1050875.5073309517,177461.6132284666,290417.79341048613,145369.36484549497,558229.0175002265
2019-11-08,1053455.531838451,177597.06112961215,291125.3193339101,145761.7761445644,560452.5497758468
2019-11-11,1049864.1416448117,177143.347494995,290560.76734721044,145706.26886869007,559696.296108106
2019-11-12,1051379.985105518,177278.7955249866,291134.8051924295,146349.93381798235,561307.1578272224
2019-11-13,1068141.7213917403,176961.02491847944,291257.5753356391,147805.69022268042,561441.789948511
2019-11-14,1069579.5037899641,177005.8927314411,291646.90152921894,147957.6911581376,560991.8532411285
2019-11-15,1073882.5086902976,178251.81763827466,293821.17236084887,148375.56029579724,565108.9747601686
2019-11-18,1075375.5427536368,178319.3314296626,294005.4277529325,148789.81585408407,565550.140872609
2019-11-19,1073685.1061895252,178364.13569535213,293861.50001304,149393.38954798123,566381.075501223
2019-11-20,1074199.9158418537,177479.76785125674,292825.189575196,149414.36133594916,562979.1325649543
2019-11-21,1053857.011593616,177275.34910360008,292373.4740270825,148342.90502909484,561721.4838352317
2019-11-22,1049183.835751331,177660.07754328326,293019.3448026869,148141.77206095163,562078.9675550209
2019-11-25,1053627.7263868214,179019.38575448564,295244.8389013727,148814.5254362536,568730.1189889308
2019-11-26,1059096.245831287,179177.49403411904,295839.29123784654,150281.02952377967,569811.590041172
2019-11-27,1066325.4239862324,179902.19219398272,297233.9219474607,150720.72520630353,573789.3041827483
2019-11-28,1066325.4239862324,179902.19219398272,297233.9219474607,150720.72520630353,573789.3041827483
2019-11-29,1060295.6154239536,178791.1832954827,296095.065149233,150308.407483936,571167.060502333
2019-12-02,1049814.9939420582,177521.7348113152,293684.2772142524,148982.0898698573,565314.7173110344
2019-12-03,1049456.851677692,176592.0509785543,291622.30873383005,148817.40343700466,560882.7835544784
2019-12-04,1062345.6943433643,177928.57158029365,293488.6234184981,149504.60710294978,563718.5448092074
2019-12-05,1064387.6007955433,178086.75943908124,294032.00669839577,149445.51965244274,564828.0479737787
2019-12-06,1063535.6540506245,179672.60542044617,296647.14433270437,150118.20324558212,570866.0814264942
2019-12-09,1059615.5696208836,179060.18921158454,295744.1383216669,149800.5430423387,568271.9407353746
2019-12-10,1058973.0477235676,178901.05081779402,295466.9873628033,149530.21343948803,567793.9223060004
2019-12-11,1067721.589042461,179671.10842614292,296235.78603340685,149784.207047188,570796.7133957174
2019-12-12,1067275.5212915302,181324.87861982477,298840.76451337733,150311.2556269187,575052.4983947162
2019-12-13,1073035.9557836414,181641.61498199726,298953.205234016,151133.18324201746,576941.4371939973
2019-12-16,1084283.2236176953,183182.0878132865,301065.7549891162,151904.19712180764,582728.4735855573
2019-12-17,1091468.5635730252,183113.59379685437,301126.9878948341,151677.55031837526,583057.9235087162
2019-12-18,1093837.2844972864,183181.07031860086,301147.0906030259,151654.774080966,583498.9613606439
2019-12-19,1095275.272945045,183656.45580818912,302398.1159087871,152491.2563308051,587141.8024254376
2019-12-20,1104110.8013702617,184199.80355964875,303936.2170009875,153691.87778721834,589503.9159246626
2019-12-23,1093627.7302433238,184452.6996043908,304233.73541978706,153087.57459980014,591056.1975379176
2019-12-24,1098397.0535312877,184383.70806733353,304233.37326758256,153309.73452031688,591358.4115332419
2019-12-25,1098397.0535312877,184383.70806733353,304233.37326758256,153309.73452031688,591358.4115332419
2019-12-26,1101409.7342449413,185228.068130018,305789.2618997599,153509.88423725756,596571.6321399949
2019-12-27,1103843.4902149425,185455.91561551948,305788.8978957381,153940.57054388802,596064.5531551156
2019-12-30,1099920.385635017,184359.38517882733,304108.6207201488,153032.75927248946,592153.525974234
2019-12-31,1101978.104451577,184952.51185973122,304891.55715822446,153269.48085238502,593264.9087804928
2020-01-01,1101978.104451577,184952.51185973122,304891.55715822446,153269.48085238502,593264.9087804928
2020-01-02,1103171.382172982,186824.23355290666,307591.48472009995,154142.56205704238,603165.5894771748
2020-01-03,1091821.0437482994,185134.17203295854,305344.29509162455,153666.2506934506,597636.0732006145
2020-01-06,1090451.9788526695,185818.65490979326,306488.01063816226,153778.69339089002,601481.910256135
2020-01-07,1089332.3801569145,185247.29305332465,305642.48379153723,152900.16243254428,601393.3282449046
2020-01-08,1097326.0824159782,186000.18996720755,307219.05911509314,153667.18959913685,605908.6086774651
2020-01-09,1107198.4676736991,186912.94238485213,309341.7718845253,155238.66786269157,611037.8876965808
2020-01-10,1103539.8935331504,186524.30680562794,308455.1153421499,155051.24472170338,609470.4331662887
2020-01-13,1119324.852712075,187848.07292926754,310495.3207052014,156180.2234659624,616496.6227497507
2020-01-14,1120315.3626379173,187778.97544993655,310082.7241545455,155864.81793686893,614064.3859493838
2020-01-15,1119754.129180352,187801.33885485659,310772.86117966374,157319.2404249725,614310.6167262804
2020-01-16,1133366.8183588188,189147.8960676851,313369.68444805284,158543.2292429736,620192.7105401045
2020-01-17,1135562.4018434684,189718.16425415842,314430.84307511465,159533.21072624772,623256.8882678811
2020-01-20,1135562.4018434684,189718.16425415842,314430.84307511465,159533.21072624772,623256.8882678811
2020-01-21,1128224.6428560417,188507.5576866514,313781.1633730294,159766.31243705197,622972.9833816908
2020-01-22,1136578.8708566825,188758.17159895122,313863.2555251398,160244.35909386384,624614.005885003
2020-01-23,1142468.2326616447,188552.200629096,314172.110494544,160250.71045394678,626617.8019317051
2020-01-24,1126215.039664666,187067.6065818575,311306.49404437066,159459.9245261398,621339.7170542761
2020-01-27,1109845.522256295,183596.68380008813,306359.2049118977,157956.18815836488,608501.4170969045
2020-01-28,1128089.2725767295,185399.88536790494,309677.46179986367,159227.6944349227,617842.6569989381
2020-01-29,1130270.5281805198,185216.75097088807,309367.9006743662,159025.63599706837,618842.098352635
2020-01-30,1133141.9840444725,185216.23657099655,310336.237464127,160556.75937033285,621041.0499195633
2020-01-31,1099354.1306604545,182065.0239542372,304770.5895304463,157857.37454577265,611188.1987509613
2020-02-03,1104881.2572756025,183069.1051872718,306985.9771859923,159487.1466346854,620417.5540041723
2020-02-04,1124034.5698286397,186082.23024030897,311716.1893622905,161339.96449230725,634612.5216456814
2020-02-05,1125465.671477181,187771.15284431807,315240.47403014457,161335.41171225635,636699.6690111338
2020-02-06,1128319.0188288048,188364.2684161952,316312.13844987226,162157.0824380592,642190.3908308159
2020-02-07,1116884.177213145,186834.08687498112,314703.8427996004,161578.451365195,639423.5441122651
2020-02-10,1124974.0764199588,187815.29665807306,316960.54149735154,163124.04504295238,647145.9317147707
2020-02-11,1130646.240589898,188750.83241107088,317537.2411665131,163006.08141480753,647252.2687181544
2020-02-12,1132854.5720092475,189914.66562714818,319577.5231827253,163553.51880988793,653551.7775794138
2020-02-13,1133119.3261385076,189229.21229862247,319268.023559744,163929.17479928926,652709.6510839377
2020-02-14,1129622.7980461798,189365.6517527743,319803.5556595281,164951.89706557186,654573.5097064687
2020-02-17,1129702.6629582373,189365.6517527743,319803.5556595281,164951.89706557186,654573.5097064687
2020-02-18,1118307.0365932896,188543.2985214217,318927.19506309426,165104.47205290166,654819.4193587826
2020-02-19,1142698.5420293831,189547.25188244268,320462.3662465147,165322.87411695003,661090.7235261023
2020-02-20,1138342.1774249708,188496.56363059825,319204.56903284066,164645.52391460442,654948.4376875393
2020-02-21,1124354.4105503089,186966.41996293256,315895.9858751028,163218.64231404735,642362.5816320761
2020-02-24,1101362.9142175796,180550.62760555948,305331.93720819114,158899.92299691847,617586.9172540023
2020-02-25,1081120.723930106,176258.08003390915,296159.26740533824,154661.5859851602,600789.5453207544
2020-02-26,1082816.5781545232,175960.74311360694,294849.9915047708,154061.11344306474,603881.0987532184
2020-02-27,1057355.9092706311,169453.79939911707,281781.6614495907,146580.0076337071,573639.1527503859
2020-02-28,1055157.631769286,168905.3835074942,280080.809829843,144751.19463474074,574080.891452163
2020-03-02,1072171.6450620394,173539.3455414614,292581.5170952721,152756.81449485797,603699.4629635243
2020-03-03,1066389.225146156,170182.83864185584,284511.7980597483,148990.31382766145,584336.6234561999
2020-03-04,1079955.344409742,175867.04551337822,296301.410185256,155643.18312603424,608710.5593418012
2020-03-05,1072201.431662448,170844.04841105035,286376.36385643797,151609.83465313364,590212.7761761064
2020-03-06,1065286.3379103541,167830.04543032282,281573.5788945399,150047.84514755724,580250.4106118656
2020-03-09,1047571.8548982189,154588.49185818026,259848.31394687665,141792.14102518838,539940.9630109714
2020-03-10,1053781.0055261971,161596.70081591015,273182.2869877349,146880.12942988105,569335.3058890996
2020-03-11,1039897.4820002445,153605.94201236122,259638.51033334696,140452.33609326248,544534.6831363264
2020-03-12,1014918.7547627073,137898.95505693412,234529.12599485653,128541.07637047606,494603.96242219605
2020-03-13,1030989.7079827379,148879.4518881553,256438.4513355716,137325.09566342479,536493.2594198196
2020-03-16,1002980.7730611637,131551.7016196007,226338.4290428572,116241.71908538583,472227.08893855277
2020-03-17,1019954.4542633449,139107.75475406158,241155.01582061077,128107.4246997255,508035.61649015994
2020-03-18,1003945.4613752716,130249.6850328507,227973.8161302571,124743.43490790187,492580.07012263173
2020-03-19,1004193.7679654357,131527.77299205738,228170.30014525217,124494.06901579814,495532.4784421526
2020-03-20,992510.3494505505,127943.24749629435,218229.99034986264,118249.54574200693,476116.88058971014
2020-03-23,984924.1664367671,124896.95382473936,211530.5953451967,114147.48324881171,476456.86270160094
2020-03-24,1006669.4941721897,136310.36731241623,231700.21664095714,124778.62786637558,513346.4457919067
2020-03-25,1011583.4995713353,139426.97068813318,234671.6132066509,126501.49118096805,509541.26024696045
2020-03-26,1028959.8455623622,146485.65076121292,248773.6620399827,134078.51031793506,536368.34029832
2020-03-27,1023789.0045254865,141603.51494781912,241132.03483673692,130803.34815154462,517917.7301499756
2020-03-30,1031289.2651975831,145361.83356128432,248928.3679778658,135940.07946411739,536751.0513257206
2020-03-31,1023405.7309384067,143963.34527251872,245231.66055582042,132363.6032428198,532163.1813404909
2020-04-01,1007026.9381750337,137614.46249549452,234183.5866569023,126953.37344315012,509548.935321374
2020-04-02,1012078.399097862,140433.08578298835,239660.57879065617,130638.5505536738,519885.7000735659
2020-04-03,1005365.751294972,137980.3848826579,236119.15843953096,128947.33409713792,512503.2725640998
2020-04-06,1021443.0021264021,146436.98098473708,252178.089804235,137927.82758677125,549138.4114383216
2020-04-07,1020451.5990385554,146986.62608568926,252312.3850456853,136457.06556180544,548910.4693710206
2020-04-08,1029984.2490336522,150515.658334433,260874.8601317812,141211.42301995988,560560.0618379372
2020-04-09,1039306.8486957843,153311.28587401382,264746.92823159375,143786.62267473893,561366.037133503
2020-04-13,1031848.3691081739,151935.7569566532,262178.85454216006,141312.638808306,567425.9665522884
2020-04-14,1039339.0007143951,155579.36899560282,270182.13737463194,146155.06843668988,592098.2476722667
2020-04-15,1034606.4285411524,151522.38242183696,264300.74393101054,142824.93925465146,585302.7074859259
2020-04-16,1033008.2149974289,152117.8551336943,265636.0751003281,144426.26265986427,595973.4040802775
2020-04-17,1041069.7916484016,156128.07427535765,272966.3191098339,148008.17719442712,601669.6177100752
2020-04-20,1033617.805826771,153789.999779792,268047.9076596335,144975.70395442104,594538.6758931715
2020-04-21,1008213.9756022353,149435.19814594396,259857.6071806768,140822.50163116714,572596.9274735604
2020-04-22,1025888.0789066715,152712.02251250567,265572.7233536833,144797.64245265938,589582.9346314749
2020-04-23,1025775.7344050872,152596.99747548028,265520.63643979596,143323.25465778672,588320.7604875303
2020-04-24,1034100.1355751142,154269.57434854936,269371.98616060126,144494.6073520856,597593.5913941206
2020-04-27,1034154.8028253842,156881.75545724484,273264.7120860311,146529.4281427684,602395.4094515975
2020-04-28,1013695.775287063,156881.3197656742,272001.20835005934,145172.64064376746,591045.3757047963
2020-04-29,1004399.4643199389,161349.8648588504,279010.41838893027,148133.39272397413,611998.5958026537
2020-04-30,1009374.0696496352,158874.27891278345,276576.94300818397,147048.55779419353,611742.2940281949
2020-05-01,991410.3835861348,154748.7282660989,269039.0418603642,143917.0754272847,594496.2120124027
2020-05-04,1002676.7716570114,155206.63392089301,269887.78312706115,145411.70938034833,601421.4319797992
2020-05-05,1004768.3841041178,156306.22858892233,272372.29748828994,147516.27028142926,608234.8110252703
2020-05-06,1016749.0055229446,155389.1188498619,270539.38321126136,146762.10460048582,611974.3115403531
2020-05-07,1042311.0347820538,157497.07798773565,273738.3573107992,148050.93845923594,619849.3236537675
2020-05-08,1072382.3095393747,160269.58162898695,278314.3636836765,150306.04792932788,628338.8489680374
2020-05-11,1094493.5422067887,160246.22700129665,278355.5211217168,151256.8497594977,633950.1978910193
2020-05-12,1062554.7171650194,157495.765788981,272753.7673517222,148298.18781042873,620672.7801837809
2020-05-13,1052419.1768308305,155295.28395792088,267918.2771793469,146478.51885704888,612900.0497433229
2020-05-14,1053719.9024157815,156005.27955015234,271148.32150516583,147745.26118862763,619852.6148529808
2020-05-15,1071082.8884681745,156302.75587960583,272369.7037237269,148670.26028133123,623871.1690108984
2020-05-18,1069865.3801897578,161802.37220301988,280693.8185241391,152857.97794366445,635489.8271780222
2020-05-19,1087567.852687725,160174.7798850924,278042.897686303,151769.4731517326,633892.0810749688
2020-05-20,1113114.1689161577,162947.2837394862,282577.55735578446,153238.2484599945,646544.2057243212
2020-05-21,1108094.9273654504,161548.92598752517,280547.8579267564,151606.06058344184,639498.1312738989
2020-05-22,1101258.8236968075,161388.07507877075,281179.03908445366,152556.75880680353,641700.2661757357
2020-05-25,1101258.8532645549,161388.07507877075,281179.03908445366,152556.75880680353,641700.2661757357
2020-05-26,1086495.9798710314,164458.38780536305,284792.11026030406,153000.38526156024,639962.828969356
2020-05-27,1096599.2281820697,166680.82932648482,288943.5500409677,154142.12680592877,643450.2527332009
2020-05-28,1099338.759193154,166772.08062902113,288373.7610166523,155507.9371924713,642607.0052382005
2020-05-29,1158600.8299691046,167138.23580192134,289667.5450433779,157024.35056298165,652017.5041351927
2020-06-01,1225699.7871362034,169291.8957639602,290930.4133302311,157258.56731426442,653967.916576679
2020-06-02,1227901.9070921561,171170.5617428872,293321.7277874416,158323.03998685238,658349.2289395459
2020-06-03,1269305.7276825751,174217.91729665094,297193.7251608549,159413.30842153484,661305.5094121767
2020-06-04,1250049.058748617,173369.55385032287,296437.51976678136,157336.56546906102,656662.4756373774
2020-06-05,1267978.6947467644,177539.7433324703,304015.9593800073,160686.27269980294,669676.509415929
2020-06-08,1297675.46358458,179762.09911923454,307701.4168492657,161956.4901838863,674867.5920322628
2020-06-09,1270196.568795237,177882.45024471803,305516.5139072292,161918.75194539363,679751.3905877054
2020-06-10,1285901.0884832996,177354.89964339134,303611.0739683304,163501.21230934002,687903.7868858727
2020-06-11,1251077.976107032,167248.66810835342,286113.37954182096,154774.94913282327,653814.7780442523
2020-06-12,1248787.4213038546,169768.9216469759,289560.5769957175,156592.52704033462,659005.8215843131
2020-06-15,1301216.626900287,170799.65641968025,292200.4812036672,157440.2408343531,667018.4672557813
2020-06-16,1315861.7525386857,173709.429828562,297915.19647542527,159841.93332287436,678467.2918603411
2020-06-17,1292938.2772649182,173456.85196326426,296548.1618274625,160443.4871325499,680612.9233365926
2020-06-18,1302886.3316942195,173295.94631071755,296817.08749556047,160501.3117298539,682451.3361582436
2020-06-19,1318021.942987234,172493.46640131949,295066.9614451059,159901.5685923921,682334.2174922292
2020-06-22,1348149.3885411185,174012.63237380638,297023.35004159337,161276.0628753037,690511.4821859038
2020-06-23,1344360.918172767,174725.99594314783,298369.0042429085,161750.85126222626,696382.5342781255
2020-06-24,1330175.2188023461,170534.88312507563,290738.2230496808,158191.30469213007,682021.2250555581
2020-06-25,1341560.8156872545,172445.49771536377,293812.7725375739,159547.42868651048,688508.1424481263
2020-06-26,1321873.5895748888,169129.4286929753,286927.5366366653,156327.22814134537,672244.2341716331
2020-06-29,1330606.7822972094,171155.13740548512,291113.9433257419,158317.56828623769,679570.5346156405
2020-06-30,1330940.2983735676,172259.85262505832,294995.47892480117,161045.36913063668,692885.0675264657
2020-07-01,1356061.413377603,173410.63344878252,297014.09038791066,161933.10258134594,700966.6229759988
2020-07-02,1408604.63583413,174975.83471882303,298512.2847365366,162297.1815657822,705718.0220167331
2020-07-06,1472880.335135543,178198.84879165393,303143.22649563994,164482.89900817597,723061.6640867109
2020-07-07,1486380.8748892492,176103.05698327356,299999.94140399224,163740.7582086553,718074.9465562388
2020-07-08,1500367.7250506927,177852.46328038408,302226.64609010273,165528.18018768475,727527.0110233541
2020-07-09,1524620.6854722449,176723.7616456868,300686.06846295466,165346.5328540848,733649.4890373984
2020-07-10,1577048.1070602776,178150.85757191913,303703.6962596682,166219.42937410748,738652.4055417619
2020-07-13,1506165.5650501582,176722.78003054118,300955.87230353337,163762.6791831224,723452.7352679701
2020-07-14,1472181.959514102,178794.4820873495,304982.9815957046,166390.7049402713,728567.3415995905
2020-07-15,1476414.510322439,180681.9892182128,307688.536010556,166898.58413781517,730044.6884647774
2020-07-16,1465212.6975569401,179668.43197130872,306793.01755111787,166193.39297692,725058.2805876288
2020-07-17,1470180.7618451233,180312.64061883534,307604.4845030317,167615.62997408424,725891.9366251718
2020-07-20,1507845.9622021313,181762.65872811942,310164.2959797223,169911.77427339967,746479.529476777
2020-07-21,1475790.7072933654,182452.84889753794,310809.1540415599,169066.38691560033,738695.0904894241
2020-07-22,1490515.3536158348,183189.10518229604,312577.8608344127,171130.2363598145,741291.2053660121
2020-07-23,1449574.8136775515,181254.5939458709,308841.3755739794,168430.1874125084,721923.7905124621
2020-07-24,1405144.8224924775,180287.0623195622,306842.9912795747,168255.90903070243,715062.8695547081
2020-07-27,1460595.6832041147,182220.5731270231,309080.1417077922,169700.2658138232,727815.7998491433
2020-07-28,1442466.1901647418,180976.7462900061,307164.83786489745,168829.0723259027,718548.9713519847
2020-07-29,1484015.6804139959,183278.69998126748,310879.7640221792,171007.12544586352,726825.0714949631
2020-07-30,1506042.5356268545,182080.92650647357,309744.9941715425,171463.3242974011,730624.3432583458
2020-07-31,1505157.953010769,181366.7264526701,312335.96366523404,173364.78170488263,743656.3789817189
2020-08-03,1564528.0889130149,183484.34458599472,314302.4409093127,175594.3878500035,753694.4252947654
2020-08-04,1566743.3311891223,184404.77562818638,315623.8323370028,176511.4243574793,756486.2409981127
2020-08-05,1587490.779343563,185647.5239438585,317590.3355987248,176963.84018519233,758354.7563085194
2020-08-06,1566624.9269619237,186452.79229113655,319723.36551213416,178470.77776236483,768392.535177211
2020-08-07,1540325.4368259206,185807.71241770143,319889.4122119433,177651.2061687147,759517.6655137782
2020-08-10,1498623.4288257672,186313.69028481212,320908.95120622223,177052.89166295697,756266.4480294102
2020-08-11,1445527.2004067611,185737.55830817224,318317.21797548083,174496.81425542114,741936.2964038593
2020-08-12,1502525.6314221518,188522.8918975522,322677.3362255298,178230.5364175568,760590.6599759063
2020-08-13,1546582.0045362387,188015.83904890824,322125.47395720024,178705.07707866267,762319.6440110876
2020-08-14,1547473.6074038993,187669.98665343408,322125.0905053069,178364.86632558814,761418.0412869176
2020-08-17,1667621.063551707,188820.52339894007,323165.3201867958,180221.9308781094,770252.2542152945
2020-08-18,1690364.9996857857,188981.23530759933,323841.36957324727,180368.34616958993,777659.4902115752
2020-08-19,1687809.3475879051,188036.76426454665,322467.21048029,179795.84052134707,772422.2734676406
2020-08-20,1749812.7951372562,188082.28950673385,323486.77130657074,181398.48293143674,783130.2788791085
2020-08-21,1754211.0233266824,188265.89717230437,324641.4983485058,182894.2126641105,788551.143783882
2020-08-24,1726521.7679761956,190222.3118780181,327940.0536207569,183564.08040680253,793468.55703231
2020-08-25,1740520.0989844017,190889.45650965624,329084.42297499214,184230.29084337573,799700.6570409511
2020-08-26,1790326.5602842155,192385.36362959683,332445.30514383013,186142.49112110664,816758.3794414876
2020-08-27,1789799.328496121,191947.39426983683,333111.057462653,186049.23883962675,814206.4194922146
2020-08-28,1792031.4291709615,193351.2362975674,335275.1116739114,187655.5107922836,818339.8269568159
2020-08-31,1784310.904975256,192245.64074362846,334098.7710747869,188063.63199205103,824907.2130401055
2020-09-01,1877451.7271391775,193695.52059300506,337220.44879844575,189610.8422566287,838999.3544613002
2020-09-02,1861279.4054212782,195882.07421086106,342131.90103358263,192824.32518810013,846937.0027394269
2020-09-03,1735580.560271748,190010.90728332254,330288.7360001458,184274.212117093,803991.7201553545
2020-09-04,1691409.2648364538,189296.67539903458,327645.1263754989,181460.35252420063,793272.0509155217
2020-09-07,1691409.2724542092,189296.67539903458,327645.1263754989,181460.35252420063,793272.0509155217
2020-09-08,1615459.7069062188,184922.02276535777,318643.0725513779,176323.9900773589,755139.5026014784
2020-09-09,1694789.6058101656,188305.6884315383,324928.23960122815,181565.12325019846,777315.4357328542
2020-09-10,1672491.1089003186,185657.66719759576,319245.87326418026,178139.28555106572,761812.772545979
2020-09-11,1644442.5934197197,186393.84090736145,319484.88139891706,177386.21890461358,756519.72521477
2020-09-14,1708849.2212564917,188741.52138878268,323636.75229226827,180743.44883438514,769688.4560531032
2020-09-15,1718133.826350187,189846.02506042973,325301.3153346765,182345.9831512547,780591.1308019923
2020-09-16,1699375.7916372835,189523.22116424533,323989.6630324101,180402.14971469637,768137.7155242731
2020-09-17,1683103.2963293977,188509.80274345513,321158.792390397,178871.25710644762,756132.4133480997
2020-09-18,1701316.3070784463,186851.68195980147,317422.544047523,176621.56834070684,746476.7414844108
2020-09-21,1721870.5930942912,184128.030244529,313977.64579985925,175676.83395612118,748260.6841903537
2020-09-22,1756221.1546525448,184983.54987299486,317151.18090564414,179951.83502801944,762156.3121122802
2020-09-23,1704710.1321359735,181420.09546718022,309803.8098507008,174974.33516788358,738879.0064113623
2020-09-24,1695212.0165666877,181512.07616547204,310656.8666310187,175876.41868113357,742313.4137513749
2020-09-25,1733731.7167772374,183501.31012614872,315630.6646396254,179694.29419146723,759564.8284770624
2020-09-28,1749173.2247844154,186392.7965459003,320916.76588189264,182225.59923670767,775333.1873698435
2020-09-29,1737427.7680881834,185721.32626106436,319086.4197637203,182559.96530697646,771831.0245137642
2020-09-30,1745944.7285359234,186599.9381843004,321541.9804345107,184243.40472149313,777111.090047276
2020-10-01,1786659.7052039064,188103.29205535847,323579.5475165215,186159.0886164866,789438.8876877491
2020-10-02,1749095.003451973,186899.65945937062,320569.34958083095,181771.56877343534,767225.779539171
2020-10-05,1798058.6142822064,189976.25964651507,326170.4611221619,185954.12953690652,783581.0473890054
2020-10-06,1775958.4018198582,188032.29367993778,321613.62123085745,182878.92231883426,769590.7268883501
2020-10-07,1813084.597949885,190692.34738902352,327131.1971903069,186250.4641587267,782897.4738734162
2020-10-08,1799318.4451144182,192265.04038572006,330025.6914063831,186522.1072621876,787058.206854053
2020-10-09,1834154.7083996318,193722.0334473226,332961.85259970254,188607.2807116076,799077.9929447134
2020-10-12,1862797.328773086,195849.93447119326,338333.0870067702,193198.82881234953,823738.4757741387
2020-10-13,1888661.4028314983,194577.01209326254,336169.4210044938,193345.08776631215,823704.1187636361
2020-10-14,1865813.2050318473,193720.41937477767,334068.47841045883,191475.1839379647,816817.8918984092
2020-10-15,1871252.0126549401,192794.46099668773,333670.9001977397,189797.0004070723,811329.8859924283
2020-10-16,1873159.266967791,192886.44556147075,333388.2715161641,189500.9984300124,806876.7435245252
2020-10-19,1844419.7587552355,191058.2489369088,328350.87588524196,186197.39515268712,793698.3955945724
2020-10-20,1839676.7009593972,191959.961508679,329646.240813302,187290.94991278806,795397.944794563
2020-10-21,1822921.321257622,191473.66278061375,329050.20157448394,186806.99785857883,794776.4509006329
2020-10-22,1816388.8113174662,192213.44117479815,330857.7926387428,185530.6235433665,794742.4136042696
2020-10-23,1824083.5253974677,193092.07269442003,331985.97188759723,186627.87094775794,796301.8532894967
2020-10-26,1811731.2980837699,189667.56152648403,325872.09319746477,184061.52253530157,784354.7104387082
2020-10-27,1837123.3127145383,188857.3025253944,324795.2956932585,185033.43514950774,790472.7285981108
2020-10-28,1784331.5401407178,183003.75089125911,313612.9168941403,178980.4278278191,759649.526700796
2020-10-29,1771656.6445051203,184599.50933507405,316914.9003932938,181920.54123337707,772926.4919761416
2020-10-30,1707765.7138076792,182771.38142079473,313350.8479205999,176328.32755945608,753317.6835164255
2020-11-02,1731008.6088248421,185038.05931689029,316997.73433256475,177860.52858603245,754989.7031474196
2020-11-03,1783535.9365760556,188530.8509371002,322588.3610579608,181231.79364876077,768042.5342085105
2020-11-04,1838031.881019411,192069.84191708584,329850.98150585504,188417.55155786916,802319.6166865363
2020-11-05,1937440.5693750624,196140.88155305115,336308.9925889536,193130.18109890484,823229.2691876367
2020-11-06,1927813.4895052582,196371.74591763443,336266.7809266863,193803.51418059246,823837.7703484135
2020-11-09,1711822.9213388702,199517.39411185033,340456.92264501797,188340.46118030604,806997.7869383728
2020-11-10,1643178.1987217872,199655.61345539833,340017.6033361351,183441.33699773805,792534.9891609668
2020-11-11,1705550.1496812124,200927.4027392712,342410.230778641,187811.2287857162,810256.9013303716
2020-11-12,1724824.2956786328,198798.5416285845,339243.53028210363,186704.4648478239,806447.5325156543
2020-11-13,1708549.9423628524,201597.17777653414,343851.58620623325,188063.23783959038,813515.2939548934
2020-11-16,1700178.782902511,204164.45247745368,348020.9961087629,188327.50028815726,819856.5923909022
2020-11-17,1774949.4213472917,203747.49168516562,346285.73779702676,187736.69702833804,817249.4245600706
2020-11-18,1816949.4014899186,201988.7621554497,342084.2965437122,185616.48255545215,811203.0914895728
2020-11-19,1839445.6424289986,203237.45464573283,343515.66959577514,186437.22436892323,817543.9922487204
2020-11-20,1873780.8130070015,202912.99370268837,341216.1843420587,185861.22916420727,811945.2398027914
2020-11-23,1931000.091289167,203907.14631380292,343232.5944023464,185196.76290744226,811966.8740862604
2020-11-24,1955005.159030561,207006.44069109528,348791.7320112906,185785.31044695614,823368.2560918754
2020-11-25,2001443.014804487,206682.0511161994,348216.5930466309,187166.13589190942,828422.4081901666
2020-11-26,2001443.014804487,206682.0511161994,348216.5930466309,187166.13589190942,828422.4081901666
2020-11-27,2047280.2250934883,207699.29332417,349208.83484349865,188399.60894071806,836048.7427586663
2020-11-30,2024519.464816694,205362.28617986172,347641.0070113875,189872.5260387125,837747.7533941894
2020-12-01,1941228.6640812203,208415.2860487459,351465.3220652901,191625.56239759558,848477.2816728083
2020-12-02,1925800.0006061837,208553.5540313571,352206.83202036575,190938.9892598996,849561.0384634739
2020-12-03,1963164.4123043928,209246.89044367324,352101.9212954022,189718.0507881809,850756.6426684855
2020-12-04,1978181.0978207502,211258.88459058458,355132.06244695134,190719.28453140176,854216.6968970696
2020-12-07,1984300.3520779524,210587.39511934866,354473.30006415426,191521.49405669924,859046.5089450193
2020-12-08,2002522.0787548933,211257.71111391133,355496.95307274425,191837.27392344954,861947.4854738028
2020-12-09,1908349.1372952375,209961.70032565558,352340.5497360632,188943.3721872212,842426.132693398
2020-12-10,1934461.0562329206,210562.57229259078,352173.0626475687,189329.17248526245,845801.8284421526
2020-12-11,1911965.056646085,210006.78905124983,351723.2191313935,188797.3986515213,843922.376867307
2020-12-14,1940608.7438180211,209543.55819828666,350113.49305168784,190336.5860156264,850038.3185027109
2020-12-15,1989023.6852853063,212249.49174006816,354951.47982912784,191894.2174444092,859117.5498463
2020-12-16,2009720.3833672765,212757.7820972283,355494.41400123335,193344.9284600855,863835.4624792904
2020-12-17,2081640.0871560338,214122.01494678302,357427.28482789145,194644.53134425465,869476.044245365
2020-12-18,2072668.7291695836,213450.65299714997,355995.1823968529,194510.74492561579,866840.950858236
2020-12-21,2033867.563993192,211918.74461749027,354897.4928094749,193881.19305593253,865212.5853958977
2020-12-22,2013559.7176056493,211708.64754246458,354197.1372092482,194556.47511225336,867558.1658202135
2020-12-23,1984202.2895050633,212685.48621525822,354480.0734241265,193512.92416036018,863182.3338523266
2020-12-24,1982001.0319138158,213173.62726993772,355896.12750883476,193792.67310388593,866984.255940981
2020-12-28,1911126.6521759618,214150.43665975065,358991.1395560179,195477.07846842683,875715.1301950943
2020-12-29,1915398.9793930638,214568.7157548646,358235.23243120353,195280.0148011825,876492.4515118647
2020-12-30,1953086.8968201268,215312.84395269724,358717.38076268235,194968.35890140897,876513.4796669896
2020-12-31,1854847.9915764094,215475.0821892555,360647.70047223475,195580.75260533174,878662.881963774
2021-01-04,1899207.2098028518,214241.1574755182,355757.7132532339,192888.77078017307,866249.8170241071
2021-01-05,1941262.2828464024,216590.84347764484,358097.1270210679,194436.3109344792,873384.1389541386
2021-01-06,1973094.252134674,218126.14419436833,360268.6748945421,191548.45865453855,861279.4828255646
2021-01-07,2030213.4619784267,220336.25659062286,365650.9145295492,195317.4215670351,882107.6339081443
2021-01-08,2040846.085347479,222336.9337374721,367707.0229097648,197127.31476642026,893442.6273779412
2021-01-11,1999458.784198618,220335.03268417512,365303.8030288936,195825.10032494194,880525.4545977834
2021-01-12,2110333.9202452535,221172.14752274964,365334.8288562402,194803.87341026674,879118.3722255146
2021-01-13,2108028.6997671397,221357.7096250224,366247.3064195808,195885.65384467752,885048.0445127749
2021-01-14,2157693.96774261,221729.3872074197,365008.6584726844,194387.55277552188,880308.3515151851
2021-01-15,2110117.3152895225,219425.01223685092,362406.09914121864,193717.37829420352,873328.6891504986
2021-01-18,2110117.3199415994,219425.01223685092,362406.09914121864,193717.37829420352,873328.6891504986
2021-01-19,2147192.2029512827,221332.56125560633,365270.1336184941,196089.0872316229,886063.1737705192
2021-01-20,2128052.2661564937,224008.0612839869,370232.6697227679,200508.3483996995,906665.9544964986
2021-01-21,2163153.7982687796,224077.19248210208,370578.57091035036,201941.1717249398,913911.5215883949
2021-01-22,2179663.5349906557,223029.46168500112,369255.9615047232,202202.41065166527,911272.2975341624
2021-01-25,2233816.3801421598,223517.54821288423,370755.92953289096,203413.48310815042,918796.9902312822
2021-01-26,2297201.2360136365,222865.3344694071,370199.377271842,203279.21503175463,920133.7317337426
2021-01-27,2270994.4628994274,217512.6196733492,361217.4514253093,197290.65424799602,894477.4596612762
2021-01-28,2270724.3380250274,219280.57278892983,364249.3553832779,198109.95067504857,899762.6453224466
2021-01-29,2256182.7254231814,214975.13006851563,356956.5506236089,195909.77723367166,880826.5956895672
2021-02-01,2266429.288301898,218651.09223459742,362821.4966502009,198698.95259832442,902828.2358096832
2021-02-02,2296931.3954699235,221675.48963864474,368035.6983660932,201347.6727552774,917549.5099030606
2021-02-03,2360953.308760449,222023.92873481283,368402.64109099517,200137.91072540032,913902.0278301351
2021-02-04,2384962.971559552,223559.08946993426,372525.61918191385,202021.59519074182,924703.1081441834
2021-02-05,2453432.6450899676,224931.337165493,374015.11516965233,202042.54300955482,927831.5010139599
2021-02-08,2510880.799033597,226489.7843863543,376774.22139306896,203519.62976089687,934040.2117473247
2021-02-09,2514626.1018844927,227187.25712307473,376469.3483509955,203451.93852628823,933836.8629486652
2021-02-10,2484214.1765293116,227163.34295574971,376322.15640232124,203602.23443115462,931701.2684734529
2021-02-11,2530562.087331768,228326.09645028738,376930.14073307137,204595.1150874723,936817.5188548178
2021-02-12,2538633.746785481,229419.19214023667,378849.71243927063,205846.73966497552,942046.2160890907
2021-02-15,2538633.74773103,229419.19214023667,378849.71243927063,205846.73966497552,942046.2160890907
2021-02-16,2511886.7966884957,229721.05577372506,378492.5783879964,205069.4162338484,939490.7702465408
2021-02-17,2476473.203735545,228975.75981465547,378576.08980591415,204414.0877984925,934975.6415460301
2021-02-18,2404792.9682313087,227741.88401617698,376959.87491815793,203296.83220343996,930880.5029306209
2021-02-19,2447821.7303048763,228322.92572753562,376266.89729616744,201396.10756880257,926813.4059504704
2021-02-22,2294574.220981944,225879.0489850593,373307.68292630557,197267.0158985046,902783.97075979
2021-02-23,2224564.265415862,226297.3711401052,373779.4445248295,196386.2859663992,900089.2328975718
2021-02-24,2157499.710171878,227739.35392567475,377912.80432341254,196954.24241450388,907501.119781966
2021-02-25,2075353.771440329,222549.80176684435,368847.1217629149,191306.44655755183,875857.1665613453
2021-02-26,2094573.6094919064,220711.03552417387,366821.74857200234,193064.32829197292,879518.0172649723
2021-03-01,2173676.775002143,225945.73968754476,375771.03314630943,198196.08071768563,905967.8732099883
2021-03-02,2076425.4947952526,224479.21475921053,372864.3421285831,194277.80205376958,891430.5555057531
2021-03-03,1957762.7619794935,222105.28259463693,367943.0791792076,188752.09022453628,865554.7144933646
2021-03-04,1885063.4496074633,218870.39649487022,363409.9652928603,184745.20330699475,851382.3251682816
2021-03-05,1878885.46297358,221871.34606675044,370072.0243057459,187970.14374878208,864197.4071210928
2021-03-08,1783768.597632959,220288.49767029044,368256.56580564944,183859.8191036141,839722.3461005578
2021-03-09,1943749.3732560866,223708.28537287153,373407.7281547296,189704.64598952298,872834.1949094319
2021-03-10,1950787.777838111,224754.69921204975,375715.539129503,189441.1409048755,870335.7460031521
2021-03-11,2067678.2868607505,227639.34788769062,379681.0601761385,193223.94622074143,890373.1027236076
2021-03-12,2043308.3937249791,227661.9776911488,380215.72517234745,192177.04081736997,883143.3498114048
2021-03-15,2100473.6517930776,228615.26456367617,382418.5868849185,193912.64029222113,892570.348440044
2021-03-16,2094585.9677956984,228428.5342950519,381987.94875170395,195141.99514101402,897462.4079990335
2021-03-17,2080850.7177742538,229405.17449118232,383236.0266143939,194749.12698267438,901150.5050381849
2021-03-18,2008228.3374930564,226053.9303438954,377601.36447373184,190439.45922700196,873541.8458885034
2021-03-19,2029372.5593663522,226286.0581781636,376929.4790410824,192064.13113588135,876614.2433827752
2021-03-22,2050467.1036509466,227295.4721717529,379908.733586977,195286.12695562182,893045.6627533745
2021-03-23,1978369.712288292,224472.13773715714,377117.40417442826,193627.1846584209,889142.8172387034
2021-03-24,1893938.7730290135,222675.29320406477,375029.07761884585,190340.02007575295,874140.5202269605
2021-03-25,1911161.9890572396,223957.7145107149,377137.4442694628,190168.69840338486,872620.305567019
2021-03-26,1921519.410797546,227456.23176782226,383289.0367785208,193079.79590510018,885702.2861883322
2021-03-29,1871025.7265605559,226592.5175450199,383057.0179247684,192693.77271859784,885442.9010769111
2021-03-30,1890643.0111887224,226545.1876555173,382077.32779542747,192119.09885728653,880979.4447712727
2021-03-31,1973186.9853241357,226987.80702416197,383593.04885484156,196225.31089399545,894453.8693592218
2021-04-01,1991425.4327058855,229973.1275495634,387656.67244364443,198814.36009426648,909693.0294833794
2021-04-05,1983789.7555937988,232608.52637687468,393247.0140399396,202672.59852738553,927847.2719942845
2021-04-06,2018312.6120574863,232117.99475841937,393025.5401079406,202205.12221773833,927195.1027498398
2021-04-07,1963908.7373703094,231767.40735055375,393519.9294917408,202314.91192018837,929429.8111102364
2021-04-08,1996655.0178714555,233236.3924231043,395435.62462961697,204548.63615948107,939119.5110109389
2021-04-09,2025963.5524474147,234098.84750612642,398278.041245085,206593.6565119268,944801.5287369838
2021-04-12,2033159.4964803439,233608.2974114899,398456.4543261501,207291.74048525264,943560.6628286277
2021-04-13,2132623.7199424715,234494.1458098853,399540.5493593841,210709.44426432907,954567.1072363146
2021-04-14,2148715.1888888595,234400.1157883729,398255.54287976486,207603.77422974943,943097.1317514469
2021-04-15,2147232.040190192,236662.26606767875,402529.69255972153,211350.74246975413,957382.396262869
2021-04-16,2194205.304036087,237571.319529853,403940.0240855595,211393.92178054558,958495.9016795085
2021-04-19,2118517.039912933,236497.63397968982,401949.7162697997,208736.03519030145,949716.63613365
2021-04-20,2081031.884833213,233837.7202045426,399001.16748800775,207069.69955462255,942787.0762971623
2021-04-21,2167296.5006850483,236216.42530878342,402748.95183288655,209255.2084554946,950850.429442917
2021-04-22,2154969.679052455,234722.8419346814,399052.9245694461,206612.15924603626,939381.2939465276
2021-04-23,2217986.4120809706,237451.42286568228,403305.96690495685,209670.8248793621,951199.877515957
2021-04-26,2248779.3706728476,238150.54443373746,404179.28617307416,211249.43468511658,957385.1444374428
2021-04-27,2253346.399878898,237893.23138822196,404052.5232019026,210489.72698202587,953230.2143965153
2021-04-28,2199678.2337651313,238335.85517810733,403862.5677782528,208908.57540234906,950000.0011966605
2021-04-29,2168727.1528109787,238871.67438437737,406557.4312545246,207937.98176411443,953411.2875802652
2021-04-30,2075880.5611537294,236351.76776648636,403872.12682774727,206723.2183468384,947154.6407466632
2021-05-03,2099611.237769538,237447.46591594725,404787.5916440995,205649.0188583051,942103.3484369728
2021-05-04,2061654.634520973,235137.50807036308,402323.434694477,202317.92611596303,925142.4172539555
2021-05-05,2079867.5664848625,236186.4864093605,402396.66867365973,202575.72011949873,922024.5918836192
2021-05-06,2107790.882410367,237748.67303844457,405670.52683853393,204006.33938676916,928966.6027502447
2021-05-07,2169991.2739993758,239987.35503284217,408565.46609363885,205718.09363454863,936497.2618462626
2021-05-10,2091894.157208135,237560.7624818155,404564.2174635884,200903.5179076849,912839.9931957823
2021-05-11,2126274.6402308247,235484.06325118462,401015.4973051984,200721.03516437754,911571.8868807963
2021-05-12,1993792.635286977,230398.41728005183,392455.41071317403,194467.38998934597,887971.119520767
2021-05-13,1979852.472263982,232543.78085218338,397119.03371152637,196020.0915597846,894828.8805845903
2021-05-14,2042121.3694941304,236298.5465830127,403214.53280475,199977.54040140897,914576.2503015994
2021-05-17,2083094.6440607808,235831.36264682154,402245.4467879517,198566.78570444343,909021.0411494462
2021-05-18,2084643.7153288624,235410.8774507938,398770.60105198895,197496.4400097621,902877.4589830168
2021-05-19,2019746.8835055134,234173.97575041445,397717.2209892892,197310.2789312852,903907.0389302006
2021-05-20,2055350.2878557942,236855.7182797024,401959.78674212436,200708.98229512238,921383.8786353809
2021-05-21,2034680.6160666249,236528.4670279319,401653.97507169785,200027.075154462,916277.1616466964
2021-05-24,2098229.594286611,238417.17333830873,405706.9518366373,203307.38520897838,931680.2723525626
2021-05-25,2071516.392332723,238463.16710173734,404853.6282488369,203365.3505645991,932961.5137902593
2021-05-26,2135070.588092541,239045.67278683657,405590.08916462667,204059.61558416102,936204.2961529177
2021-05-27,2200324.8654954187,239394.8968185943,405768.69415132597,204702.10750172747,932694.6981358225
2021-05-28,2175120.8809621087,240070.68800500044,406557.78840117384,205070.81496018657,935629.0620392765
2021-05-31,2175120.8809621087,240070.68800500044,406557.78840117384,205070.81496018657,935629.0620392765
2021-06-01,2193244.2153565637,240979.63388876725,406241.38392354274,203682.32838776332,932511.7741774282
2021-06-02,2222180.0409848443,241328.82985511314,406925.30744391854,203651.53668786676,934325.5386548472
2021-06-03,2174307.3153760307,239998.67528144733,405377.09653130494,201859.82694566314,924595.9995588191
2021-06-04,2179845.428073632,242283.78898904735,409051.02389760636,204732.98937461735,940278.1117281206
2021-06-07,2194499.1875455254,242446.37857268247,408703.16101930453,205375.46923364236,943072.4091783651
2021-06-08,2186053.316755044,242375.81203586372,408765.7959339667,205248.462787934,943513.3438079696
2021-06-09,2164625.1444737785,241745.3505791474,408123.0910271685,205121.5026628312,943729.8871914357
2021-06-10,2141958.0822198265,242934.22100170766,410007.1077699533,207121.58363858509,953556.0622991202
2021-06-11,2171735.5204865807,243376.67395558304,410722.6855266301,207763.98913840397,956042.0830638309
2021-06-14,2138602.9325997704,243795.90609499486,411753.798040463,209608.62673178394,965195.4852249876
2021-06-15,2100888.5441319817,243305.39029783124,410890.065108884,207902.05522072373,958884.54068311
2021-06-16,2094635.51009916,241718.63681421065,408636.46137411013,207867.5504313968,955374.9475860011
2021-06-17,2055721.8571545952,241088.2272333165,408488.6928114317,210614.7741949994,967497.6461517714
2021-06-18,2020344.4489514702,237518.97179562674,403066.2168738804,209455.70524960267,959898.1953519933
2021-06-21,2036949.3463513725,240788.25747285626,408708.6429377768,210654.33221108362,965855.8720224502
2021-06-22,2066063.7904755943,241397.03069058518,410877.06477497594,212919.53605850835,974851.5083257895
2021-06-23,2119697.349255022,241044.78897151977,410434.523772329,214058.8551486506,975320.4619746864
2021-06-24,2151189.281940874,242802.10936187426,412781.77990243165,215883.2762292419,981342.6083422891
2021-06-25,2148228.755680498,243762.50054648813,414307.7723743022,215652.43075861046,980128.8699600779
2021-06-28,2167722.5439686147,243503.89731148462,415170.65113378456,218639.65842960353,992040.800665623
2021-06-29,2179068.3327894593,243550.15070623398,415352.83898965066,219738.2418057208,995622.6756478518
2021-06-30,2101857.142410214,242893.19197637658,415732.6231929572,219755.42628639154,994044.4481264174
2021-07-01,2106638.8902263753,243783.18795374047,418077.26363993634,219546.74499089486,994429.0933652141
2021-07-02,2101002.00861888,244813.84826352575,421256.57854405016,222126.5131401868,1005835.5594889027
2021-07-05,2101002.018257667,244813.84826352575,421256.57854405016,222126.5131401868,1005835.5594889027
2021-07-06,2079848.436839116,243570.87989556292,420463.65106373857,222839.9280536796,1010174.5758632877
2021-07-07,2093375.86422628,244179.60867879837,421910.4795178433,223456.9762403996,1012297.8871744778
2021-07-08,2058615.9482405854,241389.65577455054,418550.64434727293,221633.7531805622,1006176.001877699
2021-07-09,2112672.9621192613,244951.77642490983,422965.8316472581,223657.96405539435,1012450.2558904248
2021-07-12,2146660.6654772516,245537.0616278384,424497.12300871033,225045.28077834658,1016396.2134386112
2021-07-13,2120094.024590726,244387.906237058,423059.9193563951,224199.6805074577,1016388.1470041558
2021-07-14,2112822.959108808,244574.7037602666,423640.39942673047,223850.25093474853,1018203.295852507
2021-07-15,2099154.6120654806,243519.2359786537,422277.22026488476,221993.72675156008,1011043.8589490784
2021-07-16,2061585.6012624085,241643.4907546298,418991.4286146152,219703.9966522369,1002847.1492443688
2021-07-19,2025733.087883904,237986.29121713026,412726.61306203954,218336.2925152298,994622.6157511122
2021-07-20,2079954.4529857992,240845.22490021755,418557.282104357,221593.56665806053,1006168.2928430889
2021-07-21,2105311.0647455077,243305.64246662913,422074.4670211856,222806.80289764187,1013928.0866532951
2021-07-22,2097812.238985631,243562.76208325694,422971.82002035837,224349.57184066228,1020622.0978951602
2021-07-23,2117882.0267143943,245155.93925389653,427196.83109359146,226625.47981015427,1032531.8281658655
2021-07-26,2122101.4491376993,244873.99084765752,428284.36323605577,226376.01760437028,1033336.8198011519
2021-07-27,2110614.9755281606,243279.4461696715,426382.4317381705,223956.72983422907,1021943.7507360519
2021-07-28,2109675.6425965163,244567.91101423945,426149.51962266915,224710.78026042326,1025861.5686389373
2021-07-29,2139383.623171442,245762.55431776182,427986.9993006114,226394.1994637894,1027676.042253963
2021-07-30,2151777.403735558,244379.08244937018,425894.8884740731,224622.97331296207,1022312.0678697982
2021-08-02,2137928.0304657742,244565.87322722512,425028.23123914015,225284.4071534887,1022388.1620245242
2021-08-03,2169798.4528211677,246369.9192415128,428460.7975036431,227356.57247567212,1028577.1447725779
2021-08-04,2137234.065165141,245572.39507267508,426411.0839756864,227170.08291550208,1030054.8905082332
2021-08-05,2151905.728659881,246790.49202896966,429072.62065358454,228597.95791181622,1036580.2716649306
2021-08-06,2172146.0870908634,246578.84640187965,429811.4657795765,227352.5127692702,1032029.2144981353
2021-08-09,2177059.3641538443,246460.97495559012,429398.9901938068,227528.85498076575,1033927.9184523664
2021-08-10,2205952.188442269,246647.77660087598,429937.23240688693,226524.13535027954,1028620.5334084737
2021-08-11,2231805.059132162,247631.52468763487,430971.9397402771,226467.2448327847,1026845.6087459674
2021-08-12,2217877.327778313,247630.83691337195,432228.38803454454,227621.07577377406,1030538.6527846478
2021-08-13,2201314.7652973863,248192.64250748607,433083.56403327774,228493.52616876725,1034147.3484439935
2021-08-16,2207761.7348637315,247629.4613705775,434118.3331319734,228677.26378957028,1034587.5657990158
2021-08-17,2158391.758375618,245308.37529236046,431255.09404656617,225528.81364151635,1025467.1311574844
2021-08-18,2145685.9114174577,243667.0937513525,426617.2307447266,223417.07873484155,1015589.6626999327
2021-08-19,2156996.161307934,242400.7863716584,427218.97002624045,224815.2765048112,1020488.1475398714
2021-08-20,2170229.657527569,243876.69455841975,430598.57117719087,227557.39213822238,1031050.4033267568
2021-08-23,2209375.743287686,246430.6773260444,434411.4046907908,230484.64191260052,1046462.4446607823
2021-08-24,2217553.5504833492,247765.95045174542,435097.5312728266,230742.41838703284,1049650.6222461846
2021-08-25,2235850.616005491,248210.54070650856,435899.8557280137,231544.44037509806,1050847.5756302148
2021-08-26,2216755.3586507547,246569.25867280035,433353.47024879226,229925.1852256778,1044166.6312767791
2021-08-27,2253510.438589643,249193.54248337206,437198.01391856757,232419.14078916708,1054307.7462812685
2021-08-30,2253121.586243223,249778.77871160294,439204.6096032204,235446.22482064116,1066130.5560395634
2021-08-31,2232676.501313665,249895.28613480582,438454.05332009296,234907.99479658986,1065253.1826322805
2021-09-01,2229666.241688964,251113.30676023004,438918.3612483319,234658.56796255402,1067010.9266965466
2021-09-02,2242195.8251131214,251886.01008776482,440227.6172380952,235249.5154979678,1066497.6581721932
2021-09-03,2243873.784049211,252330.6197876934,440058.12431816,236425.40476824614,1069769.1363528152
2021-09-07,2219174.92864738,251650.25073327572,438430.85746329004,236464.7201655027,1071274.494495539
2021-09-08,2221594.0530970804,250383.96688071173,438007.7932707955,235448.97154372575,1067537.7346038723
2021-09-09,2225236.9730378087,249727.03894182376,436042.5615930334,233959.26337671358,1063856.484423419
2021-09-10,2215072.9347616797,248460.8070099874,432672.3701454596,232706.57227275707,1055774.2003253282
2021-09-13,2193808.3122082073,249350.70337326903,433685.97370665293,231742.6658986073,1055036.8664906106
2021-09-14,2183029.9384004627,247873.4950167883,431435.4850085581,231422.8920101425,1052029.0384528635
2021-09-15,2211991.412212566,249372.71040042618,435036.9577063706,233424.33299966468,1059842.041966039
2021-09-16,2207700.484123424,248809.56035904778,434286.48541287426,233452.53985183244,1060562.4800910023
2021-09-17,2171123.1801721607,246348.0235505506,430029.0227794906,231537.23343436286,1047994.9986314676
2021-09-20,2127122.6872293507,241905.18616368136,423004.05023432896,226756.64638934584,1026332.5824927686
2021-09-21,2120899.552562908,242657.4634263155,422591.5282592837,227095.87107563298,1027587.2876378765
2021-09-22,2154628.2056963,244986.1025844284,426668.4352861713,230100.4494866568,1037176.9311152562
2021-09-23,2187258.8582269703,247738.23191265014,431822.7303782788,234293.32983275136,1046738.3026062085
2021-09-24,2178078.651508421,246843.47981272914,432540.43452393735,233451.62398867102,1047712.1498069278
2021-09-27,2155726.9915009444,246678.02479054072,431314.66632072016,233246.62339068842,1039341.220155879
2021-09-28,2104292.634018034,241548.2650327628,422694.6900569976,227773.9442264957,1009922.9284792677
2021-09-29,2093819.9262356167,241265.27506958923,423359.70244668424,226562.09057518365,1008259.0767677671
2021-09-30,2051823.8366817837,239617.63616722028,417996.84423783293,223628.9502350484,1004546.9135407116
2021-10-01,2069193.615017355,241546.25240939506,422998.3764574467,226074.49239505184,1010768.8780810717
2021-10-04,2044475.7238392239,238722.21646816307,417794.46151860605,223004.37903414635,989545.8496530872
2021-10-05,2074860.546570242,240580.19605991608,421852.81816249364,226260.54829457056,1002895.6829622549
2021-10-06,2068670.808956564,240579.5278726771,423728.19157403,225629.90890928704,1009313.7191507908
2021-10-07,2103787.400787771,242955.239708924,427373.2386520607,228390.02536041877,1018565.9652451136
2021-10-08,2085614.1322355783,242719.23109356672,426567.1835376946,228214.6741243041,1013478.795591227
2021-10-11,2078549.9094267404,241448.1295327804,423461.6234637262,226554.97570732198,1005697.9367630589
2021-10-12,2086187.4866514718,241259.2443244718,422613.35996574454,226139.10067742146,1002182.3178263897
2021-10-13,2110512.2084150827,242976.01049692146,423969.33952790714,227066.83929146765,1010199.5767604103
2021-10-14,2157063.4615393197,246339.7890555376,431090.3429272097,231152.01133567674,1028795.3337303275
2021-10-15,2171436.5974150216,248080.1002205285,434449.194170036,233119.79185478878,1035268.9515056708
2021-10-18,2204306.761462263,248314.6817918955,435773.38992263196,234724.91589134664,1045671.1142255164
2021-10-19,2212778.3135824716,250102.01596872337,439164.165439912,235645.16084237403,1053575.6630393146
2021-10-20,2211334.794299177,251018.8695647683,440869.7376274214,236054.64193654666,1052192.4640966805
2021-10-21,2226378.018717817,250900.56772387103,441950.2181583398,236749.12220924,1058609.5480635783
2021-10-22,2235264.8939238107,251041.04351872066,441504.60530657024,236636.6772470109,1049706.3125842193
2021-10-25,2241592.556330732,251863.8115657638,443793.04021546646,237653.1581562151,1060444.5319598247
2021-10-26,2233978.7369185006,251745.4094979917,444216.4903850187,237688.72525974497,1063774.9638018887
2021-10-27,2222647.27592378,250262.58777330842,442287.21308301244,236898.90613854473,1066235.824932243
2021-10-28,2260006.8360725953,252520.39272756266,446610.4054079458,239247.89968270814,1078067.9048798173
2021-10-29,2269027.0119530275,251931.53948407923,447404.6445550117,240079.22691790905,1083362.3009362712
2021-11-01,2212609.717308263,253483.5944010206,448347.42754431884,239126.5848273013,1087056.8651709047
2021-11-02,2234512.2208670476,253529.9470059374,450084.80418223183,241068.33415010013,1091593.8049734563
2021-11-03,2214614.7907725344,255223.1188258225,452797.1160338493,241625.76934563564,1103172.817452263
2021-11-04,2242727.1046806523,255645.95686850094,454916.10565645713,240939.57983228774,1117304.5542038565
2021-11-05,2235017.6233114637,256468.63222312284,456462.7437891532,241163.90660699745,1118361.7696427207
2021-11-08,2263413.2897992767,257009.02564730312,457013.162359786,242254.3936545552,1116837.7236708212
2021-11-09,2263909.2492816527,256302.4918753244,455412.5364945416,241886.47164835667,1109141.6769243197
2021-11-10,2198589.254369485,253831.56534056645,451745.3016815299,239194.35735855717,1092832.252102442
2021-11-11,2222607.412065869,254630.76804043588,451893.0660288923,239881.24755350713,1095853.6712062357
2021-11-12,2242585.334523793,256323.92363753787,455251.8817255643,242452.09139138286,1107375.6946636732
2021-11-15,2226201.235331971,256182.0057997418,455463.3427893369,241969.56879378983,1107114.3437476526
2021-11-16,2256840.170413867,256628.3001172532,457200.69026662415,242756.4523184147,1114989.3902699335
2021-11-17,2244112.772379801,255686.56249416684,456098.0236897509,241463.34112398018,1115569.4624511136
2021-11-18,2257987.518715431,255779.94270655932,457676.44244483975,241635.8806493807,1127118.8979202544
2021-11-19,2231842.7091987417,254626.5247702696,456817.6130853426,240853.44765824178,1133394.556717308
2021-11-22,2167693.988261801,253167.21746564985,455609.0019337228,241248.07739182658,1120227.9870357357
2021-11-23,2157255.792138131,253119.45964018855,456201.90456590784,241701.8779357731,1115113.3664369448
2021-11-24,2183834.902333315,253259.90048154476,457324.61856145965,241870.63507849743,1118695.2682413978
2021-11-25,2183834.9194866973,253259.90048154476,457324.61856145965,241870.63507849743,1118695.2682413978
2021-11-26,2140869.146706494,246883.8579410171,447373.3495046668,236480.74956419,1097477.956728185
2021-11-29,2194698.017365203,249070.9788859337,452777.3649677655,239754.5976253422,1121286.402623773
2021-11-30,2108081.2128593083,245329.77863297655,444108.3697736568,233062.0030956097,1104810.436537614
2021-12-01,2032161.7095949086,242741.34358829612,439000.0785841821,229870.53244779594,1086006.179244508
2021-12-02,2080431.1928251472,246481.1768680481,445696.8797049367,234942.95517993838,1093824.3993892502
2021-12-03,2023098.0375690977,244198.60243707063,441754.2339280549,232865.4395248435,1074796.2760392674
2021-12-06,2014285.3297261137,246879.7437851225,447030.99655036,234677.4190642589,1083399.3793006393
2021-12-07,2127327.975336387,251983.9276751754,456218.12348812283,240112.41443551183,1116015.564928871
2021-12-08,2144876.7183612525,252924.19630361197,457499.8852019128,240366.34735108877,1120999.689359752
2021-12-09,2089790.2257152658,250665.136177573,454383.82112619723,238810.60122036622,1104496.620819783
2021-12-10,2133184.634223567,251934.8145228102,458717.46704782476,240356.03733793015,1116493.9585245452
2021-12-13,2103023.566604243,249393.4716109914,454647.60732506483,237386.6856128438,1100355.6120742802
2021-12-14,2037198.3151889902,247840.09438744152,451552.8025477413,235712.61394816052,1088958.2629200167
2021-12-15,2094514.9879680735,250968.2137944321,458609.77811495523,238349.71975149392,1113774.325230917
2021-12-16,2050366.5447803717,249555.97880161475,454465.85331898753,237719.21059584152,1085125.889859676
2021-12-17,2049446.5931621771,247273.47898449562,449749.7501060062,233798.87416078182,1079703.9482520397
2021-12-20,2001625.807321189,245009.2789878024,444885.1530001732,229577.87242053135,1069222.1144927167
2021-12-21,2098753.4574733954,249156.32820425075,452779.5365338175,234192.88333621898,1093142.386562062
2021-12-22,2141324.2607990485,251454.6433490191,457352.3700125076,236112.1959372876,1106446.0088281252
2021-12-23,2146711.1880413275,253065.6316979038,460170.3679700523,237938.77801318557,1114778.900435208
2021-12-27,2212301.0842090826,255743.14489380346,466732.04061787314,240336.29834284008,1133193.4980798499
2021-12-28,2195648.150424598,255458.00923058914,466380.53476447123,239641.50154870347,1127932.5738455057
2021-12-29,2191107.771525977,255552.13426436356,466943.6514456877,240422.41183097946,1127755.1698681272
2021-12-30,2179343.1201893073,255338.13136787992,465624.20672103856,239749.90731453284,1124376.2305747897
2021-12-31,2167914.4705336485,254650.0583984763,464347.4270828258,239236.8047290743,1117346.4275298824
2022-01-03,2116771.974239658,256118.82956582986,467197.228651252,239224.21624581082,1128093.4082080326
2022-01-04,2082336.9426376398,256212.89240227788,467005.2996975716,242956.4974443425,1113452.9139689761
2022-01-05,1985000.0945348146,251851.25577756806,458060.0569956039,237019.0132211104,1079238.5980564575
2022-01-06,2006198.6175723267,251613.58259329363,457442.6637495041,237896.36019232246,1078472.0334674208
2022-01-07,1967122.2587512603,251257.3550202527,455857.33943164675,237509.32953785948,1066780.6501713765
2022-01-10,1972484.903453178,250427.18468027737,455261.26379699697,236681.12387632686,1067474.4057754346
2022-01-11,1996123.0352769154,253317.9117526798,459249.11342190986,238674.39209172665,1083500.9749679684
2022-01-12,1998212.0092410878,254715.50940072243,460620.51754247595,239926.1370909453,1087789.1552849372
2022-01-13,1916930.6546074757,251562.68249421078,454270.569580765,237173.6953246519,1060569.035795747
2022-01-14,1923567.863168376,251538.30066439096,454408.28923906514,236449.32988796153,1067159.7623941267
2022-01-17,1923567.864812705,251538.30066439096,454408.28923906514,236449.32988796153,1067159.7623941267
2022-01-18,1889107.4784656733,247224.17961061522,446441.6598454639,230426.91576946236,1040586.0527053074
2022-01-19,1877733.1124522944,245825.20728665666,441750.9071984754,227192.6112619221,1029148.8861988885
2022-01-20,1852393.2863788302,243810.03165588036,436889.9703725932,224054.6547792058,1015774.049016034
2022-01-21,1795020.493012614,239661.90627170898,428306.6534591065,219926.96075740256,987600.9333150163
2022-01-24,1838710.2998203826,239353.14669279061,430092.86179147207,220678.23914087217,992114.0033038973
2022-01-25,1784761.2320134693,236982.4484159455,424870.32265721186,218155.93851782687,969108.0948838943
2022-01-26,1784696.4594908615,235915.3581733235,423912.6239959724,217042.3683214546,967584.3851673001
2022-01-27,1768896.5363983721,234137.24205878787,421763.844073796,216307.03851833267,957832.8625008536
2022-01-28,1826040.1740587854,237999.57441505228,432100.93144834903,219812.91647091205,987870.4928829807
2022-01-31,1890635.3202946722,242975.792040033,440002.4806891372,223982.35484760802,1019452.3453671323
2022-02-01,1912946.7811134178,244894.79612163742,442873.55651471764,226750.34472944922,1026379.7534565291
2022-02-02,1947458.5615199052,246339.74725055665,447095.20573927107,231331.2205973412,1034710.8765918631
2022-02-03,1900300.3513750443,241575.50479605192,436703.9889706915,225932.0405086172,992753.0543971466
2022-02-04,1932223.2798761735,242641.30446156434,438756.06247307785,226753.7129726243,1005268.3261190588
2022-02-07,1929519.6702722916,242356.28661770644,437309.1598877324,225265.82826450688,997173.6378587182
2022-02-08,1948619.750636519,244204.08113265195,440850.23237423203,228063.3514598264,1008368.926499312
2022-02-09,2007394.4277376542,248184.82837665948,447315.9158009513,232202.94375256143,1029728.4832001633
2022-02-10,1983388.817836226,244605.65385803604,439455.9170820698,228750.21868425148,1006415.4758052398
2022-02-11,1921379.7261042008,240362.85292063022,430691.86720452784,223929.55627286065,974483.4948489512
2022-02-14,1910236.927676619,239153.56250295197,429287.53945410205,222137.67123394663,975683.0778980585
2022-02-15,1952423.7774576554,243347.533932515,436178.77160090604,225543.18920394353,999933.6932324016
2022-02-16,1955357.0482057938,244081.5636619535,436699.31029898475,226713.24887315324,999673.4994421154
2022-02-17,1897594.527110518,239364.84281248364,427414.2481267225,219976.21321565507,969932.2979529483
2022-02-18,1863336.8797373185,237681.56187521046,424680.4752391691,218073.23363784133,958862.4165429483
2022-02-21,1863336.8797373185,237681.56187521046,424680.4752391691,218073.23363784133,958862.4165429483
2022-02-22,1842161.720771254,234860.7880155813,420032.3640940302,215421.46482734935,949224.575602595
2022-02-23,1795117.6346430192,231589.7862326716,412470.159364788,211342.4883049426,924903.1894539051
2022-02-24,1893133.6340135941,232560.7903852462,418808.2691814356,214959.1936998572,955975.815016829
2022-02-25,1916259.6922907243,237702.62240538176,427954.071068849,220358.92137942254,970791.9961945474
2022-02-28,1955672.679752382,236232.69817940795,426879.38163907663,219390.09726199592,973676.2021848354
2022-03-01,1964086.11757196,232298.14243382536,420476.4957166998,214543.8859493622,958760.3035472122
2022-03-02,1991933.708498865,235757.44775688404,428197.1190522999,219309.60623736068,974839.863752308
2022-03-03,1994509.483891905,233292.18674170866,426048.39540798805,218270.43258462506,960907.2513342149
2022-03-04,2025467.4892439253,229879.0287471477,422601.9620834127,214336.17434192626,946974.4196511722
2022-03-07,2014741.403588713,222555.75422095414,410126.48631813505,205494.2018919813,912042.7131331674
2022-03-08,1989923.5680632002,222318.16963327094,407031.28713600576,205607.87760931716,907796.4099039208
2022-03-09,1963614.8342527754,229024.01273049143,417878.52196193294,213105.42894957634,940466.9031621804
2022-03-10,2003465.0983900435,227246.03917050015,416016.8845059209,212511.09565868304,930016.3730554539
2022-03-11,1968011.13691696,224354.29492600515,410709.44963270763,209992.96467815983,910722.4234185433
2022-03-14,1935379.5784025555,222955.52983501367,407709.9282391405,208042.0027154132,893225.7877531728
2022-03-15,1931856.1387503035,226485.79635834554,416653.52541808906,211565.7854040417,921235.3292913393
2022-03-16,1937203.730264891,233665.4993051925,425969.27217532095,217888.12287549928,955392.5522542292
2022-03-17,1998089.6384489425,236105.6681835003,431179.9122764473,220581.49411284097,966950.449777543
2022-03-18,1996777.9365560897,238616.94349070534,435943.9152274997,223500.96429369724,986733.8917831776
2022-03-21,2045924.6112806685,238015.14261284357,435964.6739821692,224933.70344944272,983982.617402279
2022-03-22,2051547.9625303634,240722.9164441495,441026.40901285893,226555.83319073974,1003312.1745363073
2022-03-23,2069487.5527517684,237776.28803801027,435346.8262506314,224403.46583179562,988885.7098687071
2022-03-24,2089750.6015875228,240460.24884417222,441817.0251915302,227860.88992747947,1010856.8524113846
2022-03-25,2124368.8926603682,241005.9994503794,444057.39416228834,229653.86084547383,1010005.6483435254
2022-03-28,2110021.721811522,241789.31702824848,447119.3144949275,229474.16193360757,1025624.4154876807
2022-03-29,2096163.924417723,245708.60886540683,452774.32115724793,230995.9648642621,1043266.2741839822
2022-03-30,2107104.3153949417,244353.77108820085,449956.6721417021,229932.1008249117,1031734.9044530226
2022-03-31,2082475.4900317825,240670.67930692824,443041.57109541696,227159.35454028178,1018939.1175370312
2022-04-01,2102279.9143672623,242214.26792705146,444268.148646621,227444.05497950665,1016991.57006136
2022-04-04,2106545.5221629776,244185.42455540044,448034.38603718975,227624.74304113048,1037921.3206853181
2022-04-05,2084588.5190425552,240668.67399675457,442495.77115513774,225505.8907644467,1014867.8110603237
2022-04-06,2101545.837543074,237983.51077121924,438013.53186101915,225727.4393213781,992826.3329188091
2022-04-07,2142563.858676497,238529.23483117996,440221.84419639956,227249.17124977693,995179.0172774714
2022-04-08,2191213.7114673294,237958.45020711748,439154.2696963298,227886.82231140195,981259.8590973543
2022-04-11,2119231.3767772354,234631.78301924895,431545.6329416021,223345.92459403884,958038.821103001
2022-04-12,2152547.9632335342,233657.10235264257,429965.8246520389,222973.15424004113,953984.1554917467
2022-04-13,2180127.6428317702,236531.0752137311,434820.4407944251,224903.49967597547,973367.7603245412
2022-04-14,2168510.2183437026,234273.45624479942,429537.9413191086,222907.3306641892,951102.7785938253
2022-04-18,2178189.901288954,233607.65914776977,429612.1251584618,222932.00848623007,951825.7833545039
2022-04-19,2187155.301969496,236267.8060714069,436472.8008938769,225270.90099445963,973091.6193076164
2022-04-20,2215449.7981204665,236457.1144062763,436141.46452391177,226309.70122326785,958892.1811926136
2022-04-21,2149462.615962193,232845.520624062,429674.6299479604,222374.5115715983,939044.9429627872
2022-04-22,2079197.7010125252,227570.96095285524,417947.2412591115,215237.39026576377,914448.5634532446
2022-04-25,2065119.9017840384,227831.62432783327,420230.20867961465,215793.3037803333,926187.624954558
2022-04-26,2064704.0271712781,221606.88065367402,408214.80566434504,212289.1646556293,891222.8167865421
2022-04-27,2073392.966007237,222437.72156921268,409270.6299238154,211333.29073933998,890147.7534930148
2022-04-28,2087418.6253438974,227045.78697050814,419524.5596522044,215678.02257682884,921753.9194711945
2022-04-29,2074361.1695889016,221177.41970597403,404115.9174736729,207764.8471705766,880270.4989727604
2022-05-02,2074536.6024165705,221889.5272139061,406654.9379402884,208539.88241936913,894959.8716915946
2022-05-03,2088268.6612099456,223076.65872084902,408415.1123913059,210139.61593469884,895908.1189831069
2022-05-04,2100007.7690605405,228421.12647547526,420802.9828392573,216378.6759476721,926192.783650989
2022-05-05,2088880.9467746038,220628.58659102066,406023.8972082189,210322.8321419655,879539.8984075628
2022-05-06,2089811.9940661604,218442.4365158717,403473.1995181702,210499.86764595672,868995.7057882715
2022-05-09,2059505.3001687366,211196.36033013742,390454.81985406356,203177.56872129257,834988.8158645334
2022-05-10,2065033.7735152305,211932.24068195216,391457.409998755,203298.89600069102,845125.963699298
2022-05-11,2068172.1237966286,209223.5200155993,385150.813983341,202387.67735518218,820055.4342796442
2022-05-12,2066141.9496938437,208914.13920959888,384851.61584710254,201402.19362267575,818109.8961910312
2022-05-13,2080732.910933227,214686.06593964287,393931.62152522104,206099.5496034814,848421.4912290408
2022-05-16,2091872.4081375743,213996.56394159413,392522.63393526815,206265.5051375773,838580.4888464775
2022-05-17,2101272.7933531078,218414.43302964934,400375.3762142268,209384.25821743943,860293.3567919438
2022-05-18,2075345.6948710734,211144.78073172778,384518.9744330875,200877.43478610367,818056.194577098
2022-05-19,2072140.442968174,211690.51556690547,381946.9492383926,199999.69293938752,813666.3040279046
2022-05-20,2064414.6669020238,212283.81959975438,382042.53340733476,199612.21885193037,811131.3487079762
2022-05-23,2075817.768223813,215608.92885082783,389287.1554400001,203867.4204885629,824611.2706423599
2022-05-24,2076076.699056174,213779.25015867167,386480.46881087,202896.8322790973,807072.4311272342
2022-05-25,2085195.0830953785,215298.91944259044,389702.3493068227,204919.82238338166,818360.8057570668
2022-05-26,2088185.630307078,218932.78374728313,397448.50854524405,208766.43059298012,841027.7605913094
2022-05-27,2096991.3171593046,223350.56070033813,407414.04659864184,213199.79258749163,868471.0391716409
2022-05-30,2097216.9891081285,223350.56070033813,407414.04659864184,213199.79258749163,868471.0391716409
2022-05-31,2092412.5648216663,222257.27957652236,405151.4064937675,210970.04693633155,866160.2440015465
2022-06-01,2085639.1713972033,220593.82081787143,401757.8339459301,210337.4872407657,859747.4408300153
2022-06-02,2094030.8454554593,225059.08798381485,409386.4546298911,213047.41636960162,883284.5595328021
2022-06-03,2092550.8441522655,221447.7477075918,402759.87748741976,211244.86055862976,860295.6721242779
2022-06-06,2092271.5181545715,222302.30228126695,403858.3653958474,211815.5584179619,863154.7234032915
2022-06-07,2093021.800542048,223940.7521148963,407805.9078794003,214232.05593727072,870592.5674520965
2022-06-08,2084420.4283341852,221730.97071847197,403345.2848008279,212522.40868070038,864320.9995204576
2022-06-09,2071065.664990141,216718.17777834024,393859.07514997345,207990.15331110405,841164.3374292374
2022-06-10,2062763.6273192603,211040.37598982616,382302.9327691632,202640.96919780594,811490.5034842942
2022-06-13,2044314.3821276724,203177.20043900708,367567.1450367941,195472.02512578215,773754.3209186798
2022-06-14,2052861.7196744918,202535.23998224703,366649.06280967337,193985.3288161285,775152.840239403
2022-06-15,2057933.5462386769,205741.49129534225,371898.2049759742,195699.90865406697,794503.0809319257
2022-06-16,2049232.005209406,199279.85878428604,359680.6454771463,189934.9408061323,762442.6397687753
2022-06-17,2038392.4835352201,199493.14178694793,360619.1348516839,187779.8604409059,771706.8778224952
2022-06-20,2038618.627766255,199493.14178694793,360619.1348516839,187779.8604409059,771706.8778224952
2022-06-21,2056182.2195768526,203674.4822171045,369453.5492688339,194050.142237762,791169.7900789699
2022-06-22,2049176.4379039295,202525.54995210667,368674.1972423374,193564.02652878908,790009.6724799838
2022-06-23,2032952.808566269,203745.09023876378,372546.865862833,193264.41819082721,801768.3446035999
2022-06-24,2043597.3056515455,209869.05288976547,384144.6625536541,198710.14387914145,829232.5704694685
2022-06-27,2052782.537223417,209342.12735687033,382703.83685084194,199156.6550965116,823146.5864818456
2022-06-28,2051009.139433158,206375.07883985378,374434.11616318,196879.695751491,798062.4404646052
2022-06-29,2047685.360374335,205752.41570215038,374617.9928760325,195770.5482854591,798787.7782307157
2022-06-30,2046046.9457656988,204196.8410561068,371660.6421705086,193669.03553514855,788874.2485010286
2022-07-01,2051017.9566983473,205464.2410979082,375474.225957619,195421.2990774771,794074.8917455811
2022-07-04,2051239.9138147726,205464.2410979082,375474.225957619,195421.2990774771,794074.8917455811
2022-07-05,2030597.0600509788,204387.10687332053,376138.0016210554,194188.96946915018,807662.3209901224
2022-07-06,2031528.8806792437,204506.14169509802,377498.1361887948,194486.31533905325,812834.3924392491
2022-07-07,2048137.566896834,207759.1590389877,383036.6330241792,197768.0005260224,830221.3678692239
2022-07-08,2051953.0469615636,207686.78536412618,382811.20704292355,197916.10230070332,831255.8627100192
2022-07-11,2048324.790604636,204600.1268409349,378482.53127170797,195904.15297158255,813490.7841187317
2022-07-12,2039955.2497273602,203427.32114895558,374989.3629494837,194033.972989908,805603.8482365991
2022-07-13,2042338.7885425997,202709.07224623355,373242.61164611176,192466.0813613417,803937.1642569902
2022-07-14,2032119.8425065049,201153.54492856993,372256.5660430549,191308.48068321162,806801.2640046199
2022-07-15,2035007.3935306103,204526.1372683427,379294.9475813071,195298.8862990198,821429.1235916208
2022-07-18,2039101.0856854168,204166.6907385886,376155.3513042512,194055.4975784238,814471.5521765575
2022-07-19,2052732.421718337,209381.32909741247,386364.88699353946,199690.95575332057,839511.8413791789
2022-07-20,2053142.367477217,210074.47007467295,388839.28124167235,199779.2795517449,852816.2815710963
2022-07-21,2047328.411778196,212298.71711949538,392770.5796003475,200453.29184501708,865051.2516362756
2022-07-22,2044076.925578527,210479.98150635365,389191.9101928106,198310.8965755541,849876.1672994257
2022-07-25,2062214.71612239,211268.8593637723,389577.1047343092,200286.75285733427,845029.056684539
2022-07-26,2058995.9410377245,208708.5788382049,384905.578779897,198659.13502787246,828418.9591344097
2022-07-27,2069022.2072589581,213755.61793886987,394986.44422435714,203682.59059013877,863419.865403358
2022-07-28,2091253.7125484617,215836.2361277736,399978.37090124,206035.17710432402,871855.2470465242
2022-07-29,2109825.961625851,218443.1913070806,405838.1500641026,208958.40162676273,887747.5823695261
2022-08-01,2102497.469882484,217916.2968070063,404616.3898205491,207528.53280998854,887206.1132106622
2022-08-02,2089141.6799966742,216217.19686391094,402001.8046401319,206445.5414848095,884553.6383509762
2022-08-03,2064349.5005967526,218776.2869718571,408279.35297031875,208048.28121303607,908634.5524528001
2022-08-04,2064209.950557844,219134.5251231076,407957.4192983466,206099.92596786554,912876.494072489
2022-08-05,2110950.44388523,218631.48639475138,407110.6265096182,207068.48646847802,905412.0175195982
2022-08-08,2126622.8356585638,218941.8810697504,406745.867696604,206694.2599771976,902478.5094335272
2022-08-09,2156251.4216771033,217769.12042330237,405138.46231168,207006.37145923355,892256.79839698
2022-08-10,2166270.0529120723,222576.7662893056,413622.8846870911,210533.76204779616,917152.6737848942
2022-08-11,2166256.6819739663,222719.6725702213,413622.3923097089,211763.37315868822,911939.5600198816
2022-08-12,2197526.3515621945,225733.17782039684,420703.28032623074,215122.85608112544,929687.8618403416
2022-08-15,2221519.7195162117,225780.43161716603,422502.58772359777,215397.5549753637,937193.3237032717
2022-08-16,2220709.9226785605,226042.92064136622,423241.3865863753,215899.83860062857,934991.0945272145
2022-08-17,2209213.469406879,224248.18787358978,420348.29997537204,214622.89322442436,924319.3589497631
2022-08-18,2216396.264480691,224271.49534429857,421644.05677233834,215971.82797216572,926534.8488725818
2022-08-19,2237838.208586996,221137.19865497065,415826.30022172077,213919.14060101192,908463.3754779326
2022-08-22,2215145.5810727812,217046.06873603736,407062.3996947716,210262.58853466803,884539.8324166519
2022-08-23,2205986.21294696,216949.7455540149,406097.7600513628,210634.33645297686,883801.273710188
2022-08-24,2221806.6128078597,217666.7868807947,407329.3222051817,211304.45979777494,886354.7129133691
2022-08-25,2237138.807823755,220823.79080738136,413263.92397277773,213966.23768081714,902019.5520760439
2022-08-26,2187528.690866503,214268.81750922938,399100.59768594144,207859.38862609796,865041.7064033444
2022-08-29,2200584.312778363,213096.11542640135,396464.6995266807,207350.8998227112,856509.7025682981
2022-08-30,2180805.7539218543,210942.635643888,392157.5716402996,204772.4169337198,846964.8594341213
2022-08-31,2178620.3665310126,209578.53152836338,389071.73374994553,202757.18655413072,842034.2558439901
2022-09-01,2172249.8060775334,208812.5175712164,390271.1011045355,202420.33302063082,842393.4102740654
2022-09-02,2156031.85040814,207041.76274782536,386178.335176486,200927.2165163411,830485.9415280727
2022-09-05,2156031.9432980106,207041.76274782536,386178.335176486,200927.2165163411,830485.9415280727
2022-09-06,2159159.4738653423,206036.54419415107,384881.60221511335,200142.84430526895,824514.4890418104
2022-09-07,2199616.3424359118,209026.0240287643,391780.35237301415,202789.66599026736,841163.6042881068
2022-09-08,2221258.505484025,210006.21135875696,394340.3240025231,204343.7142889401,845517.535990201
2022-09-09,2230755.046843111,214000.31847182923,400424.8312016234,207329.90345288222,863994.9808613324
2022-09-12,2236754.962390822,216535.29354019463,404827.3454192514,208939.76084004907,874257.0273059714
2022-09-13,2174644.3083662805,208042.98171735628,387171.81818079157,201143.86083245926,826310.5913843492
2022-09-14,2200247.845080616,208903.53516656728,388617.6159709026,201672.24746153806,832859.1214764379
2022-09-15,2179363.0357868504,206774.1013596382,384278.4516781781,200458.98155511223,818982.7532373216
2022-09-16,2171563.313323426,205051.27413573157,381256.93696921464,199208.395151905,813968.60766694
2022-09-19,2208738.6373270326,206307.61383405695,384181.12680934323,199458.3688850029,820300.4821973044
2022-09-20,2184391.3504871856,203615.3736305841,379852.63784649485,198201.3771275311,813755.5436848962
2022-09-21,2178615.8460364416,200394.3839872789,373167.32644211827,195767.32724013354,799178.696035765
2022-09-22,2174792.1566208303,198831.66493874666,370017.223977413,195541.2482661889,789336.5829564509
2022-09-23,2161594.721076726,194289.00042482218,363867.6063148095,190108.31147276884,776479.1610551513
2022-09-26,2156017.2755235713,191957.27342829423,360342.67765902187,187516.8632598118,773260.2348407637
2022-09-27,2161544.195378294,191307.8848383763,359324.5374008682,188036.819128928,773563.9355321063
2022-09-28,2174938.713601768,195296.72272212835,366381.62823982176,193115.02184424075,788945.125179313
2022-09-29,2166033.160494499,191619.21479231128,358741.56074751203,190973.43103461975,766196.3448884545
2022-09-30,2162977.700709285,189599.9523561909,353275.0195564679,188591.9911175972,753198.6007983871
2022-10-03,2179329.537204073,194285.7628437989,362614.2870285886,194344.81299789148,770862.1234059101
2022-10-04,2193096.272379528,200870.03274267665,373621.19210355665,199018.00191932282,795091.600949808
2022-10-05,2191043.7931004902,199908.20157050097,372975.18674903706,199987.64432787584,794662.5174773798
2022-10-06,2189326.319914982,197672.63783081586,369047.4545277729,199465.43355182165,788400.2518334616
2022-10-07,2183948.654455968,192889.73631986367,358685.2422694024,196263.10635841597,758353.983252926
2022-10-10,2183958.3444263255,191255.01011193034,356005.58579656295,195058.71688075605,750767.5169239065
2022-10-11,2180502.483958656,189572.25949191957,353659.4726044022,194926.3601321564,740447.6572177863
2022-10-12,2176520.4407489495,189091.08326470896,352561.5151882187,194456.66987724803,740188.3555701395
2022-10-13,2189997.368286498,193151.924404067,361793.1134268675,200359.10203873942,757540.8756962856
2022-10-14,2174760.397839986,189114.11864338542,353647.4515282252,196006.17931160942,734766.2258622522
2022-10-17,2185203.9425575202,194088.09685091226,362631.4866986401,198729.95815509604,759022.3627619578
2022-10-18,2194779.1030910257,195961.98398495375,366902.70262303617,200955.2500779343,765018.3076260446
2022-10-19,2192844.787129781,193894.74969111412,364362.9826860366,201152.71900580276,762222.2938395499
2022-10-20,2190945.8495104336,192981.0788583968,361371.32694745524,200653.0135518485,758327.7899802838
2022-10-21,2204768.135727439,196993.749803345,370054.01593307353,205561.9443445413,776102.2486491808
2022-10-24,2208650.6554064183,197377.65860463065,374561.9483855557,208559.23296614582,784633.8944254527
2022-10-25,2214313.712743915,201005.84019416466,380651.43607723614,208741.65473476736,800857.7771405968
2022-10-26,2218838.7497767457,201053.3732348271,377810.35257356474,210768.11862505303,783156.3345433541
2022-10-27,2227424.9086454865,199923.36398671847,375787.1940418995,210991.77423213937,768892.431459548
2022-10-28,2237385.472392602,203118.92607415878,384555.8779607019,214588.67114128475,792413.9353306604
2022-10-31,2235571.221951267,201676.46482946957,381940.75169914926,214175.10087300636,783194.0680470293
2022-11-01,2244072.357657534,202084.43911388394,380401.6339014446,214248.80969576316,775185.5694823721
2022-11-02,2204161.8553969143,197830.40576167393,370696.03709818976,211215.38249296907,748609.4314008794
2022-11-03,2240245.41098545,196315.95402349686,366746.78147929045,212488.44385550998,733980.0432902372
2022-11-04,2241374.0936141233,200905.27247273526,372115.440608147,214394.874052412,745779.8156046947
2022-11-07,2248377.575722512,202226.38576548366,375687.1378739523,215255.6354722277,753973.2896182856
2022-11-08,2248544.73607191,203667.63792876707,377731.0343133742,216603.5866831004,759461.5220829428
2022-11-09,2200226.823136441,199750.09142157703,370015.9465555304,211134.16053578962,741930.3252860213
2022-11-10,2245033.45987143,210563.26786354827,390265.0795821049,215589.08476339938,796668.1038872299
2022-11-11,2212193.983160425,213638.54664790918,393998.1404886955,214875.69992802278,811340.7313576306
2022-11-14,2233651.098425475,211571.34682714817,390834.45388237736,214574.62187421694,804234.1389062909
2022-11-15,2233423.6992256423,213709.454579605,394061.81855510996,215510.30076667757,815356.8205492182
2022-11-16,2221678.303512344,211906.59910905422,391070.1951186397,214384.66554064714,804221.3737400123
2022-11-17,2237518.606884469,211401.41024527207,389940.05753004574,215357.8086280532,802440.3249332393
2022-11-18,2250579.3474935666,211905.42203397193,391661.08034704573,216480.83610441783,802462.0991209226
2022-11-21,2239374.200571572,210655.31252444268,390283.30854471296,215954.8402545113,794200.9677616635
2022-11-22,2306178.4730871744,213370.10262241302,395479.738876449,219678.7595700757,805632.8506514963
2022-11-23,2284920.7181257014,215003.5157437639,397953.9638430407,219212.76191445257,813711.973562211
2022-11-24,2284920.745829671,215003.5157437639,397953.9638430407,219212.76191445257,813711.973562211
2022-11-25,2292700.5782556636,215243.2030164406,397910.4592024452,219807.2854486665,808352.970835354
2022-11-28,2246690.3847152027,212142.74336407337,391615.7183252476,217148.98001657648,796485.8168255984
2022-11-29,2252234.8482756107,212574.73088472954,390926.551574979,217634.87679109565,790450.8550366956
2022-11-30,2287982.6658991887,218365.2390016716,402955.2253260579,220931.45371766487,826476.3132172357
2022-12-01,2263219.5180086666,218869.27950348935,403008.4994473928,219693.42160852734,827483.8771816281
2022-12-02,2274893.8863567435,218748.51132948618,402426.9674264443,219991.9345982544,824181.2602622611
2022-12-05,2237185.3431192217,214975.27218940202,395260.71584674454,216767.72549848494,810342.7817537828
2022-12-06,2193976.9165707547,212691.91880044024,389547.03938872245,214892.7091415226,793546.2945513458
2022-12-07,2210229.7663068,212330.90946966855,388793.4034410105,214441.77426240675,790300.4810876817
2022-12-08,2208784.2107553966,213940.25619983036,391859.41403375985,214777.7824691448,799646.6875687577
2022-12-09,2169377.5395814935,212834.32909456166,388996.90681596316,211928.40477275423,794541.7399629924
2022-12-12,2206153.9171044705,214804.12060250255,394548.3624363641,215412.2267811685,804507.5304191547
2022-12-13,2198125.954066757,216797.9446109963,397463.576218035,215635.8119086852,813149.2233427771
2022-12-14,2196218.4210982355,215908.2116243447,395063.78610657336,215372.20719739606,807114.4797263645
2022-12-15,2173080.500694024,210573.2367461815,385347.69172441354,212298.11860444763,780009.0779872173
2022-12-16,2158192.8423597366,208602.2911813291,380753.03828510176,210160.87015527123,772566.1944885459
2022-12-19,2152925.0185669926,207338.150934337,377471.0904661423,209669.8623449417,761703.1559709253
2022-12-20,2154855.032131039,207821.7563332544,378045.70102372015,210271.40229964533,761104.369103235
2022-12-21,2187613.066531184,210532.1954252866,383699.26776760083,213284.05751022327,772138.3980561633
2022-12-22,2149837.738764194,207989.96961824107,378304.2258768853,211587.493270855,753242.6509952473
2022-12-23,2168547.300324219,208957.62784872224,380422.72101466026,214038.77562052401,754930.7962792789
2022-12-26,2168547.300324219,208957.62784872224,380422.72101466026,214038.77562052401,754930.7962792789
2022-12-27,2153121.78241803,208932.88612257247,378908.8214892066,215126.2617798048,744251.7464616986
2022-12-28,2121742.677315491,206318.02419957618,374259.70037578035,212035.7777348747,734419.958222678
2022-12-29,2123543.0950788027,209875.79214365003,380896.97250765265,213541.41676375532,752315.2053164837
2022-12-30,2123311.5708179716,208664.8586876181,379847.99906582874,213916.92466883836,751857.2953431092
2023-01-02,2123542.01524458,208664.8586876181,379847.99906582874,213916.92466883836,751857.2953431092
2023-01-03,2112471.74531291,208785.28226479006,378388.0328354354,210487.43229758836,746769.3363580764
2023-01-04,2113670.7244486464,211350.57363997938,381111.90163943433,210147.11079511594,750320.8375794349
2023-01-05,2113397.8568930216,209171.44886639767,376949.3436922657,209919.85032858193,738569.5735182875
2023-01-06,2121549.976745843,213963.6377278166,385521.68918121915,213358.010762943,758948.522229142
2023-01-09,2115617.0278216763,214471.34967054898,385240.0861931913,211198.19171940107,763855.0790138472
2023-01-10,2116742.138872507,215632.62455626868,387985.6215046758,211234.594809233,770314.5200980342
2023-01-11,2117990.996618643,217810.5787522646,392936.3687836236,212740.1668513604,783634.3398925686
2023-01-12,2118524.471826775,219359.1193536313,394406.16025104246,213341.63471233443,787862.9814646987
2023-01-13,2120010.369692764,220496.1511404616,395940.7341836053,213453.3582339551,793277.5043886867
2023-01-16,2120241.1435867576,220496.1511404616,395940.7341836053,213453.3582339551,793277.5043886867
2023-01-17,2117199.520182891,220447.09919774343,395334.94889945094,212924.7240409292,794880.389813652
2023-01-18,2109265.2351007625,218074.35845812803,388912.9349997262,208866.37038200794,784541.045826593
2023-01-19,2106020.7350691343,217105.54017459467,386112.64223405696,209531.91312139627,776827.5245417694
2023-01-20,2111388.5351227387,220469.46223240002,393214.5999076728,211112.7437482579,798079.7503717307
2023-01-23,2112321.8141261106,222550.54188446814,398003.2492797704,211149.1753582011,815802.8588563165
2023-01-24,2114046.675267823,222332.04763104723,397581.16818840976,211494.50158965655,814130.9133826334
2023-01-25,2116121.3921656786,222742.90258684903,397721.23051059875,211749.367224897,812317.4515802169
2023-01-26,2123957.049695598,224630.26343013335,401969.2646710394,214422.60735551652,828148.7290170803
2023-01-27,2114074.873948365,224774.89568843853,403114.68645818206,212085.89782714588,836385.3562970724
2023-01-30,2097144.434416856,222039.10568545904,398076.4919229567,210031.69755430418,819468.8866050827
2023-01-31,2123778.5316686993,224604.2121993719,403729.8944069383,212912.05098376397,831742.2831365557
2023-02-01,2117560.8826533603,227048.26856347674,408150.81117441575,211046.22869260726,849520.6664811072
2023-02-02,2053923.742295615,228887.17305021104,413998.81980227144,207523.03304488497,880002.0260102915
2023-02-03,2063734.4155614376,226345.03466969126,409576.87095932005,206843.80488566743,864355.6935077173
2023-02-06,2078137.7743952582,224311.28855062192,407208.9189082866,206804.8878212264,857037.5125816264
2023-02-07,2096790.0009374288,226706.86128489312,412462.257957526,209365.0474466548,874786.9119416911
2023-02-08,2097555.2698743837,224842.43903005432,407943.02869311644,208196.0881089043,859225.7363255728
2023-02-09,2093556.090304177,223728.4885498081,404450.81694672577,207840.81024380296,851625.5004356948
2023-02-10,2125441.231937352,223316.36892641053,405434.07065103145,211809.61364502928,846029.7394168337
2023-02-13,2139014.8130721045,225784.55352802566,410114.42685801827,212523.97669873148,859572.2857302508
2023-02-14,2117490.021348249,225929.15798415357,409962.6137711523,211694.08322680765,865916.7777851145
2023-02-15,2118901.065725711,226049.5630296795,411335.01266171667,210374.49678201476,872543.4298742026
2023-02-16,2091824.4908974862,223894.7912042607,405615.83946665615,208527.67608997354,856164.6299356341
2023-02-17,2110207.3418083386,223385.86319601734,404566.84320026124,207509.4463951145,850117.2336043416
2023-02-20,2110207.419533252,223385.86319601734,404566.84320026124,207509.4463951145,850117.2336043416
2023-02-21,2085557.2879493332,219609.48186485245,396534.35159950383,206144.7446095564,829984.5670970398
2023-02-22,2070695.0272872974,218882.76380075436,396036.6030080777,205209.4030814763,830598.9165746652
2023-02-23,2078856.645329128,220043.94936758926,398025.2700172024,206187.51350641967,837846.6051606707
2023-02-24,2061259.446320463,217187.3182502112,393765.563630427,205237.08878177725,823811.3569280406
2023-02-27,2066017.290482831,218396.87858859298,395127.17883911595,205394.04845777425,829704.2780099974
2023-02-28,2036582.7686772463,217452.31033672977,393634.92049993726,203170.6726500421,828625.064858762
2023-03-01,2087833.4253038482,217887.40867768976,392196.58861356333,203809.76500813782,821957.2229637582
2023-03-02,2122166.236855962,219024.32367989726,395125.7677647414,205239.7568071831,828753.0756820095
2023-03-03,2166053.742911072,222170.1293320312,401384.38575952686,206820.41440816422,845879.0504503789
2023-03-06,2155818.092612398,221830.68383943397,401870.35372620483,208024.34089474162,846831.9853711721
2023-03-07,2141106.4105784697,218441.5951692457,395654.00226394174,204934.81936192734,836438.5062417553
2023-03-08,2142308.89406347,219021.89045077295,396269.7152113819,203766.0482496048,840609.4086110088
2023-03-09,2080031.8987449133,215415.0500323933,389015.71403040795,201279.14191464087,826038.8121105214
2023-03-10,2046066.6969080644,212437.50370272598,383437.23452823376,199394.81467756166,814432.0285871669
2023-03-13,2067209.6325239858,211759.2662126163,382788.2221687337,198904.01927710092,820465.7112172565
2023-03-14,2091678.0051852912,214566.1685624208,389143.9943064168,200635.2954362916,839312.4239686348
2023-03-15,2054377.3373462409,211273.96561205428,386743.765750116,197432.84321602518,843708.6662488204
2023-03-16,2088731.0453311652,214782.7915682395,393358.9948257,198749.80778733184,865941.9266638291
2023-03-17,2052088.1432391852,212240.9168435668,389056.135501677,195886.38757125387,861842.6472517248
2023-03-20,2019379.838013813,214534.94584362252,392568.9422621148,199460.23688910546,864894.1681619994
2023-03-21,2043211.6624347419,217350.96674406694,397703.23992684373,202150.705735889,877239.7385732786
2023-03-22,1994853.7113544196,214849.38170963086,391108.72574814083,198699.64964564895,865304.5856272941
2023-03-23,2024493.152741596,215358.69815723243,392037.8331471193,197978.1608527154,875558.4245627067
2023-03-24,2020105.240292713,215892.30739421147,394649.99744291115,199455.48815588217,878773.4714999065
2023-03-27,2011278.671391651,216717.2232722425,395300.8774276442,201736.4673956754,872745.9016466753
2023-03-28,2021245.609357044,216935.18197926023,394605.71991105174,202902.88457468757,868103.4038979295
2023-03-29,2054712.735215351,219605.47552231085,400216.93748106045,204531.76144541762,883924.7918837572
2023-03-30,2092481.7116119147,221304.51302111056,402604.50446137344,205099.17967737128,892284.2764889305
2023-03-31,2116172.4508277653,223634.843147598,408226.55953739246,206727.9942729243,907116.1015048892
2023-04-03,2104502.7805625675,224678.30398514407,409843.3358429845,211503.272925106,904904.29439493
2023-04-04,2076579.4457465888,223730.76175618145,407530.93940265296,208962.1198926102,901844.6434806836
2023-04-05,2027872.178443122,222637.51356186313,406542.6119927786,211614.4706515232,892934.2136983663
2023-04-06,2027355.5454818488,223365.31106606824,408094.3262614752,210930.8925194116,898947.4284142997
2023-04-10,2039692.900908637,223631.7375807801,408538.8716766407,211763.5803396951,898431.5613365544
2023-04-11,2036077.7153426886,224165.28776238443,408592.65232442983,212520.47410517582,892658.6337049374
2023-04-12,2026553.9033271552,223849.0301514205,406964.0549294585,213072.66693029736,884766.3603817729
2023-04-13,2059119.741660285,226786.3342116205,412238.69504732086,214943.96111155662,902084.225512482
2023-04-14,2047909.454096961,226081.59328259385,411391.62181382196,213957.13316477102,900381.4028121432
2023-04-17,2072330.4799339056,226615.13072383165,412791.3101663102,213463.04362730763,901137.2820758134
2023-04-18,2089943.1311675787,227002.9769611375,413073.08144854405,213916.67291723055,901186.6340393985
2023-04-19,2096470.624335456,226468.20385300135,413050.90384366777,213005.65011207634,900755.751932535
2023-04-20,2096261.1480857611,225642.019353551,410716.675069948,212890.67358309607,893880.7514099021
2023-04-21,2110788.0867493628,225714.2559247547,410955.00697982573,212965.20186870027,894806.2528141651
2023-04-24,2105147.289683628,225956.43348021293,411497.21627855714,214404.33668132994,892934.0630671775
2023-04-25,2030652.0397408486,222265.31890945023,404995.1086066979,212697.37099740352,876083.4954260811
2023-04-26,2007670.91749506,221779.05589519534,403192.84133400454,209208.83300060066,881389.4775503417
2023-04-27,2029245.511573124,225468.94593830532,411191.76610875723,211292.34427271428,905347.3961172312
2023-04-28,2022376.749614048,226803.67997702758,414708.02640046796,212693.5730608984,911585.7080124081
2023-05-01,2019486.6504994184,226535.97479946926,414425.44601785386,212919.7001404408,910532.9231044662
2023-05-02,1989889.3710998853,223986.010534926,409779.31239122036,209165.9411314905,902584.7091122958
2023-05-03,1987770.99946561,223208.480668157,406924.1733353633,208027.59552236676,896671.2777941533
2023-05-04,1957614.5955497927,222430.8761152671,403949.7529945063,206169.0667633286,893499.0286653946
2023-05-05,1990709.8201129101,226217.89724470378,411362.59048605745,209579.1456428393,912482.2327741804
2023-05-08,1999151.66309866,226338.59867658818,411589.9892608906,209956.9101007172,914735.5007810558
2023-05-09,1978990.7140908372,225415.38873925913,409809.41896249115,209652.44080805758,908935.3300922752
2023-05-10,1985317.3994085656,225876.04217477274,411599.9039734992,209423.77958601323,918818.5133230516
2023-05-11,1981456.0239274835,225341.27618546263,411024.1092345751,208285.47305226975,921806.6526805192
2023-05-12,2072317.5504168097,224709.4188636603,410470.10506725375,208625.3418588583,918492.984055534
2023-05-15,2058400.191997448,226238.34177523665,411891.44659691857,208775.7212057897,923459.1985754685
2023-05-16,2054386.3629874852,224295.46292061073,409166.7246487086,205893.9481262218,924497.5044868512
2023-05-17,2074167.7456417144,226407.03819245743,414050.45981509436,207560.38587366795,935679.8025657088
2023-05-18,2083513.159750024,227620.33141661354,418098.4849996134,207748.6324871625,953050.4959703828
2023-05-19,2075695.2575913162,227643.97246728544,417435.84161984635,208581.22509722027,950895.3949571106
2023-05-22,2062139.5627157858,228007.55627897303,417663.2650374619,207442.98585037453,954080.8823469094
2023-05-23,2022788.6140584066,225142.06480111912,412995.59442251036,206532.11663945054,941979.712300088
2023-05-24,2009631.8473443314,223126.3232533619,409901.7919819192,205734.96562434366,937140.2827215259
2023-05-25,2079488.9640162806,223805.48492073646,413472.30834146123,203838.7538263554,959935.3954170429
2023-05-26,2082329.2456141727,226524.02076357123,418844.3812485344,203420.62351336458,984453.5198088227
2023-05-29,2082329.3339417512,226524.02076357123,418844.3812485344,203420.62351336458,984453.5198088227
2023-05-30,2081627.578860163,225722.23010744152,418974.1665380127,202130.85164758548,988910.4003527095
2023-05-31,2080368.205806574,224046.3873165968,416694.3423855516,200954.75509770264,983279.8011469597
2023-06-01,2113933.398660839,226837.75742725303,420688.05639872263,202924.3137238837,994630.477459071
2023-06-02,2123499.0635165563,230381.68210333138,426863.34237768897,206599.2941140558,1002081.5428969143
2023-06-05,2118460.542380412,229604.1819471206,426037.9374779447,206901.28134662381,1002780.0081520517
2023-06-06,2119186.8325401577,230963.13980573634,426916.5559665491,206634.740357825,1002602.5845839225
2023-06-07,2079453.7441835387,229967.07198909478,425515.92969614407,207618.85690836867,985585.6925950615
2023-06-08,2076304.5648959235,231374.52651055195,428066.1230750826,208754.5972770178,997811.763650905
2023-06-09,2079085.0202798438,231640.95813092496,428781.943230972,208829.1050563114,1001618.1704130518
2023-06-12,2110244.4684323776,233194.05329107292,432721.3799594952,208373.12471932828,1018534.0653356336
2023-06-13,2121434.252264294,235014.21257369127,435575.38636128354,209698.31803868077,1026352.0820281686
2023-06-14,2128019.499663368,235377.72022651695,435911.34655941353,207415.65051613134,1033802.773524246
2023-06-15,2138217.6517393016,238096.14548350373,441500.46936672623,210226.3739929836,1046112.7482559702
2023-06-16,2127294.6624381365,237415.73114844473,439871.85278176283,209732.46257097868,1039521.5494880674
2023-06-19,2127294.7374483515,237415.73114844473,439871.85278176283,209732.46257097868,1039521.5494880674
2023-06-20,2118312.223800587,235068.83515153258,437841.67358783097,208131.4298674142,1038025.204433037
2023-06-21,2120997.0876699244,234335.01129372325,435442.5122544429,209310.97370684223,1023871.6543171543
2023-06-22,2130677.904251677,234236.58221269463,437026.6750295207,209385.92136254924,1035943.699739838
2023-06-23,2111495.240943919,231669.80797474526,433748.3035358151,208394.3741819641,1025666.0218408561
2023-06-26,2077228.157709877,231522.5078656545,431956.9496149765,209002.52550179613,1011908.6359751789
2023-06-27,2094184.2783631824,233892.4983969835,436742.90235826274,209686.87659161873,1029298.9438466363
2023-06-28,2097532.0681519443,234014.03566986424,436937.6825818477,209419.00235539195,1031299.4320327932
2023-06-29,2114104.4320711293,234453.31257651022,438610.8897885343,211284.0832817601,1029226.1250104179
2023-06-30,2164280.5604994004,237043.21827889472,443807.89096316183,213072.93634092543,1045088.2649914916
2023-07-03,2155906.3304079324,237800.1438774397,444657.28002788214,213147.82864421624,1047541.2132327064
2023-07-04,2155906.4521025484,237800.1438774397,444657.28002788214,213147.82864421624,1047541.2132327064
2023-07-05,2159630.891476043,236455.3438877012,443665.1412638011,212232.49018989212,1047504.3522413935
2023-07-06,2134956.8125985484,233546.47434154252,440047.1036198635,209984.08634599287,1039518.8239489027
2023-07-07,2141716.1285598185,234156.76967480045,439022.32492731506,209259.16062585064,1036059.2073116784
2023-07-10,2161334.1494951528,234889.26587165942,440198.57345987693,210743.32272209946,1036390.7344057485
2023-07-11,2175085.645298008,236917.0247189819,443020.2079368116,212113.155294009,1041502.6037966153
2023-07-12,2213122.9447387857,239677.95426433595,446506.3746874662,211997.65607732593,1054647.9191830335
2023-07-13,2243660.3247205284,242438.8684693647,450145.2230230807,211120.42089813197,1072545.5420842897
2023-07-14,2241472.7136451867,241558.40534685607,449785.1141532063,210490.72841277014,1072310.5960433986
2023-07-17,2259952.522908789,242242.0134755926,451353.5629983535,210889.37880334244,1082315.8689367427
2023-07-18,2286752.0503819734,243707.64881315516,454774.40821370715,211992.6088367872,1091161.1640180761
2023-07-19,2276262.770559677,243926.92742283127,455754.53588141495,212714.91401176786,1090897.7940099721
2023-07-20,2233616.2682497655,242264.42353017686,452779.3423167474,215760.44699302065,1065742.851694452
2023-07-21,2215206.433772015,242361.4839778857,452833.30786393775,216631.27775712713,1062538.006996254
2023-07-24,2200957.2212011945,243240.56620381607,454750.42020816804,217113.65822643327,1064226.5187095627
2023-07-25,2226476.187765394,243973.05426248512,456090.14783569187,217196.1588765454,1071430.885255401
2023-07-26,2196563.468020432,244412.24201350985,456198.54442358244,216593.13017646014,1067858.5129345143
2023-07-27,2205208.9316409947,242798.65558908228,453103.53470551374,215369.3604260067,1065304.2869239263
2023-07-28,2237254.4726814968,245315.0974856185,457515.9000421103,215977.4016958604,1084699.2800895285
2023-07-31,2235956.445737125,245852.02927545522,458397.86613569414,216794.92048706996,1085256.4436146156
2023-08-01,2235842.617882466,244360.61162180468,456980.9059157625,216641.28252027187,1082730.419733227
2023-08-02,2181245.4054955435,240278.90242687165,450649.7683794359,216053.52310158254,1058963.2031682215
2023-08-03,2180883.691212082,239765.07395528932,449374.4411222654,216014.17675252535,1057257.6988172363
2023-08-04,2179486.158780369,239324.51172718557,447173.00034964667,215137.0159782961,1052299.5306756012
2023-08-07,2205555.7647267715,241083.36811812385,451203.88361343794,217115.98363230695,1061200.5498408196
2023-08-08,2171437.9174985564,239592.0041627246,449253.00411813066,220123.15028396147,1052169.7140863084
2023-08-09,2126592.2878339468,238613.8434050845,446266.93946448725,220959.58046055835,1040593.6279412629
2023-08-10,2111525.969250248,238979.71078399103,446527.9288200787,220943.04754929227,1042508.6263975138
2023-08-11,2081699.992060608,238123.77301420053,446113.36383503745,222921.96327539234,1035853.6646387838
2023-08-14,2135927.7395744813,238318.60908428027,448629.8501154903,223887.86002594046,1047469.7227605399
2023-08-15,2120771.2678117594,235507.64975218746,443486.3496761999,221449.37909266385,1036346.4787590001
2023-08-16,2098664.041196578,233723.10135499513,440206.212786191,220762.6385254122,1025364.8847011622
2023-08-17,2058026.1478942228,232182.95237317047,436642.7425945062,220068.26770027427,1014156.8984056342
2023-08-18,2061044.0851695572,232035.70581230198,437045.3946346318,221079.8546818504,1012876.1357963007
2023-08-21,2123088.690245637,233183.5829586167,439932.2631643647,221150.90196954485,1029186.5965988415
2023-08-22,2105319.4315176974,232694.1801315052,438700.47405149037,220079.57005128748,1027707.8891197031
2023-08-23,2145076.8322553937,235357.14446764858,443428.7828132879,220641.77787709373,1043904.517914323
2023-08-24,2114761.5629070317,232424.1339387966,437533.59835065133,219117.3513038324,1021582.866691692
2023-08-25,2105292.9067177,233767.4700446644,440431.4499657911,220464.0545014616,1029493.2318744961
2023-08-28,2131275.2261713794,235697.27469627568,443329.08718249516,221384.19878034305,1037234.0828786012
2023-08-29,2188227.896573247,238873.31681214718,449626.36345265585,222464.3442807993,1059877.9875487546
2023-08-30,2196366.7113803374,239459.20510478818,451499.8088821553,222699.054217935,1065780.0801817214
2023-08-31,2202353.835834972,238847.62273813205,450921.77148842707,221894.29753993457,1068967.1850315244
2023-09-01,2189873.91362918,239677.75165406938,451880.11376334657,223979.6193194256,1067827.6362113284
2023-09-04,2189874.057835223,239677.75165406938,451880.11376334657,223979.6193194256,1067827.6362113284
2023-09-05,2176421.0323767504,238162.02424248907,449907.490399362,223144.40239581297,1069176.4114442766
2023-09-06,2181172.312743746,236792.96130143903,446801.6285762524,222495.80869645003,1059751.1964296037
2023-09-07,2175511.3736737045,235814.88236906333,445471.8399241022,223587.25397700677,1052163.9253853564
2023-09-08,2173194.4048164277,235911.97124844708,446081.48676894227,225303.194620677,1053626.2379866433
2023-09-11,2195079.369108321,237817.2956658532,449011.8705672637,225119.05504776907,1066031.967236014
2023-09-12,2143080.396188059,236814.79608466313,446603.4522237849,227211.90587484985,1054203.336869251
2023-09-13,2134494.0597708547,236545.3154462189,447125.8782873806,226102.57936961323,1058210.3315390344
2023-09-14,2170322.6428996185,238939.37543124473,450993.2641368684,228275.3630449321,1066854.7654861095
2023-09-15,2128057.2050284627,236959.43661490228,445370.6168092215,225304.06755977886,1048579.1581635096
2023-09-18,2134330.0388781396,236679.0383326564,445860.43122074386,225677.64744306213,1049664.0569132373
2023-09-19,2141625.70060547,236236.68619173905,444966.36013991415,225381.7348026878,1047418.7291386459
2023-09-20,2113574.7077629915,234616.51991402963,440803.6693745157,223264.92842035624,1032316.994423743
2023-09-21,2070297.6553268991,230763.41624271174,433579.55332688283,218902.62204220318,1013392.6108288966
2023-09-22,2068275.6346381763,230713.72705590425,432533.06133580115,219819.4314172293,1013526.3636889458
2023-09-25,2074074.14434641,230958.4256644285,434330.3045012368,220430.12974715428,1018332.1278215321
2023-09-26,2046089.9835653368,227718.83937288285,427956.0104762079,218057.14767148925,1003033.1194011807
2023-09-27,2060259.3583154115,227742.71109595298,428053.50688721286,218820.90488849947,1005375.3956784036
2023-09-28,2091073.1739768852,229312.51400909878,430549.930316127,221076.5239143412,1013777.3323692076
2023-09-29,2061618.2666169603,228673.86357953856,429521.361675863,219131.97037261084,1014505.3646959846
2023-10-02,2064073.0102056705,227446.3708501285,429488.1011797583,219123.01418190432,1022963.9865079917
2023-10-03,2007690.0383718638,224353.98124346437,423712.81107960537,215946.73985746628,1005003.7167630388
2023-10-04,2048115.1326249416,225285.80738634724,426829.3168703063,217705.05867965287,1018671.9440927112
2023-10-05,2051531.8902091694,225824.97558041662,426467.8773076179,217627.27499394037,1015662.4880649084
2023-10-06,2089781.1361977912,228327.16223363733,431553.0494005262,221565.91628762393,1032671.6045582675
2023-10-09,2088003.413643483,229013.5975053577,434428.91432277544,222482.63481047354,1037929.9260195642
2023-10-10,2100993.8484159983,231049.5419483938,436670.4385667412,224699.88130717727,1043669.5202639402
2023-10-11,2125735.138082592,232103.97252995984,438518.24422767677,226458.0658860821,1051108.1107273758
2023-10-12,2114780.7472560466,230042.19603094677,435881.9733839758,225423.95377687816,1047447.1198435446
2023-10-13,2083068.6511902648,228520.29486427776,433584.74750494055,222810.1034546871,1034272.8005991967
2023-10-16,2103826.342637324,230850.6920281845,438123.0700909463,225677.57891674398,1045958.3789447098
2023-10-17,2107198.5227919887,230850.05086734562,438133.4417466545,224892.1009211804,1042523.9190852644
2023-10-18,2054995.379726466,227340.61990238453,432270.725664544,221249.35669839656,1028840.4395282762
2023-10-19,2030010.3220635,225377.05559974405,428606.43896980776,219335.53953070394,1019205.8584584724
2023-10-20,1990339.1097213053,222800.07750693307,423268.7639692523,216350.77636681744,1003994.1789301151
2023-10-23,2017435.9868633973,222382.35555678513,422524.55203515786,217841.22347259388,1007015.4754203802
2023-10-24,2034200.0327515577,224074.76725104495,425684.8564822867,219484.64654475913,1016803.2682476415
2023-10-25,1987749.2677410133,221154.3206014754,419679.99164286425,215658.4306752771,991909.151669921
2023-10-26,1968296.3594800818,219288.96972050093,414528.2617477636,213017.99964198124,972989.0171919179
2023-10-27,1967975.7080313258,218331.43301840944,412690.43147989566,211964.89267283384,977652.5944555908
2023-10-30,1998569.3408987154,220907.11608664994,417655.2496335603,214621.9043007423,988657.830829586
2023-10-31,2016038.4345249112,221986.0955951274,420181.1493977624,214735.36128936728,993377.9156201961
2023-11-01,2057775.8196322604,224169.161639668,424806.7750457479,217985.15054140036,1010611.5126538567
2023-11-02,2101133.5665263576,228732.22729255774,432877.53109099244,221961.56864898384,1028948.9183093596
2023-11-03,2130513.838372699,231528.67012403582,436879.8417276168,224331.5669875,1041029.2068642022
2023-11-06,2157561.7160018357,231503.50505743624,437721.5076022586,226051.34119481486,1045267.4421844551
2023-11-07,2173961.125948459,231355.6908691498,438956.80665050424,226279.45775227927,1055139.3852322665
2023-11-08,2202639.8571301145,231207.81826865798,439317.1706839393,227731.50072696985,1055810.6612840048
2023-11-09,2186177.803948357,229735.0180434455,436002.8650238592,226238.52584086417,1047677.1807038983
2023-11-10,2240916.987498466,232433.2532661725,442804.8825840058,230952.95954115823,1071222.4935183562
2023-11-13,2255779.0089691062,232408.12551483422,442355.98074803647,232010.99074901984,1067873.4027255746
2023-11-14,2301334.867202712,237780.714482805,450853.15817409876,235795.9332123552,1090851.780503844
2023-11-15,2267844.717761597,238246.16087568545,451836.8925852318,234723.63105109122,1091663.9722176085
2023-11-16,2282360.0952107003,237803.91514039662,452470.7373177344,234569.27060337501,1092589.640001753
2023-11-17,2293727.858978431,239128.141284026,453137.2938262299,235944.67036218,1092835.5930385708
2023-11-20,2320514.681557775,240697.75117318216,456548.92587271164,238429.18484506183,1106131.608033043
2023-11-21,2306627.6276994073,240059.1939184271,455356.321396411,237471.66134521738,1099696.9403182212
2023-11-22,2295708.523567577,240647.35199395605,457324.3444199365,237470.24789283273,1104189.187036719
2023-11-23,2295708.7113253744,240647.35199395605,457324.3444199365,237470.24789283273,1104189.187036719
2023-11-24,2290225.3571104985,241284.6083038585,457575.33839723177,237224.0735780089,1102623.5003721642
2023-11-27,2284346.6569602457,240817.7417031912,456776.46978393046,236366.01109231936,1101652.3768417735
2023-11-28,2270276.4408917096,241209.62604294202,457224.29541358043,235783.3022127845,1104530.8168816243
2023-11-29,2268892.1046415893,241258.05720187878,456928.4695023542,235303.83109709615,1103446.474962829
2023-11-30,2258148.687569934,241968.86732094394,458699.5786456542,235780.49541588235,1100663.6224677828
2023-12-01,2267788.508234488,244053.6278081911,461389.3430205335,236696.89193339052,1103797.046431658
2023-12-04,2248964.8054124145,242556.35634269365,459070.3969256926,235204.00573451075,1093541.463755348
2023-12-05,2256883.5016925624,242015.91225582862,458927.58755263867,234418.64459536134,1096278.2032877235
2023-12-06,2243826.7746801707,241573.63250917694,457013.23762087396,233480.31151499777,1089929.0781543762
2023-12-07,2269184.140628457,243192.24405433415,460588.89890729653,235161.5868481643,1105148.735747053
2023-12-08,2305929.8742736992,243878.51648688596,462545.96262265526,237557.94188859622,1110065.2238012427
2023-12-11,2308135.1895298474,244785.6067932298,464338.90488918853,239556.55987934372,1119538.6095183983
2023-12-12,2343133.2849786924,245398.27053930526,466646.0126339657,241731.06570448898,1128445.5293148966
2023-12-13,2358476.8506379384,249028.58019061483,472999.4174659099,244754.48537330015,1142786.8922040733
2023-12-14,2350416.4228110616,250966.14783189693,474387.68690020917,245016.89288333087,1141787.2031642583
2023-12-15,2362914.591036328,249812.3143905653,473665.44054326153,245669.34681541263,1147297.4140145923
2023-12-18,2393631.280861334,250803.24127493837,476344.25922922906,247945.20143247006,1154514.4157430746
2023-12-19,2399918.8027973715,252681.8964515904,479241.78861870867,249975.60826623713,1160404.3360748119
2023-12-20,2346097.776794026,249219.22802557188,472324.026314142,246025.32795948832,1143152.1548797677
2023-12-21,2382716.4837912503,252433.18200090298,476924.67265505897,248899.1995511994,1156443.7803412923
2023-12-22,2379820.3429708704,252803.4559990612,478033.17810862174,249357.77504547624,1158164.593823148
2023-12-25,2379820.440682376,252803.4559990612,478033.17810862174,249357.77504547624,1158164.593823148
2023-12-26,2392810.4504105705,254063.86041189192,480020.1759446458,250851.42988324093,1165245.2042264955
2023-12-27,2404905.5748870606,254805.00215850605,480898.1330790476,251616.60990533192,1167608.0095802771
2023-12-28,2405948.4377965303,254977.39235913445,480974.43090474803,251653.4769357362,1167031.07297303
2023-12-29,2401525.775176435,254432.65525476437,479689.0574815495,251099.9952819782,1161971.5267284971
2024-01-01,2401525.8696042905,254432.65525476437,479689.0574815495,251099.9952819782,1161971.5267284971
2024-01-02,2360138.984393392,252280.6150123881,476624.71291182085,248775.33722734588,1142299.7680729365
2024-01-03,2348114.6170870773,250103.8699393456,473088.2284366101,246665.33984182298,1130203.715543196
2024-01-04,2352072.8543781578,249806.4957404182,471594.1479480083,246893.9054458861,1124378.4402063396
2024-01-05,2377751.9824910006,250102.4806574979,472197.58359264635,248502.52885893156,1125702.9488638325
2024-01-08,2447652.759611949,253118.5510316327,478950.49354938837,252196.546505874,1148959.2192936146
2024-01-09,2458707.8141818605,251881.48949922647,477785.91700053285,252417.42627179855,1151219.9529626376
2024-01-10,2492092.076010308,253117.14500157995,480936.965642719,254784.9564585169,1159013.1740486426
2024-01-11,2510543.2460021405,253017.49753328107,480771.69259820733,256201.90465881088,1161415.5018495372
2024-01-12,2513494.14130366,253412.4728161226,480990.69767601875,256219.42698843492,1162001.9880256793
2024-01-15,2513494.235868116,253412.4728161226,480990.69767601875,256219.42698843492,1162001.9880256793
2024-01-16,2524286.7648410792,250963.7759192067,479353.94695791096,255393.81473926693,1161879.3120810776
2024-01-17,2509704.1514174375,248984.91694384825,476684.91220806335,253935.55281231555,1155316.3152273684
2024-01-18,2543216.635617944,251110.75741276087,480923.1069635709,257805.74682420515,1171705.4068831888
2024-01-19,2610139.9086352284,253384.94146878662,486808.39087392826,261637.5332713815,1194931.494233076
2024-01-22,2623643.454211052,253977.63792027018,487916.96453228034,262441.05637278897,1196482.5887034095
2024-01-23,2617944.5322941476,254372.6039414673,489365.8262122367,262209.4769427749,1201437.6671260796
2024-01-24,2645170.7840359462,255039.48130480092,489771.5794848121,264730.17584149685,1208095.0963401056
2024-01-25,2651606.656282457,256151.51491900565,492527.2370574518,266614.5771065877,1209560.7660620217
2024-01-26,2635393.5708857942,256323.8922438266,492230.10341447976,265846.40833395947,1202345.3266432951
2024-01-29,2671872.392393689,258152.9059017105,495809.38168534817,268336.38816615014,1214647.94447444
2024-01-30,2675646.571489738,257558.79858386362,495457.4030794099,268909.7428581331,1206553.1836370835
2024-01-31,2644535.021557426,254417.81567484094,487385.78225541685,265228.2936987528,1182912.686697944
2024-02-01,2702231.4443637235,257384.2415617924,493798.11131452286,270324.79893002694,1196832.0588567697
2024-02-02,2788627.33565143,258347.87909818735,498870.71411721926,277989.46473595826,1217049.0508880871
2024-02-05,2846565.8946621856,257110.86485633606,497047.2800627828,279482.6791166839,1215450.6873131392
2024-02-06,2821137.3285416835,258544.28410305048,498595.0080096245,278676.0771880607,1213001.4144077885
2024-02-07,2877847.6684025964,259854.0407384959,502690.36632918357,282660.7578127929,1225473.64226228
2024-02-08,2887519.8987801434,259952.21876612378,503030.12287632935,283004.0618801123,1227733.390395302
2024-02-09,2923729.6506634015,261385.5392074508,505884.657188202,284612.2552332142,1239807.7887209621
2024-02-12,2918451.59356226,261730.9999218991,505653.38317675714,284457.2191408453,1234947.2757259598
2024-02-13,2905963.6078935913,257601.09463762506,498526.2379283719,281542.4909363933,1215676.5324203616
2024-02-14,2962974.791892057,260468.51910995325,503269.2910083707,286102.039350336,1228913.9519310652
2024-02-15,2962078.4237077604,262693.1474025371,506672.73989489995,288093.4200399484,1232563.5671548187
2024-02-16,2955873.1655117734,262074.25528379064,504080.71342584863,286980.158163142,1221377.5004661127
2024-02-19,2955873.2387701627,262074.25528379064,504080.71342584863,286980.158163142,1221377.5004661127
2024-02-20,2891653.294277912,261356.48851110332,501312.9672839525,283375.56979900744,1212149.0860593747
2024-02-21,2860996.592505604,261429.92590860534,501817.4866229457,282070.68597050733,1207288.7603758497
2024-02-22,3063018.7379442197,265682.01976205653,512358.4092410752,292992.5877201349,1242622.385721625
2024-02-23,3070745.1097874353,265879.03637997323,512588.43434519134,293412.4622455856,1238953.4761969706
2024-02-26,3079878.65047147,265186.0010583057,510710.1737540232,293717.3239531025,1238291.055580859
2024-02-27,3070289.2766223024,265753.9487574442,511653.85318311024,294022.1820209178,1241259.7385697148
2024-02-28,3055177.42010944,264739.4754281828,510862.65634343127,293905.39576250996,1234640.950366139
2024-02-29,2973971.0786507255,265826.6148517511,512750.68763656274,295666.760501549,1245210.9991528704
2024-03-01,3019193.1908414047,268199.5098950546,517691.48102177866,301643.9253326253,1263949.5925217327
2024-03-04,3047275.073464183,267778.4498467503,517075.86546795175,302447.07134011545,1259429.7871780018
2024-03-05,2988046.295221951,265725.5048262016,511892.4020110489,300107.2890190381,1236813.9934715964
2024-03-06,3082765.9652368086,267851.10387004435,514603.95862409787,302865.0098021948,1244575.8488238961
2024-03-07,3118710.591604416,270594.8115480052,519698.4928335925,308267.18605313177,1263455.6947130687
2024-03-08,3035906.9717115494,269308.37540121394,516546.4068451291,302784.75648695877,1245208.2845008525
2024-03-11,2974420.1086608553,268689.5104024227,516117.54945632245,299065.40306716244,1240575.474874839
2024-03-12,3063842.9217958013,271284.81283814297,521640.2019081896,305234.0053548423,1258348.6966873077
2024-03-13,3054277.744765069,270839.03890315274,520848.89885942044,304389.0168842375,1248667.4001142164
2024-03-14,3023526.7655002633,269626.7763638635,519706.32600631675,302164.34908201563,1245509.2694980665
2024-03-15,2988202.122563557,268437.16130372084,516126.0529003892,301204.42044921406,1230694.5930012388
2024-03-18,3024949.8948337594,269429.230435829,519353.7486667652,303379.16065287,1242422.0267922473
2024-03-19,3030356.677449421,270371.6110184448,522262.9109840763,305488.65552290675,1245507.5961466506
2024-03-20,3069962.1777141253,273051.3876316424,526819.2561537055,308787.98604812665,1260264.8723951648
2024-03-21,3106614.562937514,273869.7335326942,528575.5302374187,309976.09104938095,1266218.6310986725
2024-03-22,3115583.214548842,273025.05916104844,527884.188036829,310281.3550412815,1267656.882240012
2024-03-25,3106692.7052180925,272478.30673436477,526517.5912927662,309319.86517189385,1263046.4522924472
2024-03-26,3089152.1153743425,272154.90090436017,525040.8698688928,307667.50380658964,1258947.2727799895
2024-03-27,3057423.9341380754,274189.3390533216,529622.806176895,308241.4395818868,1263225.0673354147
2024-03-28,3062619.9036815325,274287.86269268085,529556.0299480219,307932.50317460485,1260886.3626725466
2024-04-01,3065271.3108775774,273567.3148867199,528861.509613482,307508.4302938606,1263545.851875246
2024-04-02,3048998.57508351,271978.1390981424,525401.8766921035,305740.9795536591,1252631.2875647254
2024-04-03,3066011.0660764053,272672.3149847541,525874.9541329045,307389.66061090335,1255432.7977255194
2024-04-04,2998836.135412343,269866.96984625625,519397.05392905325,303280.7632837038,1236226.9694456472
2024-04-05,3055676.121664174,272075.15669957077,524915.3031778281,308806.11853405286,1250784.2013375205
2024-04-08,3042033.102407582,272670.0429950239,525123.9712542252,307652.85383355827,1251143.6005361727
2024-04-09,2999054.983694203,273091.1901566656,525773.3187282038,306345.9691434587,1255762.0038102495
2024-04-10,3000329.959692128,269963.2744183747,520683.3561142701,304194.68490021105,1244791.627094474
2024-04-11,3045613.583669789,271501.28808281646,524439.1733572473,309604.798205619,1264658.215105813
2024-04-12,2971859.543401845,267107.6122673132,517289.2564342899,304459.76912059344,1244487.6260215624
2024-04-15,2917839.069379933,264600.18357449106,510723.319445787,299852.14944783034,1224005.4026355061
2024-04-16,2926754.1907712296,263085.48887876206,509808.4746934663,299619.98047962645,1224109.1734056806
2024-04-17,2880797.418073781,262092.02112748945,506734.47165010736,295971.9663316333,1209164.2103694137
2024-04-18,2878322.647771962,261694.2073636246,505577.25325650896,294204.65087313025,1202254.771678382
2024-04-19,2773794.040334828,260477.3765019278,501346.6487757577,287140.8158497902,1177372.1957458826
2024-04-22,2812731.7101498917,262908.83459973434,505697.2395582695,290478.25944083225,1189203.0549532243
2024-04-23,2877323.559820302,265911.1124384746,512074.61218039587,295158.9559965007,1206939.44240498
2024-04-24,2857247.1525822952,265835.9235904983,511699.5073893834,294466.33898152027,1211018.5456290706
2024-04-25,2869115.081983693,264991.34518761694,509583.872432398,292123.35676166066,1205160.1391960918
2024-04-26,2914492.3598004654,267373.18310020585,514683.42132386315,295767.81583757227,1223747.6740406135
2024-04-29,2918933.8209363297,268538.86480978865,516478.4152973572,295650.8694534315,1228706.5616607459
2024-04-30,2822077.6789898006,264443.16126856045,508315.289068386,291120.3245272223,1205528.6990508265
2024-05-01,2804118.6397289364,263946.07205848355,506662.36464415037,289852.0375514365,1196802.779118801
2024-05-02,2820235.692631158,267171.67526800465,511387.4347689434,293150.8717117748,1212068.0858827964
2024-05-03,2860708.4931682046,270024.97683376103,517731.78899660666,298675.7780396371,1236418.459140417
2024-05-06,2925571.7559703286,272431.49174118607,522952.4457347419,303778.38189958566,1249951.1343632399
2024-05-07,2908505.5642894204,272505.22298822005,523700.84017251176,304121.9407314634,1250139.9207816029
2024-05-08,2925551.7248729165,272330.7601649408,523722.3452773751,304081.7269249914,1249391.9149366356
2024-05-09,2961735.102955192,274017.59754992946,526728.846823825,304885.8826353066,1252107.6370003873
2024-05-10,2975290.238712638,274463.52337367256,527378.1054391182,305306.145805269,1255050.2532498918
2024-05-13,2953984.9263194497,274413.142484922,527410.6011600534,304536.83495358896,1257935.9134445738
2024-05-14,2984782.190037101,276099.9402854221,529910.4850135373,306338.7599022379,1266017.3289721494
2024-05-15,3051086.401796132,279300.6001871408,536364.7418038032,312131.8742285886,1285794.9072324752
2024-05-16,2994377.0019548233,278406.40137402806,535339.732681206,310326.300244682,1283172.725970187
2024-05-17,2986261.5653856094,279174.98389016837,536132.2236226504,309902.29856009054,1282537.8754618855
2024-05-20,3003222.4719102676,279347.8908538688,536660.3484430726,311627.4045222038,1291470.3395919846
2024-05-21,3023416.7702348526,279322.3061014951,538102.6815754384,312508.22058594663,1293986.600904577
2024-05-22,2992806.992997914,277906.9940275335,536537.8839219289,312084.21345216373,1293720.911514501
2024-05-23,3016561.7088792617,275920.8322370529,532549.702216531,312696.38697782357,1287891.1860100233
2024-05-24,3107047.663224965,277955.04788839456,536173.1160670524,315918.08804879186,1300059.2043715145
2024-05-27,3107047.663224965,277955.04788839456,536173.1160670524,315918.08804879186,1300059.2043715145
2024-05-28,3128172.676606923,277730.89978736953,536602.0757625145,317527.8750971248,1304960.1437087655
2024-05-29,3098931.1897612507,274702.54009280546,532823.1921971489,316643.3999593812,1295752.1583672673
2024-05-30,3114689.734805196,274528.0586672271,529242.5718635262,311729.50237902947,1281860.4046681179
2024-05-31,3105155.5391875203,276587.0639712701,533846.3512123483,312456.77041519346,1279465.7247958712
2024-06-03,3081337.662468147,276859.3057654801,534429.4821116257,314450.388376377,1286325.2201704471
2024-06-04,3058465.814827156,276312.55779077247,535078.7191808324,314793.90411515173,1289834.899721203
2024-06-05,3137615.943443489,279165.6792925275,541477.9224959989,321967.90761311736,1315826.8795986334
2024-06-06,3085959.5599138257,279363.3886118057,541356.1271071343,321582.2088661285,1315362.1884439324
2024-06-07,3075727.795570564,277997.7752171926,540650.4992375728,321925.70572947024,1314187.8623415262
2024-06-10,3127730.8507310865,278642.1882270552,542423.3415096856,323919.2079394317,1319485.679142939
2024-06-11,3115228.962736926,278169.9060914789,543656.3274241956,326488.24553620873,1328530.147597231
2024-06-12,3146118.6070087766,280874.05679332546,548183.0130272997,330745.6999683435,1345919.8032297574
2024-06-13,3206078.8309620237,279880.63019180653,549217.7372728369,333698.34801509674,1353204.2471382893
2024-06-14,3200985.5942676878,278986.5188720942,549657.6695622427,335499.89293692954,1360204.5192917013
2024-06-17,3233482.655241809,280797.25407471944,554019.0647248637,339104.90707437333,1376855.670766957
2024-06-18,3249475.06786891,281714.70942051674,555494.3287904967,340100.472986041,1377270.382495187
2024-06-19,3249475.06786891,281714.70942051674,555494.3287904967,340100.472986041,1377270.382495187
2024-06-20,3208640.8978859996,281217.5796387552,553951.5698516009,337565.97184640454,1366643.8114564538
2024-06-21,3166815.515332899,280463.5368465007,552739.2785095002,335223.27651935694,1362971.4763685465
2024-06-24,3142267.95352144,280762.06450508384,551251.500053597,330993.31947012537,1347444.0999693742
2024-06-25,3163490.2467343304,281310.00542580464,553542.0618343903,335445.8568728406,1362841.7484325808
2024-06-26,3135378.8850399945,280885.21201515413,554158.2459309035,336826.3571733043,1365645.2980435644
2024-06-27,3131401.7056271527,281408.22397980414,555016.760701831,337861.1593691503,1369159.599419956
2024-06-28,3106203.7121579144,280958.4676853284,552876.0148097444,335862.30812429107,1362041.7028216918
2024-07-01,3050687.973976005,281331.84503370174,554146.5514989163,337933.9281587646,1370019.2477179363
2024-07-02,3056051.3812062447,282652.9562196343,557738.5074650266,339967.0986093547,1384392.6287891513
2024-07-03,3099875.0672152187,284822.1908658681,560258.1342041609,342768.2626185391,1395923.2124554142
2024-07-04,3099875.0717673306,284822.1908658681,560258.1342041609,342768.2626185391,1395923.2124554142
2024-07-05,3080182.8051637905,286143.3047474903,563606.8792854109,346260.5873074137,1410466.7509871342
2024-07-08,3119669.9886265206,286067.7148108023,564147.8474232022,347295.35579907836,1413809.9387630343
2024-07-09,3128421.9218076216,286017.0503727412,564766.2603379829,348022.83895977825,1415021.1534354761
2024-07-10,3157606.1266721203,289034.1755937041,570204.1278024588,351899.0399771552,1429763.3584854817
2024-07-11,3138784.845868793,288459.7241769194,565317.5819752542,344562.808071533,1398397.6821249507
2024-07-12,3146685.38862392,290404.3655866213,568809.9906946266,345559.07919519255,1406601.6436726942
2024-07-15,3114881.972112384,290328.72538326285,570533.6558443656,346824.1810502185,1410371.1871279648
2024-07-16,3135909.4048669008,292472.8868128199,573771.7933507318,346207.79715311504,1410900.0530193606
2024-07-17,2986793.1500909,288855.5903770755,565757.0555884615,334532.7830941304,1369473.0231756943
2024-07-18,2986999.396901813,286410.5199671265,561500.6179511838,333455.6488549892,1362981.3727634198
2024-07-19,2969444.006227222,284514.1776860823,557752.6328568248,331572.19724916836,1350889.946250458
2024-07-22,3037687.5578820375,287356.7096100833,563544.215650045,336523.41201559507,1371003.918362065
2024-07-23,3064968.0455224183,286458.021738293,562603.9692462864,337519.7786112865,1366160.9231142022
2024-07-24,2913230.797429767,280945.20204534463,549725.5012229433,325576.3917454931,1317146.8492249944
2024-07-25,2886708.7339303163,279996.6687372681,546950.3465729782,321619.6522492984,1302611.6201042389
2024-07-26,2949965.72997829,283213.2811393833,553084.5044607432,325303.77699731453,1315960.5197912357
2024-07-29,2955216.2129380372,282838.41577831353,553492.9204229739,324495.50961648556,1318593.3804122328
2024-07-30,2939367.8267724183,282114.31989452156,550596.1415566008,319655.7392022674,1300477.3390741884
2024-07-31,3059860.7067124513,286503.13543173735,559272.7376172337,330212.6190815872,1338951.788941572
2024-08-01,2996201.1204720167,281314.6550372762,551644.9296721391,324297.7634460914,1306510.5503998606
2024-08-02,2872459.8436508803,276151.14703399735,541563.2239843472,315618.5609162964,1275491.1373829981
2024-08-05,2804829.786094886,268693.12232617335,525302.4195176344,305557.2761457954,1237452.0529570477
2024-08-06,2882168.9042818365,270712.5570668009,530541.3106779751,310469.931772142,1249265.6733580595
2024-08-07,2860099.9775202093,270013.4897490199,526859.8011162883,307434.9599445009,1235726.8966784298
2024-08-08,2983377.0820505437,275773.9691619887,539150.8910376645,317876.3380541571,1273518.0552941288
2024-08-09,3021903.378811996,276920.4532943319,541460.4989150529,321061.08975183347,1280158.5522526428
2024-08-12,3025794.918099542,276969.57046749076,541736.1629544623,322633.32648435916,1282905.2497807883
2024-08-13,3090795.4325229125,281283.4415729914,550733.2730188321,330118.123346166,1314726.6794502628
2024-08-14,3100390.3836800572,281980.96605194925,552490.1392444886,332112.61834725307,1315142.6289711504
2024-08-15,3149771.350699615,286145.2205305694,561973.6229752079,339865.9565172848,1348355.8476120376
2024-08-16,3138606.8430625913,287266.67757773196,563155.6957747844,339364.8617054708,1350078.7871222096
2024-08-19,3171743.6715232846,290208.8151231171,568571.2571913911,343202.11003840546,1367802.142808653
2024-08-20,3160569.674742889,289409.92042532924,567631.0617465543,343161.62036935333,1364920.9795547186
2024-08-21,3193634.001296234,291080.1174760188,569620.0195804066,344887.2383812876,1371276.0259261183
2024-08-22,3180565.210692596,288635.2106220119,565009.989486556,340777.2772183238,1349524.2927723837
2024-08-23,3222894.3834449765,292824.28026298626,571121.9223769765,344038.53582102817,1364149.5167779708
2024-08-26,3199445.686515045,291476.7517141489,569717.4510827492,341157.0853521993,1350895.520239488
2024-08-27,3207627.0715019223,292323.86503182555,570479.5848421911,342537.1978481019,1354920.1247546528
2024-08-28,3182969.6063682553,290627.11339013575,567217.9783569421,339694.2360899866,1339535.0131246375
2024-08-29,3197343.3633567807,291050.30473605107,567305.7744465764,337926.22949985805,1337563.4514020442
2024-08-30,3236931.254660797,293169.3450978657,572643.9340471798,342646.2380717932,1353495.524730649
2024-09-02,3236931.254660797,293169.3450978657,572643.9340471798,342646.2380717932,1353495.524730649
2024-09-03,3061493.742721335,287407.5537896229,561059.1725765215,331894.90506208944,1312392.474405836
2024-09-04,3058433.6659658113,286783.32281674695,559665.7519131746,330664.4869677265,1308971.8066900044
2024-09-05,3031992.0503766695,286283.70652139507,558283.3286054874,329626.00794006325,1310183.4556977176
2024-09-06,2976002.148483823,281419.831753781,548986.7658440254,322176.5006595869,1275077.769539598
2024-09-09,3032877.5105596287,284311.92822485184,555164.9894126841,326742.8652639733,1291464.3371836457
2024-09-10,3044582.7038732274,284610.4397655901,557452.4287540942,328852.3785266304,1303389.1091547455
2024-09-11,3108470.413288663,286928.97064703755,563155.3277672717,336796.8548112929,1331681.7265241765
2024-09-12,3148442.9276534733,289397.05948747223,567996.085171995,340902.41615721316,1344742.6280178123
2024-09-13,3195478.6500274357,290917.5526855538,571012.9053857622,341975.2741308299,1350756.15139506
2024-09-16,3215109.344618958,292038.9538627523,571874.3170437954,340859.9746592292,1344777.9785681916
2024-09-17,3229256.1772691435,291863.5725219469,572139.081007323,340320.49379007734,1345477.6988136389
2024-09-18,3230037.3896028227,291039.7959453899,570281.3952904335,339166.83459162223,1339641.9678782646
2024-09-19,3288860.4244996733,296201.2410284491,580228.6818999156,347763.6482924908,1373502.264492144
2024-09-20,3398840.7010041527,295091.73801775766,579089.6044887117,347531.2841027628,1370877.159281584
2024-09-23,3424824.916237002,296041.9376307196,580514.7317004153,349369.3286750471,1374499.9722802485
2024-09-24,3434247.3259278587,298043.24828067643,582183.103504818,350212.3945759104,1381118.8421570528
2024-09-25,3472969.214454775,296565.8301051268,580999.7758353855,350556.01280710055,1382388.314908527
2024-09-26,3456747.038379491,300243.8141504355,583309.3122782557,349824.0541812366,1392762.9438365859
2024-09-27,3450258.685153783,299367.0704196562,582553.4317016008,347056.0557853401,1385012.6306959304
2024-09-30,3473022.0780904894,299591.4756439305,585091.8257749737,348206.46064703935,1388757.4183871727
2024-10-01,3467280.969600499,297688.7354525319,579624.8582001803,345630.61678192526,1369398.2041651008
2024-10-02,3477033.2112272386,298138.3598130739,579724.1148907752,346973.0083225249,1371322.1487877767
2024-10-03,3505254.8068578844,296485.8096449733,578625.7065092116,346932.56275965436,1370287.0022578088
2024-10-04,3574802.525348485,299112.6791021276,583958.0649293445,352231.676844392,1386579.4820075326
2024-10-07,3538619.932769597,297310.01914646674,578701.8037205158,349732.6597478562,1371716.2832976412
2024-10-08,3564881.103462041,297809.6978987704,584178.4162318481,353956.08333317254,1392190.9621323033
2024-10-09,3536761.7173803453,298985.07085924805,588169.3417273316,357027.06377228047,1403133.8371915906
2024-10-10,3518206.2447126512,298508.71839975734,587181.7657987471,356102.97637335333,1401529.417613979
2024-10-11,3572187.8253133898,300559.98809596925,590673.6749314786,359826.97382149583,1403709.097159666
2024-10-14,3614953.2804067736,302060.65018193587,595507.1510829688,361937.50466156064,1415476.8551865453
2024-10-15,3564020.92889005,298956.69075976196,590971.6560567599,358055.7042480826,1396545.640657218
2024-10-16,3628570.534007848,300432.34979894076,593454.551542235,359820.5485862933,1396705.2263035967
2024-10-17,3606780.971492589,300281.38270333386,593542.5548154421,361278.08009727375,1397661.3758092022
2024-10-18,3619762.1315649156,301756.99039835355,595825.8965155805,361352.7744911575,1406811.426170503
2024-10-21,3623923.489017308,300204.6388833448,594904.903696203,361696.31909986923,1409503.0423128188
2024-10-22,3541945.3930853014,299478.0877549241,594493.9058008438,360618.61951464065,1411028.0923080312
2024-10-23,3551359.9927404528,296874.69618496444,589071.4895215065,357197.847650536,1389394.9882018291
2024-10-24,3550255.4126928453,297649.6218556078,590401.2189687983,356965.25211640046,1400650.1289484382
2024-10-25,3547514.8905904894,297148.30869327474,590167.7843886922,356041.28490279574,1409173.8355592857
2024-10-28,3564570.23067838,298698.99494648917,592007.5688085234,357306.7175679027,1409390.2546519975
2024-10-29,3547693.9605215196,298447.9037534324,592949.266395072,358687.3529479339,1422920.7156824607
2024-10-30,3510212.683276952,297346.01775660284,591163.5295799155,356226.9557794338,1412155.8426280273
2024-10-31,3379461.9488120573,293041.0286274139,579532.1015354237,348850.12249100936,1376498.8364992316
2024-11-01,3340236.7914404157,294216.3790229738,582048.2322323121,351152.6877465319,1386672.24508606
2024-11-04,3283403.0630392316,294065.3947377515,580783.6338095006,349499.00356818544,1382621.6693990922
2024-11-05,3381291.4380392316,297617.9705655151,587767.9481794012,355258.29539553216,1400248.3734111234
2024-11-06,3479523.9757665875,301520.8948977406,602402.5898531599,366625.208501404,1438271.2740070298
2024-11-07,3538693.670987535,304698.06495701795,607091.7890637948,368889.149300965,1460903.849892897
2024-11-08,3602789.5263685617,303846.4390112898,609774.225485058,372151.6589594439,1462599.3299693195
2024-11-11,3621736.6897673043,304195.9012180258,610272.352120665,371573.3262917941,1461734.4108397109
2024-11-12,3565512.080346528,301767.79965695314,608442.2253200528,370841.44536531146,1459077.048791718
2024-11-13,3585237.4302915963,301141.38589897985,608752.0126382121,370916.0151534356,1457188.1436552147
2024-11-14,3543412.2210249337,299589.03474848304,604881.8240783181,366612.1153552519,1447049.8243558554
2024-11-15,3534455.7245235476,296610.4264343663,597075.602958702,360656.82065109455,1412561.8346071017
2024-11-18,3559277.6348934206,298361.2273269626,599547.4298169347,360846.6281585998,1422364.3230656837
2024-11-19,3632389.3590526613,299136.1495410974,601730.8656156593,363417.8343535321,1432138.09960677
2024-11-20,3644392.9518947634,299060.24751169357,601951.9518738756,363991.73504256806,1431301.9380497357
2024-11-21,3713575.7217388186,300485.7260066872,604989.1249087213,366870.04879252793,1436439.2909953108
2024-11-22,3712625.310453418,301786.0917835908,607017.2573406983,367098.2760077953,1438731.6933833389
2024-11-25,3653140.4997768435,303061.4333900231,608968.0170521827,366865.6814437634,1440995.9419317562
2024-11-26,3764376.9910793337,303260.76609784126,612382.0537003543,371356.9917791455,1448721.2735856294
2024-11-27,3707126.347562793,302884.5928068046,610430.0544511597,369127.2483337716,1437303.7682082828
2024-11-28,3707126.347562793,302884.5928068046,610430.0544511597,369127.2483337716,1437303.7682082828
2024-11-29,3744346.5227489504,305160.8071661841,613644.5433059472,371890.24308252824,1449921.398417627
2024-12-02,3700306.22310448,305810.5507364915,615373.4159698492,371657.59575889155,1465696.0186988458
2024-12-03,3689900.9309902224,306310.1713869227,615516.7707453378,373614.0143047912,1470178.4311032263
2024-12-04,3764938.8634090456,307560.4231717546,619396.5735135785,377183.426668595,1488342.1516328652
2024-12-05,3773431.7469038693,307609.6215723209,618364.6877250555,376912.38168672484,1484205.9882595828
2024-12-06,3744326.531107214,307984.111656876,619594.635557098,379060.76249414,1497477.0234564554
2024-12-09,3607078.304880407,307357.7101717831,616367.5739606541,372875.4685730741,1485803.661062467
2024-12-10,3542208.3751087156,305405.0958474797,614615.1939492975,370108.1724945673,1480729.0436455396
2024-12-11,3603507.9921207395,307731.34415026795,619270.9942047357,374407.14125976304,1507225.3578371298
2024-12-12,3579518.75017738,305653.6196235388,616077.2004802491,371409.4759142671,1497486.2407541417
2024-12-13,3567383.181718823,305302.486923237,616032.0797603902,375477.9643130617,1508936.472975189
2024-12-16,3565995.0824125945,305701.9734031531,618448.2403262206,378471.1602558152,1530653.7378983102
2024-12-17,3503766.4904783904,304424.99768516474,615853.2716177584,374359.85872231063,1523900.7076452859
2024-12-18,3382078.909408444,295441.29829939664,597769.6076971188,362184.03028213955,1468912.4881435349
2024-12-19,3419240.5661162077,295390.44619506854,597547.1679435369,363103.56793420657,1462359.477313399
2024-12-20,3483176.317678797,297776.92779841716,604309.4683763541,367056.76248362166,1475117.811211935
2024-12-23,3502369.6726897834,299414.6635335267,608634.200733248,370991.03824753856,1489477.2519315828
2024-12-24,3533764.025793421,301783.44408966776,614895.4938588202,375337.02463694045,1509662.052853442
2024-12-25,3533764.025793421,301783.44408966776,614895.4938588202,375337.02463694045,1509662.052853442
2024-12-26,3523711.31688534,302135.5451834748,614883.5614377975,375604.07329099084,1508624.3530418894
2024-12-27,3472693.279020655,299765.10700119234,608509.72131321,371677.0376517698,1488558.6551992057
2024-12-30,3450843.498953211,296865.2957199247,601735.3781157171,367480.68006623955,1468749.701336555
2024-12-31,3319646.739129213,296183.8307730043,599310.1223171235,365593.042063741,1456261.743600188
2025-01-01,3319646.758524112,296183.8307730043,599310.1223171235,365593.042063741,1456261.743600188
2025-01-02,3416166.8340360117,295577.98734406446,597807.7974363507,367668.70086907555,1453401.6130187386
2025-01-03,3555162.214840938,298627.3954232555,605526.1434668317,372822.4947738842,1477174.4725882793
2025-01-06,3586651.8360966668,300466.75170713407,609051.1141211549,375436.75091496384,1494139.3696649533
2025-01-07,3489429.019672095,297516.6133692222,602199.0304589408,370355.5639640057,1467466.5281093891
2025-01-08,3495900.847567956,297616.6161267704,603010.3372734255,371853.91299366776,1467711.207540349
2025-01-09,3495900.866979684,297616.6161267704,603010.3372734255,371853.91299366776,1467711.207540349
2025-01-10,3475029.4328038255,292851.3860272518,593833.658985588,367773.18075561913,1444684.8912538385
2025-01-13,3466205.055530798,292951.3814558517,594600.3800382091,367193.85576655105,1440030.6485850355
2025-01-14,3564602.1252362863,293958.9293165042,595355.9681153147,367460.99469462177,1438651.9773174871
2025-01-15,3636869.102110109,298445.1257026202,606243.9301077095,374269.0552352867,1471737.8500297714
2025-01-16,3685819.955566024,298721.56802560866,605342.2788593993,375421.1084822041,1461415.4865823616
2025-01-17,3764313.3593787514,301216.33043832914,611147.4342846051,379574.23688465974,1486069.2762071237
2025-01-20,3764313.3788101324,301216.33043832914,611147.4342846051,379574.23688465974,1486069.2762071237
2025-01-21,3825681.6316351304,304870.6207011231,616707.8991837542,384997.0603003026,1494773.1256759455
2025-01-22,3855296.295618639,305651.23635158193,620210.4832512279,387611.0585192818,1513873.00299057
2025-01-23,3884412.9912440563,307288.8834634393,623646.5491088179,390302.01942132623,1517079.4116707125
2025-01-24,3830609.5714319157,307313.2020266738,621766.1100505487,389876.4853819145,1508494.317791361
2025-01-27,3532296.9308965723,303808.5505477167,613112.4702881522,377793.1438766621,1464564.1826543885
2025-01-28,3658655.9746749536,305773.83825833775,618250.1280205472,382484.7894041589,1486198.1607475758
2025-01-29,3679419.037735626,304840.32880897855,615535.4289461786,381289.77592464286,1483395.5311939893
2025-01-30,3780766.207625893,307410.61299454066,618748.9981178556,387366.3601767465,1489705.9922153328
2025-01-31,3743780.9786374415,305216.7633348259,615445.1229368295,384901.76669296675,1487529.8008490815
2025-02-03,3768385.1952588405,302821.2371662195,611407.0951026621,384707.13287698466,1475613.2749024357
2025-02-04,3858391.8540417994,305643.5959753173,615465.8504446382,387128.680722582,1493714.7939074733
2025-02-05,3896442.2678296412,307255.97147281596,617989.8385601938,392127.79438097693,1500481.1618008649
2025-02-06,3923424.198127493,308263.41505654156,620213.5619079575,395780.3837886794,1508301.1152042751
2025-02-07,3917042.6809506463,305767.0440788764,614184.7023803451,392546.3417516484,1489265.0322482544
2025-02-10,3984335.7818036126,307782.7578499679,618577.1549952979,395467.89728734654,1507280.411013266
2025-02-11,3910439.212566857,307958.3579287689,619132.5486774017,395850.2152495025,1503680.16392443
2025-02-12,3921519.291904931,307655.01487384946,617085.2499573553,393962.78202403896,1504550.9786737028
2025-02-13,4026375.375889306,310981.4369861201,623602.0205056887,397269.00363184145,1526182.5780155
2025-02-14,4068806.5711484,311308.2302690813,623623.5398683872,396497.160441154,1532578.3021454576
2025-02-17,4068806.5711484,311308.2302690813,623623.5398683872,396497.160441154,1532578.3021454576
2025-02-18,4128450.223408227,312517.28663022706,625424.5424289231,396533.3082773795,1536040.1384034632
2025-02-19,3999684.3885617303,312138.3230494785,626936.4156337642,396607.8741709194,1536455.5620629047
2025-02-20,3878896.840137963,311708.9608050696,624299.7395423915,392066.0067745813,1529921.6897108438
2025-02-21,3665209.0071606683,307322.2147575161,613677.6507434427,384369.6055108047,1498157.5046180668
2025-02-24,3545929.198933129,305808.97177968174,610774.0651255945,381366.59805550566,1480461.332156979
2025-02-25,3457814.9151959466,305455.2410705657,607737.0553533279,380633.4134378482,1461797.3854794123
2025-02-26,3535267.886639123,305908.0931647768,608114.4322171077,384516.56000913156,1465316.876178364
2025-02-27,3410444.0573315667,301294.5820737834,598348.7206522278,377012.7399257256,1424612.2990474312
2025-02-28,3423805.0481839064,303940.34302469995,607645.8390519695,383935.04570592934,1447097.2957418351
2025-03-03,3374119.0311865006,300713.1629090548,597179.4686923687,375700.30229729856,1415420.464693626
2025-03-04,3322999.8832762237,298519.42032279336,589983.0636840869,369696.96001290384,1411137.9467970766
2025-03-05,3359878.0981059163,303458.9066640297,596599.8036494389,374003.22862889303,1429521.8935142206
2025-03-06,3023129.450668506,298946.2454481363,585777.5092897296,364268.50697213743,1390186.3408003713
2025-03-07,3079745.0033723633,300835.82995930675,588935.4339991884,363689.300227361,1400397.8519611645
2025-03-10,2844421.542289905,293172.5381957435,573364.2892980127,354339.44590207335,1346113.870417755
2025-03-11,2960833.889915637,291987.08237763954,568659.0769206642,353837.31399014214,1342885.493565848
2025-03-12,3096993.145637683,293574.17899895506,571416.5845010648,357528.0460453229,1358023.1322441876
2025-03-13,3041992.246132068,290095.0665897987,563953.204402542,352986.7868533651,1333581.5576436114
2025-03-14,3215850.3474122803,296118.29516148777,575530.3334737774,361062.7473933377,1365803.3460126673
2025-03-17,3325942.8357927124,299066.4588451355,579922.6374539029,363753.22983328777,1374647.6893879073
2025-03-18,3179205.9940721313,296923.2391690312,573805.0024057967,358904.2854557343,1351203.305260338
2025-03-19,3312589.0315171997,299367.2650901996,579832.2813533,363479.6158722301,1369273.1364407458
2025-03-20,3351547.468444995,298081.0191657579,578497.0654742199,363054.3669146839,1364621.0994179011
2025-03-21,3380872.4102021973,297410.02837335423,578640.8664315052,362436.7882725306,1369108.8892385988
2025-03-24,3552551.169632129,301176.9767743572,588794.2249518129,373028.9319228725,1399141.5456720665
2025-03-25,3549221.842941455,301757.7535936781,590194.8625497414,374876.56705358246,1407114.4679731417
2025-03-26,3405590.1652757446,298469.6238037609,583309.9803777013,367012.54874691274,1381212.1226678279
2025-03-27,3160180.9434129517,298140.07839416526,581704.3527845105,363850.2258855889,1373331.1455911803
2025-03-28,3138955.8019716064,292904.8528602972,570085.9349363622,355292.6276874918,1337164.4719576442
2025-03-31,3121444.144050769,293232.75391898025,573556.0932449346,356600.80220365204,1337096.8746853797
2025-04-01,3211321.2127076904,294192.85250138585,575664.6647149591,359103.62080852134,1347864.4066121143
2025-04-02,3309813.861213855,295936.80685301207,579134.738985166,362801.03246165084,1357690.7849766365
2025-04-03,3040740.3125955383,284253.6267914982,551512.8399195411,341642.0864448771,1284999.96871381
2025-04-04,2701598.6048963876,267310.8604523047,519549.7676210552,317246.30681031407,1205182.060624787
2025-04-07,2716593.816576411,264098.7601102581,517361.7847846504,321714.64575172943,1208080.80680128
2025-04-08,2707940.9631442297,260886.6776111512,509750.02799960406,318552.7430004233,1186316.1302142914
2025-04-09,2778298.8573996974,283188.4247298582,557023.3405323502,354235.2398946625,1328696.8487709598
2025-04-10,2750587.1691426164,275298.3476960359,538005.9489767073,340321.69210333226,1272175.5077156734
2025-04-11,2761061.109930734,280986.93517006206,547480.1667151266,346138.5055094631,1295602.277987593
2025-04-14,2771622.1154636582,283641.203331177,552981.3534380738,347677.85804875725,1304373.4751517791
2025-04-15,2784754.316408527,283918.5471132995,551429.5372195283,348870.40687890764,1305817.209395038
2025-04-16,2772559.8052931344,279695.0263150819,539309.0890144414,340120.9189605794,1266432.870584803
2025-04-17,2774103.0227531865,281160.8375886294,540056.1811304624,340118.8945007089,1266194.8154914186
2025-04-21,2755172.0571752414,276810.87710323837,527188.1112241778,331138.3370841153,1234851.455801006
2025-04-22,2779258.6474611233,282853.43154757965,540490.1853481131,340615.7623964906,1267258.1801013928
2025-04-23,2800511.1694104197,286468.48381502257,549171.9304665638,349476.57929109124,1295986.300836849
2025-04-24,2826803.9285750706,291448.92384622805,560710.6341067492,357720.7096635923,1332440.3944412326
2025-04-25,2837594.755020259,292838.82412842213,564839.0714393432,362304.071898263,1347283.3783597164
2025-04-28,2841576.9612254156,293672.4264338278,565184.4033454247,362648.71395819884,1346845.0560195046
2025-04-29,2844415.5208943384,295011.74111277837,568609.756675816,365266.7923117568,1355729.2766453912
2025-04-30,2847458.226252282,294859.1873224581,568888.0947834395,364416.9248504748,1355547.327847526
2025-05-01,2843014.4464827506,295920.36817476875,572916.0892411047,368884.5900992045,1373240.6877971324
2025-05-02,2860650.463475305,301077.73785531835,581129.0816462866,376858.57145001745,1393613.4135786274
2025-05-05,2872866.006751547,300419.4768151165,578092.8682788785,375623.3067567152,1385334.967420672
2025-05-06,2852671.2003236385,298724.53368768014,573170.727482726,372076.0697007281,1372438.365452468
2025-05-07,2868296.6803343105,298926.0071431637,575759.1796647665,375695.85543443484,1377815.4321721685
2025-05-08,2851617.052702447,299961.83714341855,579597.5154362662,379546.7761936253,1392029.9436432198
2025-05-09,2831214.206483864,300390.853910726,578826.7408278263,379467.4680385296,1391106.6375312346
2025-05-12,2784960.6916088043,307823.75539612386,598098.9187524918,392565.75148299127,1447767.9788763276
2025-05-13,2775264.027480318,309339.9501298342,602026.4275460521,400076.911533341,1469821.1712707444
2025-05-14,2768196.7378716003,309339.09094327834,602773.3598451219,403272.60136551765,1478617.8765316135
2025-05-15,2837255.7734547993,311082.8381071595,605729.9827469602,403077.5236410764,1480231.2473661131
2025-05-16,2868317.4171774564,312599.0505918964,609635.1392503252,405348.3889341503,1486661.7631022963
2025-05-19,2900537.344765174,313457.86783115193,610259.3531937919,405538.6512834581,1488075.5191438955
2025-05-20,2911665.3116574166,313128.29484766844,608093.7387420916,404187.6981942238,1483103.6231871939
2025-05-21,2898119.9932255624,309208.37141352723,597926.639430369,396903.22978491447,1462482.0187195244
2025-05-22,2894830.5192837594,308979.9506855977,598204.7990619228,397594.3901496473,1465206.9918161312
2025-05-23,2922971.386917579,308271.1635342278,594164.3274838309,396282.00094326946,1451626.8582949177
2025-05-26,2922971.386917579,308271.1635342278,594164.3274838309,396282.00094326946,1451626.8582949177
2025-05-27,2952567.3416867135,313276.5428410251,606372.2001964865,405642.14813063404,1485764.2008633846
2025-05-28,2945829.903145301,311126.53428761155,602912.0057383446,403983.00110191375,1479167.8675872283
2025-05-29,2943197.9641804574,312389.8494620905,605232.4632817734,405444.71157165646,1482063.7834549586
2025-05-30,2975854.9967564223,311959.148616126,604606.8090807603,405904.6132623052,1479714.5749230431
2025-06-02,2993343.2864941237,314031.5499717269,608121.2681850516,410063.1855102973,1491389.4451897019
2025-06-03,2998545.49281584,314839.77102260996,611568.9396581971,412911.7620803641,1503035.6037147965
2025-06-04,2975128.9815319655,315572.0958528588,611177.6294525706,412755.22189916926,1507213.862605116
2025-06-05,2990554.798903334,314711.60197631933,608320.1250240677,407474.5818613984,1495857.525763179
2025-06-06,3003176.587408888,317163.21223737195,614535.1730649396,411941.2366098717,1510467.7641978115
2025-06-09,2983733.1838482497,317693.27315591526,615192.829361061,411861.7448025902,1512679.1848720391
2025-06-10,2952106.022379744,319209.39985411457,618696.3283315422,412629.8059797707,1522671.6501724543
2025-06-11,2977977.7034443496,318601.7231358793,616988.0320038645,412665.89908246626,1517529.0952492184
2025-06-12,3003188.882307875,319966.11712246924,619319.7131997582,413087.184089947,1521079.6701210758
2025-06-13,3010094.4808821916,315945.21445966593,612422.3890942287,409001.0573427107,1501971.2183945032
2025-06-16,3001593.661435628,318700.20253246353,618336.1931022225,414546.27702365926,1522851.157146073
2025-06-17,2983823.0389075517,315589.51064209966,613068.1844156315,411230.62054404896,1507989.7558723702
2025-06-18,2974670.347093129,315765.59811863024,612944.6819147904,413000.3124106678,1507721.2483107839
2025-06-19,2974670.347093129,315765.59811863024,612944.6819147904,413000.3124106678,1507721.2483107839
2025-06-20,2982595.5994849443,314380.2126876385,611247.6726065889,411880.68108874996,1501553.0811161057
2025-06-23,3003059.998582387,317376.9628375016,617540.9658708919,418521.41684693674,1516980.3677155008
2025-06-24,2999594.96199944,321364.473612659,624324.9875081201,424347.59048131574,1540165.534834359
2025-06-25,2977209.3040671586,320804.72960358375,624636.7048297221,424422.2776574169,1544090.5267521704
2025-06-26,3015423.372373128,323801.4369274415,629579.6063971,429437.7637457314,1558515.4885450322
2025-06-27,3019342.630645288,325197.7471077149,632703.5239653321,431712.5775248605,1563839.0989612693
2025-06-30,3055287.7761343336,326517.8261191422,635864.9015737639,434141.8171172533,1573955.2390449014
2025-07-01,2957812.6872583334,326542.3006535146,635573.1844171381,427461.47849358374,1560675.8032460355
2025-07-02,2960115.6001234003,328014.79484116205,638393.2660188838,429852.1090964993,1571533.3746032764
2025-07-03,3002967.879382712,329741.2910210635,643910.989758118,434288.4259019764,1586985.022457627
2025-07-07,3053033.59871629,326742.8267667188,638749.8975444564,432587.5229846348,1575018.1312991243
2025-07-08,3036457.260523583,327427.80206552474,638323.7939373446,429381.2666567121,1575890.136222875
2025-07-09,3071486.500985471,329382.91245475993,642106.4620022833,432582.3732873154,1587032.975680756
2025-07-10,3060037.5341788703,329991.6941247155,643986.2452306501,433892.13321132533,1584738.0266083179
2025-07-11,3054635.1190486504,328339.5765960183,641668.3928774826,432963.1742139545,1581158.99385332
2025-07-14,3130151.9899314907,328922.9374617902,642932.5230858269,436357.220991198,1586881.109204481
2025-07-15,3116608.1729656993,327245.411830659,640144.5422805146,435119.48969652795,1588323.2097985551
2025-07-16,3132738.5665162997,328540.10350082075,642248.1530376308,435695.85981729464,1589936.9309145259
2025-07-17,3172551.9404464248,330215.69510942604,646098.050174323,438858.21140048344,1602791.0000649705
2025-07-18,3191729.253355167,329935.37450318836,645806.1867376843,439357.3764371497,1601237.7117760316
2025-07-21,3167458.14391059,330747.3644352859,646958.4569436597,440165.26712237543,1609526.8580809238
2025-07-22,3104612.881936167,331660.8913752622,646957.6867858343,435608.3114579174,1601183.601984518
2025-07-23,3261698.776998895,335470.37964048574,652452.9178178839,441395.0874085376,1608474.2897094502
2025-07-24,3251020.065228539,334580.2496236482,652899.8753444103,441315.2563325314,1611884.9581653206
2025-07-25,3305780.297013438,335290.63750482706,655495.9811798369,443975.72884360806,1615751.8633216554
2025-07-28,3292036.6350580617,333613.2347025277,655338.4907961907,445053.7482844677,1620788.2931630174
2025-07-29,3268580.5516143055,333002.5941345156,653636.2299049277,443507.28846884496,1618264.994857217
2025-07-30,3309795.0237787305,331833.162511184,652840.7739921043,445473.0015494707,1620420.5317685953
2025-07-31,3318655.641540048,330079.50537169306,650388.6371601764,446512.3920325705,1611820.9965025727
2025-08-01,3287799.7426976757,326217.5525997031,639675.7753918449,437015.5805180963,1580058.0535120338
2025-08-04,3351787.8768614777,330788.97710585035,649402.1092414405,444808.9607961718,1609199.1567578604
2025-08-05,3405831.8135648984,330127.59336078295,646278.2866269195,442838.00712277,1598261.203945259
2025-08-06,3429987.800994052,332285.7827435894,651079.565745929,449203.3334932214,1618359.2105468241
2025-08-07,3422204.739777985,332894.48303893633,650686.9846949604,449162.0601340826,1623823.3912091688
2025-08-08,3440157.596253555,334849.537591558,655667.2140503736,452285.4307820231,1638957.3561200094
2025-08-11,3416990.747039849,333959.55725794623,654323.2500373345,451742.46948753425,1634094.9312934526
2025-08-12,3449542.8548492407,337946.56642688025,661307.2104847295,457412.8999345133,1654620.096973539
2025-08-13,3401912.9614049844,339647.52134745294,663612.1780564189,454863.1097874463,1655434.2571538894
2025-08-14,3372047.086612173,338833.77144848544,663622.5864129065,455825.1557604827,1654137.5934280201
2025-08-15,3339234.147298964,338832.83033464814,662189.1018360399,452735.08967926074,1646850.9202046643
2025-08-18,3345364.6645243973,339009.68103560177,661953.2180882021,452925.3551606529,1646181.490414423
2025-08-19,3206025.2472876557,337459.2573315769,658336.969004278,446477.8426146684,1623834.3531374373
2025-08-20,3206943.1584036252,337026.54231932305,656601.211216955,445819.11611537606,1614180.3728685006
2025-08-21,3220559.8582452624,335806.35421359784,654014.8035251983,442999.3642131973,1606694.6504837975
2025-08-22,3241229.309693658,341545.9666453828,664020.8455670475,449634.32521678525,1631468.3141826682
2025-08-25,3229801.356231786,339309.83365725836,661210.6085115566,448589.71229241055,1626749.0757379178
2025-08-26,3297261.201360396,340197.8354660283,663851.2911247871,452754.82315231377,1633267.9631825045
2025-08-27,3272252.64386947,340349.3200202285,665372.7675541017,452597.7724113704,1635765.0176766722
2025-08-28,3304806.500180518,341694.6011040313,667722.6311685154,454601.7815054334,1645991.4372186998
2025-08-29,3255435.54326565,339814.02783498156,663871.3858342888,449505.21535793255,1626925.8843875178
2025-09-01,3255435.667465384,339814.02783498156,663871.3858342888,449505.21535793255,1626925.8843875178
2025-09-02,3215919.8623694135,337374.666827315,658979.1336579124,445952.27040501713,1613279.1954571551
2025-09-03,3202819.2199176676,338618.3527385357,662347.4766774328,446065.3726989671,1625958.8124135728
2025-09-04,3242724.822326411,341030.45730140194,667797.8387406088,452777.2492282547,1640662.7440620249
2025-09-05,3202032.828779149,341359.682956561,665972.5072884869,451694.07220674254,1643017.0622415654
2025-09-08,3263611.480940525,343212.97452406684,667695.4656664837,454276.7881894197,1651018.173297182
2025-09-09,3307860.81396876,343542.19228238694,669317.63691939,457168.25945589266,1655682.8258265296
2025-09-10,3413988.2820651596,344277.850307882,671253.2819908271,461140.0699142305,1656211.5684984336
2025-09-11,3415973.3137506233,347680.4132425808,676725.9280543703,463568.3368495016,1665838.1944634404
2025-09-12,3444641.457000694,346993.67398674827,676579.5475029639,464916.21409181046,1673182.9538188134
2025-09-15,3464217.5215878645,348948.51411049557,680104.610325844,467421.5574864515,1687486.8992262795
2025-09-16,3449993.898926976,348820.518366654,679208.2334524747,467187.3039694395,1686047.3052029733
2025-09-17,3431078.8972854842,348311.5630999025,678423.9772952428,465679.62716759095,1682668.7169951098
2025-09-18,3477668.4310399923,349936.1792110873,681613.2229704665,468648.0067843401,1697827.7086681162
2025-09-19,3526041.97879768,350414.3626501455,684791.2630443943,470497.4297242736,1709307.0033958107
2025-09-22,3553627.976101611,351840.71636087407,688125.8600902018,471970.93990202766,1719412.4304035145
2025-09-23,3555699.313031284,350514.35928275395,684520.9502494094,469997.1354789105,1707978.2568701552
2025-09-24,3531631.7598580034,348933.17201118014,682236.7178523731,467250.38610558043,1701968.7842648048
2025-09-25,3495181.635738418,346969.659371575,678978.7527947421,464967.4833362808,1694617.7606674638
2025-09-26,3513293.1529871356,348854.76706088445,682973.8119820757,466008.17210994015,1701570.6377606809
2025-09-29,3528473.9389769,350179.1632184473,684892.4756912615,466507.79804958997,1709437.0595632403
2025-09-30,3577072.6683369246,351248.6384159071,687417.3428686444,467857.6096210206,1714105.9384354996
2025-10-01,3564634.293471234,353057.25252163346,689874.7401406339,465922.5503134982,1722314.5760347194
2025-10-02,3576780.5671836324,353566.0568293953,690637.2415166483,466769.9881944217,1729381.2163395712
2025-10-03,3494407.9407384186,354508.05796075304,690692.4778508634,464100.6719190447,1722087.5136628347
2025-10-06,3512254.8559938376,355781.4299664343,693048.9434570897,465334.57633490587,1735006.696002884
2025-10-07,3532276.2049763417,353588.5465234624,690578.6475708162,465563.64310417586,1725857.1593585508
2025-10-08,3583012.3762700693,355499.1085109366,694585.1292163385,469270.7392930347,1745628.1396617487
2025-10-09,3573327.393861838,353637.57194317674,692709.7043017031,470697.83514900226,1743501.5047721553
2025-10-10,3435906.784414393,344512.35261852585,674086.926754249,457942.4996129291,1682964.783812711
2025-10-13,3526184.9646370374,350016.5084897114,684300.6548504299,468257.64975145424,1718665.2694206533
2025-10-14,3523955.8583424618,349837.13329738495,683334.5501052338,465858.9729101653,1707203.7809360642
2025-10-15,3472052.64120892,351798.62877077394,686341.9959936735,468329.3416061186,1719237.3000437089
2025-10-16,3438740.0740720616,350854.6526149748,681806.2961057501,464616.848845895,1712857.583896163
2025-10-17,3420955.871226322,351949.60138179886,685588.247020119,465348.26671113056,1724091.857203559
2025-10-20,3450284.536206019,355440.26014639303,692782.5234110781,468514.18540300045,1745802.3568929823
2025-10-21,3433507.2719400926,354521.7168231538,692691.840505118,466579.2832039347,1745332.081684676
2025-10-22,3387727.747517405,352991.5551141341,689188.900578094,461668.9574553321,1728504.1015485725
2025-10-23,3476432.0418220833,355309.8476445345,693083.0780461591,465028.0742596585,1743020.5668504755
2025-10-24,3495428.160501787,357551.62548939034,698818.0193664297,470319.2300498827,1761618.7765532704
2025-10-27,3527299.8087796015,361118.64292142086,707179.6278260014,475301.1540419852,1792977.154910139
2025-10-28,3499602.8625443527,361372.5393433249,709075.6811959135,476998.5353970997,1806750.6288816335
2025-10-29,3548345.30140267,360887.2911283387,709366.735896576,479855.1469681748,1814871.891981666
2025-10-30,3506599.5806443957,357700.5761142781,701834.1784896865,470655.8113487342,1787111.152138496
2025-10-31,3555056.0385327083,358336.747010922,703853.7507304386,470266.58778860373,1795717.6851249526
2025-11-03,3578833.2813330186,358768.9655391473,705233.6037843,470070.56390816224,1804295.4041815863
2025-11-04,3446469.4163656724,354257.0135668469,697061.1572183244,461605.61136555515,1767658.3104650583
2025-11-05,3518420.228179027,356192.94124914636,699159.3873774996,462800.66484814935,1779147.8551533122
2025-11-06,3420142.740843822,353006.2835207097,691727.872298675,456499.69736061903,1745993.641574656
2025-11-07,3444130.8544702563,353846.3263072381,692456.6861007051,458003.9192055408,1740470.7885989468
2025-11-10,3541223.9974222216,358789.4960861488,703208.9437133796,466694.9792676449,1778962.6396566934
2025-11-11,3465978.078324321,359756.9248821033,704824.3501823515,464798.90396877064,1774210.1882418024
2025-11-12,3453221.122986797,360622.4547328071,705171.5322115348,464989.3243911371,1772797.4718970216
2025-11-13,3279831.1192712816,355014.71989116905,693688.0845591576,454708.73633207765,1736590.8701386882
2025-11-14,3281934.6017808756,354886.32814572216,693507.6153507082,455285.6136212804,1737889.8505634211
2025-11-17,3232037.422856315,350986.13206893054,687007.7699742182,450066.7693700372,1723033.9842969321
2025-11-18,3214319.71683596,348360.16515260737,681349.89131933,447591.2724764418,1702041.4429296893
2025-11-19,3255582.608933433,348716.0172707446,683818.5290644963,450950.0632068837,1712189.1895289435
2025-11-20,3106173.579674705,343388.7143104953,673446.346350606,442099.4389903488,1671645.7766884489
2025-11-21,3097109.3002443155,347006.56800203,680146.4324401687,441633.19580964267,1684190.856163393
2025-11-24,3209048.7945756754,351210.59204037226,690258.8046219838,451830.676213041,1727246.7490252831
2025-11-25,3229212.789475425,354471.62760198786,696678.2981566859,455614.35627158254,1737878.9758563791
2025-11-26,3320874.6121873697,357375.8697370518,701492.820465781,460866.17266322876,1753220.2796948308
2025-11-27,3320874.6121873697,357375.8697370518,701492.820465781,460866.17266322876,1753220.2796948308
2025-11-28,3341800.1633119425,359082.33085618215,705375.6008922607,464108.9012568939,1767419.8354618228
2025-12-01,3303754.5453932155,357373.8845004773,702130.9884539873,459508.44413710036,1761469.1233559644
2025-12-02,3320696.581651913,358035.49160981824,703319.8340522398,460394.348018837,1775240.396234854
2025-12-03,3359321.265257107,359512.56676283915,705777.152751534,461550.6628120394,1779564.410385693
2025-12-04,3425456.98422073,360072.23549704393,706371.1518739966,465565.9594414902,1777894.992065254
2025-12-05,3423294.5954725672,360784.77410900116,707694.7703344309,466915.3982682148,1785129.820697919
2025-12-08,3469167.5709211756,359688.0341524898,705594.9920020644,467492.15115231625,1781691.128096504
2025-12-09,3493280.451650851,359279.2446337229,705021.7093814845,466407.61935725063,1783874.3798907755
2025-12-10,3531883.0308744838,362336.2725002937,709577.9422948337,469534.18416438473,1791166.1562280233
2025-12-11,3526849.9750196864,363329.1463613054,711316.8850593668,470497.268820093,1785358.6382398412
2025-12-12,3389657.2704451014,359913.32458452275,703638.6848576481,460140.5944395299,1751212.366003069
2025-12-15,3365553.2956678797,359912.32491637114,702616.4822309759,458515.25561268633,1742408.4794503304
2025-12-16,3375161.081050723,358535.21908554254,700651.3677352573,458589.80252163357,1745847.683429462
2025-12-17,3278556.8198507717,355246.8764106386,692950.6750520692,450203.6455710555,1713471.8703481487
2025-12-18,3373767.986263125,357921.59301706095,698180.3095308964,454721.0592303011,1738286.2504310976
2025-12-19,3462138.379813998,360938.8989683792,704408.8973784959,461788.09897875343,1760930.9544772606
2025-12-22,3492782.8641584804,363095.59905820654,708843.9926208557,465623.2160542,1769357.864883906
2025-12-23,3497892.9835279873,364815.6456729047,712152.4527873308,468524.918508614,1777630.1072187063
2025-12-24,3516932.066803544,365713.6602880218,714526.5681390124,470342.2373186017,1782816.6281775779
2025-12-25,3516932.066803544,365713.6602880218,714526.5681390124,470342.2373186017,1782816.6281775779
2025-12-26,3498527.6520162513,366072.27832676325,714593.3148529213,470068.3594931589,1782687.9787081222
2025-12-29,3461836.0237508705,364812.6058242183,712071.1151646009,467161.1097756416,1774044.7693796935
2025-12-30,3441345.2657258254,364734.5088708198,711079.7411700821,466074.05875222944,1769916.085180875
2025-12-31,3320031.4092873293,362370.32583829825,705912.4880521722,462082.57379492203,1755272.9151557984
