Date,Value
2004-08-31,99980.02184131712
2004-09-01,100856.50497658836
2004-09-02,102829.92077123674
2004-09-03,102224.76605441463
2004-09-06,102224.77886382776
2004-09-07,103878.06405549058
2004-09-08,103362.35913345465
2004-09-09,106228.66443214122
2004-09-10,107061.85435554474
2004-09-13,108352.98607192846
2004-09-14,109247.26421526348
2004-09-15,108624.93170500887
2004-09-16,109153.70328203727
2004-09-17,110036.56656688143
2004-09-20,110129.81588233034
2004-09-21,112134.36561584877
2004-09-22,111088.35899703819
2004-09-23,110203.68876665003
2004-09-24,111789.77433712113
2004-09-27,111193.68773690984
2004-09-28,113366.6311857083
2004-09-29,113366.76896138191
2004-09-30,114169.1179113506
2004-10-01,115789.45648151403
2004-10-04,116901.65420797426
2004-10-05,118184.65859203327
2004-10-06,120670.18859540696
2004-10-07,119805.665318712
2004-10-08,117650.28155025149
2004-10-11,117892.74020211786
2004-10-12,116922.20661515213
2004-10-13,114005.28261405535
2004-10-14,116071.76648514652
2004-10-15,116613.01607867943
2004-10-18,116176.24475854017
2004-10-19,114742.81912732856
2004-10-20,116780.51897359855
2004-10-21,118881.65630358545
2004-10-22,118101.27496169132
2004-10-25,118718.32708395612
2004-10-26,120681.49118188041
2004-10-27,121036.78274793347
2004-10-28,119807.93419238598
2004-10-29,121744.64528355707
2004-11-01,118148.33116676916
2004-11-02,116851.28969445983
2004-11-03,119786.27319812318
2004-11-04,121849.05715500852
2004-11-05,121925.14083939334
2004-11-08,121359.27587674586
2004-11-09,121083.08428203639
2004-11-10,122135.42560076293
2004-11-11,122618.93809139308
2004-11-12,124904.76493501243
2004-11-15,123894.35700207528
2004-11-16,122542.924508256
2004-11-17,123499.86481962827
2004-11-18,124055.1706315103
2004-11-19,124482.8760164204
2004-11-22,127640.5767198625
2004-11-23,128423.65252367881
2004-11-24,129404.94229553369
2004-11-25,129404.94229553369
2004-11-26,130528.85439948467
2004-11-29,130579.28238724981
2004-11-30,130124.6349543265
2004-12-01,130235.64423083578
2004-12-02,127301.28376513039
2004-12-03,128099.45422302996
2004-12-06,128237.46360313211
2004-12-07,125718.6971464685
2004-12-08,126376.24108378579
2004-12-09,127051.00132744004
2004-12-10,127076.24578224112
2004-12-13,129591.29015795169
2004-12-14,129628.26441995082
2004-12-15,130670.50703487573
2004-12-16,129617.29284421382
2004-12-17,129609.41089365659
2004-12-20,129645.04401347814
2004-12-21,131681.1297812837
2004-12-22,130814.60661195977
2004-12-23,131234.70114337667
2004-12-24,131234.70114337667
2004-12-27,129455.84562956555
2004-12-28,131454.01383417114
2004-12-29,131573.56966498954
2004-12-30,130691.68358049256
2004-12-31,128788.48394206319
2005-01-03,125324.31981698857
2005-01-04,123893.15416736712
2005-01-05,123193.012308722
2005-01-06,123612.6660458628
2005-01-07,123564.7071865126
2005-01-10,123806.64694540453
2005-01-11,122470.71506363511
2005-01-12,123751.67043343613
2005-01-13,124601.49361060305
2005-01-14,126436.35036150437
2005-01-17,126436.351106844
2005-01-18,127780.06939112418
2005-01-19,126681.35103787134
2005-01-20,125313.06015302535
2005-01-21,125069.4200585009
2005-01-24,124082.23033248784
2005-01-25,125441.06961616244
2005-01-26,127215.35190502906
2005-01-27,127199.65967784941
2005-01-28,126166.24412314013
2005-01-31,128311.66038187334
2005-02-01,130225.78926836298
2005-02-02,131823.48192549235
2005-02-03,131944.07347227048
2005-02-04,132752.44305741906
2005-02-07,132261.04262910405
2005-02-08,132597.4398396448
2005-02-09,130969.55236939945
2005-02-10,132569.21106819666
2005-02-11,133887.9410538093
2005-02-14,135085.68309424378
2005-02-15,135696.7721221254
2005-02-16,138581.94278500535
2005-02-17,136714.9174783037
2005-02-18,138204.8988942907
2005-02-21,138204.8988942907
2005-02-22,136968.74959419228
2005-02-23,138823.5540687845
2005-02-24,141643.60805914857
2005-02-25,144732.88600824334
2005-02-28,137937.9961945262
2005-03-01,136896.7976919271
2005-03-02,137697.35189524747
2005-03-03,137733.1045727218
2005-03-04,140411.42769043427
2005-03-07,140311.2512419141
2005-03-08,138384.5872565896
2005-03-09,136512.20455631524
2005-03-10,135598.16756419413
2005-03-11,135757.89240852298
2005-03-14,136796.38030036792
2005-03-15,136397.3427126168
2005-03-16,135475.3379151469
2005-03-17,137215.64594049266
2005-03-18,137605.38421983682
2005-03-21,137743.54509650488
2005-03-22,136407.94432361805
2005-03-23,135534.6746003654
2005-03-24,136332.40711094803
2005-03-25,136333.32765534124
2005-03-28,136179.8718001085
2005-03-29,134088.69605295156
2005-03-30,136076.6943009767
2005-03-31,136488.7723963431
2005-04-01,136905.91572908597
2005-04-04,136680.14903252918
2005-04-05,137148.26985975396
2005-04-06,138256.2388328514
2005-04-07,138872.1968258686
2005-04-08,137014.4813137666
2005-04-11,136453.44744392598
2005-04-12,137357.37057635383
2005-04-13,134854.8150554752
2005-04-14,131771.15364875732
2005-04-15,128203.77708445433
2005-04-18,129255.97447646431
2005-04-19,131663.401670329
2005-04-20,129424.98835118313
2005-04-21,132000.84539000294
2005-04-22,131316.3678623669
2005-04-25,133318.6822616287
2005-04-26,130385.25486922127
2005-04-27,128936.65402629947
2005-04-28,128070.88450959841
2005-04-29,129415.03916886846
2005-05-02,128140.12277799645
2005-05-03,127359.22857925088
2005-05-04,128157.76177185132
2005-05-05,128011.88649936015
2005-05-06,127721.61258462282
2005-05-09,128914.38323728756
2005-05-10,127957.05702936061
2005-05-11,127918.23859693897
2005-05-12,124981.73311625836
2005-05-13,123697.7891131532
2005-05-16,124342.35577845095
2005-05-17,125709.1158616495
2005-05-18,125600.70967936037
2005-05-19,126844.70695375917
2005-05-20,126263.3334119272
2005-05-23,127581.20151760695
2005-05-24,128389.718020941
2005-05-25,128489.17938759444
2005-05-26,129047.95278313277
2005-05-27,130376.1280152571
2005-05-30,130376.1280152571
2005-05-31,129474.76819203017
2005-06-01,131467.6823689711
2005-06-02,133935.03536579726
2005-06-03,133751.92120144484
2005-06-06,135084.253003813
2005-06-07,135071.9566008818
2005-06-08,134489.5954911482
2005-06-09,135906.32760975478
2005-06-10,135583.2580878508
2005-06-13,135825.61431139676
2005-06-14,137913.51904982296
2005-06-15,138596.9921762344
2005-06-16,139630.34908121792
2005-06-17,140785.31180685727
2005-06-20,141314.92215269772
2005-06-21,140008.0593368408
2005-06-22,140583.94372099606
2005-06-23,139955.62441939084
2005-06-24,138602.38478964535
2005-06-27,139759.84814470974
2005-06-28,140862.60619085995
2005-06-29,140749.74530810086
2005-06-30,140068.7460058027
2005-07-01,141541.2198556247
2005-07-04,141541.23326578134
2005-07-05,143470.34145496952
2005-07-06,142353.7573414711
2005-07-07,143687.7609688883
2005-07-08,144452.46895442417
2005-07-11,145666.27689935156
2005-07-12,146376.53316659346
2005-07-13,145979.89421823606
2005-07-14,143328.11061055964
2005-07-15,143976.2159293765
2005-07-18,143943.224470265
2005-07-19,145509.08812124046
2005-07-20,145473.19622205882
2005-07-21,142558.43327674046
2005-07-22,145040.3046849896
2005-07-25,144610.80121333178
2005-07-26,144822.48757906008
2005-07-27,145201.77608597782
2005-07-28,146635.70122635146
2005-07-29,146191.92563218417
2005-08-01,146257.28086837946
2005-08-02,148230.92525059608
2005-08-03,148204.05448234073
2005-08-04,147229.96204353304
2005-08-05,144083.88732645384
2005-08-08,142900.35416707565
2005-08-09,143960.45418189085
2005-08-10,144764.00049886655
2005-08-11,146305.19921330232
2005-08-12,146437.04187444004
2005-08-15,146563.24327528552
2005-08-16,143509.7325826327
2005-08-17,142705.6955741459
2005-08-18,142634.9558925559
2005-08-19,143791.4705166608
2005-08-22,144521.06277352516
2005-08-23,144399.53144359044
2005-08-24,144751.152578118
2005-08-25,145666.2172729523
2005-08-26,144521.52196311593
2005-08-29,145540.54006190054
2005-08-30,146367.39160711944
2005-08-31,148818.27061711648
2005-09-01,149688.8256590257
2005-09-02,148854.04467906212
2005-09-05,148854.04486997097
2005-09-06,151194.78351928733
2005-09-07,152199.91516830467
2005-09-08,151824.74915744804
2005-09-09,153855.66220523856
2005-09-12,153047.97984935783
2005-09-13,151491.07321598075
2005-09-14,150978.03633119605
2005-09-15,151954.7140021517
2005-09-16,152200.55123235725
2005-09-19,152329.6225490763
2005-09-20,149945.24850322746
2005-09-21,149086.3305583193
2005-09-22,149336.27733137153
2005-09-23,149507.20019771598
2005-09-26,150656.59200431846
2005-09-27,150804.2853732302
2005-09-28,151826.75200531026
2005-09-29,153888.8747870638
2005-09-30,153723.52943775197
2005-10-03,155182.85741016408
2005-10-04,152460.82828876516
2005-10-05,148547.3246924593
2005-10-06,146009.3115503504
2005-10-07,146912.29655715963
2005-10-10,144488.4420234873
2005-10-11,144498.7695786669
2005-10-12,141639.1763059809
2005-10-13,139448.26512701839
2005-10-14,142120.7283824238
2005-10-17,144004.7058532986
2005-10-18,141013.2739933285
2005-10-19,143523.4783567685
2005-10-20,139771.6418689984
2005-10-21,141649.128915717
2005-10-24,144713.64223234833
2005-10-25,144669.76708786667
2005-10-26,145468.3030027646
2005-10-27,142702.02532675967
2005-10-28,146302.03783419833
2005-10-31,146932.59843935852
2005-11-01,146615.33614801732
2005-11-02,150220.8860026518
2005-11-03,152401.57683088153
2005-11-04,149332.55999345673
2005-11-07,148257.02108719025
2005-11-08,148209.88182332192
2005-11-09,146757.02171184693
2005-11-10,146327.35739066277
2005-11-11,146333.62668301736
2005-11-14,147516.98390056763
2005-11-15,148222.46983530198
2005-11-16,150157.32366448652
2005-11-17,151991.55700784933
2005-11-18,151599.8927140833
2005-11-21,154466.16987735045
2005-11-22,156954.96320039046
2005-11-23,156556.40573984396
2005-11-24,156556.40573984396
2005-11-25,157817.72713142645
2005-11-28,153855.7297087313
2005-11-29,154165.2461970716
2005-11-30,153696.92949375205
2005-12-01,157900.94194158606
2005-12-02,158422.32127031378
2005-12-05,158466.93905672125
2005-12-06,159184.15600684876
2005-12-07,157721.63754221567
2005-12-08,160227.39617201456
2005-12-09,160251.32897278437
2005-12-12,162044.82610174784
2005-12-13,161427.2255909159
2005-12-14,162402.0562669947
2005-12-15,161773.99194643044
2005-12-16,160037.66421529793
2005-12-19,158697.34091445946
2005-12-20,159925.23693582558
2005-12-21,160711.29818794274
2005-12-22,163011.79406520867
2005-12-23,162697.58827325844
2005-12-26,162697.58827325844
2005-12-27,160109.16694280648
2005-12-28,160937.94343689823
2005-12-29,159696.7909629717
2005-12-30,159421.73337773228
2006-01-02,159421.73337773228
2006-01-03,164109.8311832323
2006-01-04,165728.5121000185
2006-01-05,164831.43602637196
2006-01-06,166931.19662312412
2006-01-09,168035.28001908207
2006-01-10,170008.6222961321
2006-01-11,170734.3579457178
2006-01-12,170955.2309734679
2006-01-13,171174.58968280323
2006-01-16,171174.58968280323
2006-01-17,173042.94609092243
2006-01-18,171489.1944081641
2006-01-19,173553.36110995777
2006-01-20,172409.5320203162
2006-01-23,173564.2471234656
2006-01-24,174372.31474517353
2006-01-25,171238.50862668522
2006-01-26,171684.19599746235
2006-01-27,172988.17702029712
2006-01-30,175479.17540763385
2006-01-31,175286.9325225211
2006-02-01,173180.15460465915
2006-02-02,172229.0181548453
2006-02-03,169197.64268182285
2006-02-06,168079.41304372318
2006-02-07,162205.42399762638
2006-02-08,161843.17423890598
2006-02-09,159884.58415864475
2006-02-10,159772.77927468784
2006-02-13,158555.63442888533
2006-02-14,159807.4790741471
2006-02-15,160251.54611622033
2006-02-16,163018.97603597876
2006-02-17,163071.28777971503
2006-02-20,163071.28777971503
2006-02-21,163403.17182913062
2006-02-22,163617.35190239188
2006-02-23,163053.7547072434
2006-02-24,164491.24461021658
2006-02-27,163932.45339105645
2006-02-28,157376.32912849335
2006-03-01,159967.48278926758
2006-03-02,161933.80693935303
2006-03-03,161291.4502498999
2006-03-06,157978.86675925812
2006-03-07,154436.0749940451
2006-03-08,153841.3895183604
2006-03-09,152504.07481728008
2006-03-10,156110.45182094982
2006-03-13,155643.46314201763
2006-03-14,158319.55441818645
2006-03-15,160821.2531972926
2006-03-16,160508.79711494854
2006-03-17,160425.4353204768
2006-03-20,159519.6027208369
2006-03-21,158448.1014219325
2006-03-22,158651.21412907055
2006-03-23,160136.573520283
2006-03-24,161473.95488987377
2006-03-27,162539.25844250133
2006-03-28,162332.71377907207
2006-03-29,164523.79588947704
2006-03-30,164036.87978420666
2006-03-31,163149.49479637554
2006-04-03,162561.68393097332
2006-04-04,164385.96189461162
2006-04-05,166594.77236233166
2006-04-06,168465.08372555187
2006-04-07,167454.70819435528
2006-04-10,168585.67500648907
2006-04-11,166470.9490104716
2006-04-12,168115.53804645946
2006-04-13,167340.04448185375
2006-04-14,167340.04448185375
2006-04-17,168537.03063259533
2006-04-18,172336.8979621928
2006-04-19,174769.13948593548
2006-04-20,173027.23840961864
2006-04-21,174459.69230614117
2006-04-24,172979.35440025738
2006-04-25,170703.54686317852
2006-04-26,169388.8713356059
2006-04-27,167876.50178490093
2006-04-28,168579.78132973125
2006-05-01,162800.21176353353
2006-05-02,164376.63488985793
2006-05-03,164422.99969121753
2006-05-04,169011.20891893885
2006-05-05,170809.87749697594
2006-05-08,171588.19067447862
2006-05-09,171646.05944710912
2006-05-10,171507.89370927424
2006-05-11,167500.0845600097
2006-05-12,162131.13561815195
2006-05-15,159875.00897395483
2006-05-16,160268.3170185326
2006-05-17,156139.59104682712
2006-05-18,154136.7849029089
2006-05-19,154187.15248980926
2006-05-22,150942.15243969942
2006-05-23,150506.64737084685
2006-05-24,149246.47680412326
2006-05-25,153665.33986091072
2006-05-26,154696.163641482
2006-05-29,154696.163641482
2006-05-30,150140.04418442713
2006-05-31,152260.87796090113
2006-06-01,156066.39803818928
2006-06-02,156476.74820629822
2006-06-05,150714.67745519147
2006-06-06,149405.524617915
2006-06-07,145429.07462412806
2006-06-08,145534.77003288956
2006-06-09,145915.1667168209
2006-06-12,141040.7388349244
2006-06-13,139255.6179490158
2006-06-14,142203.87148220034
2006-06-15,149544.79412091465
2006-06-16,148795.3341950843
2006-06-19,145751.70174825878
2006-06-20,145776.92793316336
2006-06-21,151044.86535829992
2006-06-22,149310.88016612025
2006-06-23,151335.58302009793
2006-06-26,153049.52746630402
2006-06-27,150767.98627669306
2006-06-28,152191.35415921302
2006-06-29,160798.84531138034
2006-06-30,159353.35906603717
2006-07-03,160894.93978090427
2006-07-04,160894.9445827926
2006-07-05,158697.13351270082
2006-07-06,157888.587478689
2006-07-07,155280.3695810953
2006-07-10,154830.1104308626
2006-07-11,156118.3412798984
2006-07-12,153594.35242976408
2006-07-13,149481.08282623006
2006-07-14,148968.4754328966
2006-07-17,146506.9827970756
2006-07-18,147490.88861963555
2006-07-19,151339.79566094547
2006-07-20,145104.7406649075
2006-07-21,140899.47060885094
2006-07-24,145713.600240777
2006-07-25,146117.35656735953
2006-07-26,143644.4328888458
2006-07-27,144792.95544334356
2006-07-28,147268.0411303432
2006-07-31,149376.44857201428
2006-08-01,146114.4611917807
2006-08-02,146900.9610047098
2006-08-03,148888.5937059468
2006-08-04,146585.66101614613
2006-08-07,146194.46483331046
2006-08-08,144174.95468814933
2006-08-09,142019.2347077878
2006-08-10,141880.74134854504
2006-08-11,138877.37224445044
2006-08-14,138009.6588782006
2006-08-15,142100.67473469317
2006-08-16,145057.7990495314
2006-08-17,143669.1916478709
2006-08-18,144760.9341093268
2006-08-21,142928.55455036368
2006-08-22,143136.51334223745
2006-08-23,141195.87102684818
2006-08-24,139793.2641709789
2006-08-25,140479.51134500347
2006-08-28,140860.57558140598
2006-08-29,140252.30945108153
2006-08-30,139046.99899218298
2006-08-31,139768.72448530048
2006-09-01,142393.6020984262
2006-09-04,142393.62956061537
2006-09-05,143296.81283662454
2006-09-06,140261.2005542183
2006-09-07,139061.44505425481
2006-09-08,140412.06688416944
2006-09-11,140899.39948426653
2006-09-12,140625.97330489068
2006-09-13,142808.18019556027
2006-09-14,144604.62183846202
2006-09-15,145679.96054991876
2006-09-18,145568.03506169684
2006-09-19,144610.39398019252
2006-09-20,146000.00233117514
2006-09-21,145838.35408689766
2006-09-22,145075.1936995167
2006-09-25,147393.94539579377
2006-09-26,149546.8093123909
2006-09-27,147645.5813666706
2006-09-28,149220.67349231333
2006-09-29,149180.12872847775
2006-10-02,149055.40463778598
2006-10-03,148828.85286441434
2006-10-04,150451.73638126993
2006-10-05,151741.14058587587
2006-10-06,149964.31753491412
2006-10-09,150608.58759992267
2006-10-10,149669.85315850726
2006-10-11,149545.64626114068
2006-10-12,150124.96995030006
2006-10-13,151053.51329687898
2006-10-16,152234.71899887957
2006-10-17,149724.7249490252
2006-10-18,146985.17430146044
2006-10-19,148204.3823046749
2006-10-20,147621.3977715351
2006-10-23,148802.4789527546
2006-10-24,152742.1705022263
2006-10-25,152593.08329221906
2006-10-26,154266.05536976078
2006-10-27,149988.0316067542
2006-10-30,149043.54674984646
2006-10-31,149941.96601344564
2006-11-01,150554.02057735648
2006-11-02,150541.46654275223
2006-11-03,149972.38151328053
2006-11-06,153150.8716576887
2006-11-07,152919.34587528437
2006-11-08,152370.12205432772
2006-11-09,150638.21395300166
2006-11-10,151492.17651582175
2006-11-13,152623.004428915
2006-11-14,153315.43552721228
2006-11-15,152502.34051202686
2006-11-16,153489.9779063465
2006-11-17,153588.98242477496
2006-11-20,154729.46446560512
2006-11-21,155221.39756294453
2006-11-22,155290.05604693273
2006-11-23,155290.07287026013
2006-11-24,155178.81792170965
2006-11-27,151716.64662997727
2006-11-28,152543.19048052552
2006-11-29,153748.430695506
2006-11-30,154071.22579910984
2006-12-01,153548.46272457563
2006-12-04,155110.5014586856
2006-12-05,155761.78662538723
2006-12-06,155049.27892371293
2006-12-07,155219.1460063879
2006-12-08,155779.03457352397
2006-12-11,156254.25425265415
2006-12-12,155807.89406689184
2006-12-13,155689.7474050806
2006-12-14,156495.31116491798
2006-12-15,156589.22663386163
2006-12-18,155893.99402530637
2006-12-19,156189.11148197073
2006-12-20,156047.2000904522
2006-12-21,155631.67911649792
2006-12-22,154864.32938906073
2006-12-25,154864.33263268907
2006-12-26,155037.14638694137
2006-12-27,156666.63938496527
2006-12-28,156453.73824379858
2006-12-29,155876.64464590963
2007-01-01,155876.64464590963
2007-01-02,155876.64464590963
2007-01-03,155814.67622440873
2007-01-04,157142.62247294007
2007-01-05,156127.84734362183
2007-01-08,156646.11459968652
2007-01-09,157459.91807315912
2007-01-10,158157.4651548198
2007-01-11,159084.01748960526
2007-01-12,159707.3582937053
2007-01-15,159707.3582937053
2007-01-16,160608.6528202823
2007-01-17,161137.0182563594
2007-01-18,159662.90895526917
2007-01-19,160437.6076084903
2007-01-22,160279.03036087067
2007-01-23,160342.4917003444
2007-01-24,162399.6618186763
2007-01-25,160264.93300741227
2007-01-26,159976.28697412522
2007-01-29,160163.28671901734
2007-01-30,161018.247634106
2007-01-31,162504.54301838338
2007-02-01,162596.07274488866
2007-02-02,162535.67628721654
2007-02-05,162715.58494858205
2007-02-06,162808.19789843023
2007-02-07,163324.80145506322
2007-02-08,163375.9828644222
2007-02-09,160347.3332515186
2007-02-12,159370.0218897289
2007-02-13,160945.53671936452
2007-02-14,162001.85755066335
2007-02-15,162557.07542900502
2007-02-16,162389.02179293096
2007-02-19,162389.02179293096
2007-02-20,163289.61265282094
2007-02-21,163433.6120438999
2007-02-22,162508.39203934133
2007-02-23,160748.41373972356
2007-02-26,160312.32177500188
2007-02-27,154873.85072757216
2007-02-28,156747.82623644845
2007-03-01,156200.39969630988
2007-03-02,152722.7971133626
2007-03-05,151222.27659431557
2007-03-06,155882.98222219222
2007-03-07,154142.82544547162
2007-03-08,158228.15671466987
2007-03-09,158501.9357728103
2007-03-12,159578.7373626873
2007-03-13,157365.04541097896
2007-03-14,158390.90016414627
2007-03-15,158644.31415490157
2007-03-16,158000.5579849947
2007-03-19,161840.8560144151
2007-03-20,163247.5198757964
2007-03-21,166637.2278142065
2007-03-22,165841.14108071392
2007-03-23,164969.4761722634
2007-03-26,163825.79224193533
2007-03-27,160007.17531973647
2007-03-28,158260.30112986136
2007-03-29,159534.5270491117
2007-03-30,159152.09591264455
2007-04-02,160527.77461193968
2007-04-03,162467.63784258458
2007-04-04,162799.05908931352
2007-04-05,164160.35242069126
2007-04-06,164160.35950476033
2007-04-09,164721.69079810556
2007-04-10,164784.68090117563
2007-04-11,165269.3444390432
2007-04-12,167036.10576244694
2007-04-13,168101.1567525668
2007-04-16,168674.87456279952
2007-04-17,168826.00883980896
2007-04-18,169155.97472613136
2007-04-19,167428.60516425275
2007-04-20,168776.8730119614
2007-04-23,169485.81278259703
2007-04-24,168117.15000466545
2007-04-25,169587.2466442999
2007-04-26,170166.4285157477
2007-04-27,170222.5908391441
2007-04-30,164572.96849990738
2007-05-01,162388.83631159086
2007-05-02,169230.12796487904
2007-05-03,172443.78683071054
2007-05-04,176775.2517141235
2007-05-07,179048.69454423914
2007-05-08,178862.3265989136
2007-05-09,179206.33083190085
2007-05-10,178143.7852834103
2007-05-11,178247.922379457
2007-05-14,176489.9137946121
2007-05-15,175628.1991166964
2007-05-16,177228.69449190897
2007-05-17,178537.70629861444
2007-05-18,178341.77147929484
2007-05-21,178608.86112188283
2007-05-22,179667.30534980298
2007-05-23,178971.8097535419
2007-05-24,176160.09657307077
2007-05-25,178480.4016296368
2007-05-28,178480.40441809778
2007-05-29,180771.56345838198
2007-05-30,184394.92430195777
2007-05-31,185612.38205947285
2007-06-01,187509.53532440073
2007-06-04,189532.3737462757
2007-06-05,190140.46885114835
2007-06-06,187042.497533438
2007-06-07,181269.93307363728
2007-06-08,185069.3580311511
2007-06-11,185596.90187799672
2007-06-12,186635.07973110417
2007-06-13,193357.55546676854
2007-06-14,194536.72003805378
2007-06-15,200994.1404348586
2007-06-18,203185.22667300442
2007-06-19,204967.51637923458
2007-06-20,203184.16960704068
2007-06-21,207055.51436507443
2007-06-22,209061.38295066098
2007-06-25,206995.9114931796
2007-06-26,207083.85240089634
2007-06-27,207172.79124223927
2007-06-28,211011.8352636073
2007-06-29,211428.80035557406
2007-07-02,204612.7288600164
2007-07-03,205111.5229980875
2007-07-04,205111.52302610283
2007-07-05,204632.35781764914
2007-07-06,205155.06664629685
2007-07-09,209532.4051048349
2007-07-10,204537.67766686188
2007-07-11,205318.45427246796
2007-07-12,208887.327229936
2007-07-13,211796.93688269364
2007-07-16,209406.02956481682
2007-07-17,208914.67633577096
2007-07-18,209524.88261147248
2007-07-19,210305.7179140638
2007-07-20,207579.7833077501
2007-07-23,206460.40543130835
2007-07-24,202433.36619946975
2007-07-25,202318.46803433372
2007-07-26,199479.36297001055
2007-07-27,198160.46680594567
2007-07-30,204292.3749153261
2007-07-31,201565.01753172773
2007-08-01,198952.45985096478
2007-08-02,197413.75280574936
2007-08-03,192686.50699304292
2007-08-06,193748.35629710328
2007-08-07,197010.68732874322
2007-08-08,198914.82561807113
2007-08-09,185594.30397492365
2007-08-10,184896.52593917673
2007-08-13,189480.438565937
2007-08-14,186796.72437100048
2007-08-15,178673.3940687896
2007-08-16,175179.606265964
2007-08-17,181291.43854771895
2007-08-20,187635.2287551298
2007-08-21,190816.56683975307
2007-08-22,197596.41852609842
2007-08-23,193886.80204655282
2007-08-24,198300.00578845624
2007-08-27,195267.18048389046
2007-08-28,186436.51743567325
2007-08-29,192864.9887156516
2007-08-30,195295.58924442186
2007-08-31,199839.24559687468
2007-09-03,199839.83509536422
2007-09-04,205165.2961846942
2007-09-05,204256.30631339137
2007-09-06,203616.38837825204
2007-09-07,196993.3228739655
2007-09-10,196602.11450190452
2007-09-11,200507.15792112355
2007-09-12,197019.00817962358
2007-09-13,200110.03121369597
2007-09-14,199867.36819194717
2007-09-17,199454.36627091395
2007-09-18,210158.2439431163
2007-09-19,211069.951918863
2007-09-20,211319.6748867342
2007-09-21,219556.5696651319
2007-09-24,216569.08547663287
2007-09-25,221258.47980759264
2007-09-26,221588.00878251978
2007-09-27,221373.6275508832
2007-09-28,224064.9733448591
2007-10-01,230944.6611992754
2007-10-02,232007.83508844834
2007-10-03,226499.22761927784
2007-10-04,232609.65125172166
2007-10-05,236990.74538627412
2007-10-08,236202.2727335186
2007-10-09,238964.87925713597
2007-10-10,238907.9456047977
2007-10-11,232088.6966777152
2007-10-12,240317.66710953705
2007-10-15,238815.1282396919
2007-10-16,239008.392547211
2007-10-17,239363.1235761833
2007-10-18,243137.10025599378
2007-10-19,236871.10032611847
2007-10-22,238239.15950739465
2007-10-23,252407.7335932152
2007-10-24,251496.42496053007
2007-10-25,250117.78741756373
2007-10-26,252589.791764728
2007-10-29,258010.5078148097
2007-10-30,252591.2529677996
2007-10-31,245132.02444671583
2007-11-01,239032.85655300063
2007-11-02,239163.24580369043
2007-11-05,236907.57730153415
2007-11-06,246324.07093092735
2007-11-07,240860.252431063
2007-11-08,243501.9350276873
2007-11-09,238776.8735258882
2007-11-12,222318.38922688764
2007-11-13,233326.96190033373
2007-11-14,232979.9713172954
2007-11-15,228428.2282199901
2007-11-16,233260.5372438472
2007-11-19,226890.33316374238
2007-11-20,230760.0235190433
2007-11-21,228570.54574871477
2007-11-22,228570.54574871477
2007-11-23,232530.96773100313
2007-11-26,229844.08864450868
2007-11-27,232255.69683075364
2007-11-28,243402.67468195374
2007-11-29,245877.5041845363
2007-11-30,248781.04389458115
2007-12-03,249213.05436436873
2007-12-04,247757.32116917672
2007-12-05,254365.4678366572
2007-12-06,259283.1819837481
2007-12-07,260772.21122006478
2007-12-10,262592.4128091723
2007-12-11,252458.7206495196
2007-12-12,257146.2036273867
2007-12-13,260144.5152227067
2007-12-14,257606.82454887856
2007-12-17,245123.71273294915
2007-12-18,248662.94982067574
2007-12-19,250308.4027744912
2007-12-20,254643.94123093117
2007-12-21,261556.5448662423
2007-12-24,265368.51979080663
2007-12-25,265368.51979080663
2007-12-26,269427.485113778
2007-12-27,266174.79400888906
2007-12-28,266018.77529193537
2007-12-31,250331.58629618454
2008-01-01,250363.7967568698
2008-01-02,250372.53781580043
2008-01-03,250712.21884072418
2008-01-04,249484.35552215425
2008-01-07,248982.3208694821
2008-01-08,248411.80299038498
2008-01-09,248695.1712430531
2008-01-10,248509.83888251966
2008-01-11,248187.06155824914
2008-01-14,248995.65737564943
2008-01-15,247926.99637055604
2008-01-16,246468.22685644013
2008-01-17,244912.01543252435
2008-01-18,245405.2766717119
2008-01-21,245437.55189069963
2008-01-22,245797.0192493889
2008-01-23,245577.48226149433
2008-01-24,246458.79819553724
2008-01-25,246529.6098987667
2008-01-28,246990.7648547673
2008-01-29,247045.64574295116
2008-01-30,246476.59680464875
2008-01-31,247101.2694005602
2008-02-01,248008.29912047353
2008-02-04,248274.80654429676
2008-02-05,247115.31608413524
2008-02-06,246928.35192154362
2008-02-07,246937.12987702322
2008-02-08,247349.33109237783
2008-02-11,248127.58700533648
2008-02-12,247893.89109963164
2008-02-13,249607.73126045082
2008-02-14,249298.09406573256
2008-02-15,249823.28838073654
2008-02-18,249855.65635324098
2008-02-19,250094.97101204755
2008-02-20,250461.368173497
2008-02-21,249966.38596227506
2008-02-22,250345.39145614536
2008-02-25,250898.83790356023
2008-02-26,250867.41967784052
2008-02-27,250515.8123675457
2008-02-28,250388.7036435737
2008-02-29,249716.69783785535
2008-03-03,249783.38074925018
2008-03-04,249578.8554849016
2008-03-05,250405.01748748377
2008-03-06,249982.80177047927
2008-03-07,249113.3325577857
2008-03-10,247595.88333954374
2008-03-11,249408.9342232495
2008-03-12,249687.20795725213
2008-03-13,250124.07382374603
2008-03-14,249502.1778967278
2008-03-17,248583.8894961704
2008-03-18,250089.30735807226
2008-03-19,248722.5273016191
2008-03-20,248871.6905790411
2008-03-24,249768.8861826466
2008-03-25,250576.42535949702
2008-03-26,250597.267258189
2008-03-27,250544.5590930389
2008-03-28,250582.63294109397
2008-03-31,250475.8588047743
2008-04-01,251254.02039576188
2008-04-02,251395.00831009727
2008-04-03,254899.8247837815
2008-04-04,261244.92793339503
2008-04-07,262519.8437249084
2008-04-08,265173.1952430842
2008-04-09,264008.6217854974
2008-04-10,266449.40117326094
2008-04-11,261826.91945140308
2008-04-14,264791.7457266631
2008-04-15,267268.14133387146
2008-04-16,275347.8391464459
2008-04-17,272236.87701147766
2008-04-18,275271.4701819293
2008-04-21,277503.5249355278
2008-04-22,274409.71940280107
2008-04-23,271824.96530502767
2008-04-24,266079.7020348235
2008-04-25,271252.7365718938
2008-04-28,271101.7164401678
2008-04-29,269639.4210786671
2008-04-30,271748.5174368378
2008-05-01,269569.5597360514
2008-05-02,271255.84865665494
2008-05-05,272849.031385461
2008-05-06,278376.01259419543
2008-05-07,273087.97144637094
2008-05-08,276125.34289573366
2008-05-09,276330.50749510917
2008-05-12,278111.75916411745
2008-05-13,281137.2144954717
2008-05-14,279435.849992027
2008-05-15,281554.54179291683
2008-05-16,284220.7808750235
2008-05-19,281733.55891298933
2008-05-20,284154.4133612376
2008-05-21,278834.7263317189
2008-05-22,277412.22398787714
2008-05-23,275024.22763885884
2008-05-26,275026.9833865768
2008-05-27,274497.00210106774
2008-05-28,279891.8425897916
2008-05-29,276926.39404871914
2008-05-30,279239.75026244187
2008-06-02,269755.52819517074
2008-06-03,269805.0786926431
2008-06-04,269141.820827167
2008-06-05,270486.3909195723
2008-06-06,269829.0087974729
2008-06-09,270066.8960314144
2008-06-10,269762.570882092
2008-06-11,269877.3882372304
2008-06-12,269990.6399191107
2008-06-13,270930.8186755853
2008-06-16,271459.77211220365
2008-06-17,272121.63489469443
2008-06-18,271974.6886414159
2008-06-19,271502.69274629984
2008-06-20,271422.66199439927
2008-06-23,272236.38028442254
2008-06-24,271598.59328212426
2008-06-25,271638.44531957374
2008-06-26,270825.34914773237
2008-06-27,271062.6170002888
2008-06-30,270555.31023878476
2008-07-01,270613.555207468
2008-07-02,269007.97321242746
2008-07-03,268596.58723841177
2008-07-04,268631.6114112984
2008-07-07,268894.6604531066
2008-07-08,269249.76349072496
2008-07-09,269414.40757667075
2008-07-10,270246.34540938865
2008-07-11,270440.6370786199
2008-07-14,271036.2490662951
2008-07-15,270058.19616510905
2008-07-16,270464.52282487846
2008-07-17,270025.8352682244
2008-07-18,269952.9656595008
2008-07-21,270673.80058685027
2008-07-22,270298.5335747764
2008-07-23,269117.8250844736
2008-07-24,268654.87201369414
2008-07-25,269033.60270311876
2008-07-28,269084.1927611514
2008-07-29,269827.7378039018
2008-07-30,271257.21014406625
2008-07-31,270527.3243271408
2008-08-01,270206.9056154415
2008-08-04,268818.9774085676
2008-08-05,268482.36281141907
2008-08-06,268796.06114304933
2008-08-07,268501.04122999276
2008-08-08,268234.72191958013
2008-08-11,267717.38616532064
2008-08-12,267655.8876661916
2008-08-13,268727.1704866821
2008-08-14,268771.07154053973
2008-08-15,268350.2010068989
2008-08-18,268161.4844798522
2008-08-19,268680.0480239477
2008-08-20,269468.6228005505
2008-08-21,270022.2720175346
2008-08-22,270067.90313726774
2008-08-25,269703.91503714176
2008-08-26,269935.4136834957
2008-08-27,270326.9062261946
2008-08-28,270480.0141077292
2008-08-29,270401.29065030115
2008-09-01,270436.5207338434
2008-09-02,269077.82855608733
2008-09-03,268269.0126829555
2008-09-04,267302.4117378531
2008-09-05,267702.6666851395
2008-09-08,266697.2641626354
2008-09-09,264840.8001568884
2008-09-10,265764.1162581532
2008-09-11,266557.0836467366
2008-09-12,267194.9829587084
2008-09-15,265688.2548098783
2008-09-16,266535.0025650647
2008-09-17,265562.95558223675
2008-09-18,266335.71423062077
2008-09-19,267842.83219803905
2008-09-22,267124.86641696957
2008-09-23,266325.2594560102
2008-09-24,266374.9734384798
2008-09-25,266296.96422762785
2008-09-26,264984.6197226265
2008-09-29,263224.08057829016
2008-09-30,264345.765710618
2008-10-01,264027.7302040892
2008-10-02,261185.49258932334
2008-10-03,260937.33421766074
2008-10-06,260573.49313051486
2008-10-07,259293.97176668205
2008-10-08,259935.10532607874
2008-10-09,259142.56582511688
2008-10-10,258957.78978882456
2008-10-13,260926.18830711202
2008-10-14,260863.24302486127
2008-10-15,258977.85721441303
2008-10-16,259960.75842098112
2008-10-17,259745.36834088506
2008-10-20,260595.74740782424
2008-10-21,260068.88528783663
2008-10-22,258940.5668483587
2008-10-23,258428.9260606186
2008-10-24,258153.20988288615
2008-10-27,257690.42969465585
2008-10-28,258831.94957994728
2008-10-29,259159.6276759055
2008-10-30,260333.61687179666
2008-10-31,260724.1903813699
2008-11-03,260480.3327422511
2008-11-04,261026.76929403687
2008-11-05,259411.97661178242
2008-11-06,258553.35520608735
2008-11-07,259208.7286256872
2008-11-10,258780.78320812673
2008-11-11,258380.7065284868
2008-11-12,257467.25905005724
2008-11-13,259042.20528576398
2008-11-14,258070.60774820216
2008-11-17,257557.76290060228
2008-11-18,257736.59241743377
2008-11-19,256513.3793942744
2008-11-20,255821.9339061485
2008-11-21,257459.56700798086
2008-11-24,258175.20125543635
2008-11-25,258574.04449585173
2008-11-26,259266.91199148007
2008-11-27,259300.69475788387
2008-11-28,259112.8492690774
2008-12-01,257285.88274220977
2008-12-02,258183.04571537222
2008-12-03,258608.438722746
2008-12-04,258288.16841633318
2008-12-05,259475.41787321147
2008-12-08,259867.56996702726
2008-12-09,259037.54707800757
2008-12-10,259265.95440481527
2008-12-11,258243.6406365693
2008-12-12,258442.46829336084
2008-12-15,258264.9552319018
2008-12-16,259257.90582476856
2008-12-17,258769.88559869857
2008-12-18,256824.78194284343
2008-12-19,255761.81087055695
2008-12-22,254640.07231681625
2008-12-23,254264.90285943606
2008-12-24,254772.1804609281
2008-12-25,254791.580442317
2008-12-26,255373.7340190977
2008-12-29,254733.30483413572
2008-12-30,256729.58025377317
2008-12-31,258472.66424506373
2009-01-01,258491.23292195186
2009-01-02,259965.16085554464
2009-01-05,259806.2808872476
2009-01-06,256201.73893588583
2009-01-07,254316.8729876657
2009-01-08,253701.43696394513
2009-01-09,251290.7445091564
2009-01-12,250373.20323845377
2009-01-13,250256.815281943
2009-01-14,245523.9952862154
2009-01-15,247186.18400936754
2009-01-16,249457.42129130755
2009-01-19,249465.36940655974
2009-01-20,244511.39421431944
2009-01-21,247834.1062684917
2009-01-22,244208.14762189076
2009-01-23,241210.084488288
2009-01-26,241912.76086121
2009-01-27,243212.09091378906
2009-01-28,243733.66926571433
2009-01-29,240936.05357961426
2009-01-30,238172.39517364054
2009-02-02,238751.30724537143
2009-02-03,242885.74521069616
2009-02-04,240514.26284651936
2009-02-05,241785.157987401
2009-02-06,246409.71390186998
2009-02-09,246349.73828561144
2009-02-10,239791.80160893255
2009-02-11,240854.19810931032
2009-02-12,241041.18360342158
2009-02-13,238119.35756845865
2009-02-16,238127.3069243547
2009-02-17,234356.71768134082
2009-02-18,236292.04130518736
2009-02-19,235652.4109518808
2009-02-20,234315.151568942
2009-02-23,230510.13162611282
2009-02-24,235047.82917736506
2009-02-25,234265.4254788398
2009-02-26,228249.59908447557
2009-02-27,225844.98521277832
2009-03-02,221882.6377344786
2009-03-03,222285.8559022543
2009-03-04,222722.42700519005
2009-03-05,222441.48495843916
2009-03-06,222355.49229408044
2009-03-09,222147.86226982682
2009-03-10,222852.4947254321
2009-03-11,222783.6973127687
2009-03-12,223632.54114339157
2009-03-13,223872.99039955356
2009-03-16,223577.56019710703
2009-03-17,224120.90050669803
2009-03-18,224253.55926416547
2009-03-19,224127.05197613002
2009-03-20,224048.9384192511
2009-03-23,224411.00694964087
2009-03-24,220721.49648419884
2009-03-25,223173.82874508132
2009-03-26,227582.6229258509
2009-03-27,223263.46771088743
2009-03-30,222291.01891588574
2009-03-31,223035.19001389627
2009-04-01,225777.2297722022
2009-04-02,224085.10293280898
2009-04-03,222211.38150007048
2009-04-06,222529.4489350392
2009-04-07,219124.03154403143
2009-04-08,223072.10085787595
2009-04-09,224436.32345126595
2009-04-10,224436.72068222277
2009-04-13,222494.1185321227
2009-04-14,220857.1531188113
2009-04-15,222049.5188234619
2009-04-16,224225.96053057368
2009-04-17,224825.15315928307
2009-04-20,222619.31378971456
2009-04-21,222744.6051787961
2009-04-22,221995.93394656145
2009-04-23,224878.61862882346
2009-04-24,224608.77334130532
2009-04-27,225877.61825165205
2009-04-28,224836.16113565527
2009-04-29,222949.2904453762
2009-04-30,220674.98488586553
2009-05-01,215759.28768934848
2009-05-04,224034.23198040546
2009-05-05,222807.45338251634
2009-05-06,221549.84921740697
2009-05-07,216575.88956404733
2009-05-08,215752.69237266324
2009-05-11,213947.4440420241
2009-05-12,212302.94784201786
2009-05-13,206903.8203910642
2009-05-14,208286.31617145723
2009-05-15,207538.59381075922
2009-05-18,212065.13398597753
2009-05-19,213341.87672359197
2009-05-20,210645.2120121109
2009-05-21,208123.77368482275
2009-05-22,208327.97644907882
2009-05-25,208329.17777470095
2009-05-26,216172.16206670692
2009-05-27,211195.46615983828
2009-05-28,210995.40529712552
2009-05-29,214417.67908286618
2009-06-01,220275.1220231199
2009-06-02,222264.73291699708
2009-06-03,220637.33468907786
2009-06-04,221074.44190905662
2009-06-05,219878.48196397306
2009-06-08,221869.9928489855
2009-06-09,223181.24594106636
2009-06-10,222115.76552457834
2009-06-11,218649.52443005543
2009-06-12,217249.84836850959
2009-06-15,213972.50149413652
2009-06-16,208594.77725896073
2009-06-17,211964.5866591809
2009-06-18,212683.1158665671
2009-06-19,215126.2241073461
2009-06-22,210590.07386687907
2009-06-23,206588.77682972673
2009-06-24,205320.03113627192
2009-06-25,212931.10007453567
2009-06-26,213117.23398569497
2009-06-29,216098.20586593708
2009-06-30,213972.1784149214
2009-07-01,214205.47385420874
2009-07-02,207454.83946673275
2009-07-03,207454.8409411035
2009-07-06,206477.96200620665
2009-07-07,198705.3549860035
2009-07-08,195403.76787300973
2009-07-09,198398.29224117886
2009-07-10,198015.203593908
2009-07-13,204768.64413095187
2009-07-14,206620.08283810646
2009-07-15,216094.6299446256
2009-07-16,219073.45305710146
2009-07-17,217942.93618131912
2009-07-20,220298.08827156512
2009-07-21,220089.72654948107
2009-07-22,222511.48834846006
2009-07-23,230860.08131558736
2009-07-24,229808.25316776667
2009-07-27,230178.28234761924
2009-07-28,230230.94780011426
2009-07-29,228125.75089234393
2009-07-30,238173.4446877486
2009-07-31,241530.3889246782
2009-08-03,246309.76477121213
2009-08-04,244463.43246494886
2009-08-05,246751.26195427554
2009-08-06,245361.45600370332
2009-08-07,250859.93376906836
2009-08-10,251005.63353667516
2009-08-11,248129.97710952128
2009-08-12,250286.6271329468
2009-08-13,251120.10952543543
2009-08-14,246048.0036152858
2009-08-17,237922.60763505328
2009-08-18,242950.1634534723
2009-08-19,244593.08133217393
2009-08-20,249801.20785738557
2009-08-21,251963.40578869742
2009-08-24,246593.2626293043
2009-08-25,252443.70953894098
2009-08-26,252207.18825454407
2009-08-27,255234.87674723825
2009-08-28,254747.9183564723
2009-08-31,254031.62963595102
2009-09-01,244189.94023754698
2009-09-02,240928.8367694991
2009-09-03,246749.3486915149
2009-09-04,247933.24718963858
2009-09-07,247933.25321874436
2009-09-08,250170.61069725116
2009-09-09,252597.64864708987
2009-09-10,254256.68403956262
2009-09-11,250641.98276240684
2009-09-14,252585.04598669277
2009-09-15,253484.03880431817
2009-09-16,255589.8255671104
2009-09-17,250753.82405403838
2009-09-18,251611.70199924835
2009-09-21,250775.94714230337
2009-09-22,253850.42093673674
2009-09-23,253868.29559705665
2009-09-24,251080.81759848297
2009-09-25,250025.27921835188
2009-09-28,255670.6253672536
2009-09-29,255332.26658691934
2009-09-30,254017.28269006868
2009-10-01,245733.4219238483
2009-10-02,242215.0321829269
2009-10-05,248393.94753894082
2009-10-06,252399.10439707202
2009-10-07,251900.40221859
2009-10-08,252930.18664939943
2009-10-09,252556.88682434615
2009-10-12,258508.63989705575
2009-10-13,258160.39201926178
2009-10-14,265671.132989987
2009-10-15,267529.930487683
2009-10-16,263461.149082014
2009-10-19,270195.46004239685
2009-10-20,269807.2339080201
2009-10-21,269677.5140958607
2009-10-22,273172.80749240116
2009-10-23,267394.81298308226
2009-10-26,263599.9684179027
2009-10-27,254962.4995377721
2009-10-28,244076.26546067535
2009-10-29,252718.24192704534
2009-10-30,243306.9517730905
2009-11-02,251219.01061879686
2009-11-03,254222.83653167458
2009-11-04,251468.0611222831
2009-11-05,259520.6349030318
2009-11-06,261271.66200609625
2009-11-09,270168.20089409634
2009-11-10,274614.36543479183
2009-11-11,276539.9174513603
2009-11-12,274722.11172328173
2009-11-13,277809.12321725604
2009-11-16,281795.5180138771
2009-11-17,282342.1292415973
2009-11-18,281097.4973734011
2009-11-19,275496.9974111957
2009-11-20,274414.04173901456
2009-11-23,278769.8279696201
2009-11-24,277048.47584302176
2009-11-25,280193.48493721866
2009-11-26,280193.4879726813
2009-11-27,273400.1412551997
2009-11-30,274210.72680057434
2009-12-01,278980.51642124436
2009-12-02,280513.30302110984
2009-12-03,278055.6866779677
2009-12-04,280395.52481501445
2009-12-07,279030.31325348746
2009-12-08,276609.85735608824
2009-12-09,278976.68637248495
2009-12-10,281340.69048135803
2009-12-11,280095.5982274196
2009-12-14,285468.02843181376
2009-12-15,284000.64214819815
2009-12-16,288061.47007248795
2009-12-17,284663.4774003391
2009-12-18,287302.9170833735
2009-12-21,290826.9486856097
2009-12-22,297074.9168773432
2009-12-23,301092.84156652546
2009-12-24,303226.5379120006
2009-12-25,303226.53969958855
2009-12-28,303220.5736319795
2009-12-29,301075.7216233273
2009-12-30,300191.2960003872
2009-12-31,297282.53874299995
2010-01-01,297282.55244837725
2010-01-04,301882.18787078996
2010-01-05,306547.1009636458
2010-01-06,304084.349313138
2010-01-07,302371.0594165356
2010-01-08,304696.99734849634
2010-01-11,303673.455990986
2010-01-12,297136.06483008905
2010-01-13,302361.79058541066
2010-01-14,301837.9500461518
2010-01-15,298098.7646524402
2010-01-18,298098.77726526075
2010-01-19,300230.45073756867
2010-01-20,295660.1819194733
2010-01-21,291152.30821617966
2010-01-22,283223.5336424661
2010-01-25,284296.5276290658
2010-01-26,286155.7497530624
2010-01-27,286397.38181243744
2010-01-28,281483.57587866724
2010-01-29,278242.3567253498
2010-02-01,283740.7897478405
2010-02-02,287851.8255057558
2010-02-03,287280.12840825645
2010-02-04,275209.0663981529
2010-02-05,277041.9879423185
2010-02-08,276466.1848507892
2010-02-09,282980.5313854214
2010-02-10,282760.2029641154
2010-02-11,286522.01533079473
2010-02-12,286656.0481554119
2010-02-15,286656.0608044796
2010-02-16,292282.9523535061
2010-02-17,293436.7913464028
2010-02-18,299074.93445068836
2010-02-19,298527.48026627395
2010-02-22,297007.1175610698
2010-02-23,290538.2721725929
2010-02-24,293026.9872860775
2010-02-25,292784.60892941285
2010-02-26,294505.6187807115
2010-03-01,303001.15749482356
2010-03-02,303839.69024049485
2010-03-03,301495.25904909725
2010-03-04,302191.52896541555
2010-03-05,307191.3216523526
2010-03-08,307683.6082717508
2010-03-09,307699.07033644296
2010-03-10,310856.28556707123
2010-03-11,312734.03598229727
2010-03-12,312458.0343478148
2010-03-15,311140.8783131982
2010-03-16,316388.6266457663
2010-03-17,318908.1737918922
2010-03-18,317275.22316649294
2010-03-19,311926.1105182411
2010-03-22,319093.5951349711
2010-03-23,321423.0521769001
2010-03-24,320104.781088227
2010-03-25,316809.35101892275
2010-03-26,317512.3840469295
2010-03-29,318943.59498071123
2010-03-30,319619.00973541406
2010-03-31,317756.2675179243
2010-04-01,320240.78821483115
2010-04-02,320240.79304329015
2010-04-05,324117.69118157943
2010-04-06,324099.3882963791
2010-04-07,322724.714537048
2010-04-08,322838.99558717984
2010-04-09,326333.3077941258
2010-04-12,326671.9230227769
2010-04-13,327935.19876558013
2010-04-14,336057.28935565014
2010-04-15,338753.856085063
2010-04-16,331964.36432113615
2010-04-19,329703.4598997459
2010-04-20,334419.66078048706
2010-04-21,336589.08239037695
2010-04-22,343829.7374523846
2010-04-23,347109.48385759286
2010-04-26,348388.86629613384
2010-04-27,336183.544302462
2010-04-28,335327.05520815845
2010-04-29,342045.1768872162
2010-04-30,321144.7162671249
2010-05-03,326633.63605110435
2010-05-04,314104.02915468934
2010-05-05,309585.4109325133
2010-05-06,297000.4004786619
2010-05-07,290774.52323752723
2010-05-10,312534.96891623817
2010-05-11,309431.83392173133
2010-05-12,316025.51846299926
2010-05-13,311207.54685392836
2010-05-14,300529.26773920516
2010-05-17,298986.1528696106
2010-05-18,291643.3948239372
2010-05-19,289215.4453639076
2010-05-20,275277.7481782966
2010-05-21,284975.7858627372
2010-05-24,281623.1955760055
2010-05-25,283183.6079667144
2010-05-26,283849.35097199015
2010-05-27,297829.7971718841
2010-05-28,291517.5037448936
2010-05-31,291517.5037448936
2010-06-01,284076.4016731315
2010-06-02,294501.390407198
2010-06-03,295884.4143963986
2010-06-04,280025.79143010906
2010-06-07,273481.74420005834
2010-06-08,277494.6451371387
2010-06-09,277470.6599829868
2010-06-10,288731.2120092586
2010-06-11,290887.87690002477
2010-06-14,290991.25527746236
2010-06-15,299858.14398653066
2010-06-16,298608.6305230335
2010-06-17,298051.47279912984
2010-06-18,298316.72077924764
2010-06-21,297339.6411846355
2010-06-22,289723.83550579107
2010-06-23,288414.74728757894
2010-06-24,281278.9054082111
2010-06-25,284467.7751777843
2010-06-28,282429.6007512686
2010-06-29,269150.3794444678
2010-06-30,263230.6370106136
2010-07-01,260682.60374979724
2010-07-02,258729.50813749764
2010-07-05,258729.50967335998
2010-07-06,259565.79668135892
2010-07-07,270936.3068527061
2010-07-08,272796.4851718378
2010-07-09,275646.96705383103
2010-07-12,273823.4412618276
2010-07-13,280460.5269688774
2010-07-14,283027.2920198482
2010-07-15,281868.60766536946
2010-07-16,272299.1025242226
2010-07-19,272392.2696041631
2010-07-20,272526.5602827432
2010-07-21,272193.8011664845
2010-07-22,272066.6648896018
2010-07-23,277163.970601349
2010-07-26,279964.9341489535
2010-07-27,275222.4675082932
2010-07-28,273247.6484500952
2010-07-29,263557.6601558532
2010-07-30,265852.49743846245
2010-08-02,268014.5444731255
2010-08-03,267408.6635116178
2010-08-04,270489.2347023674
2010-08-05,269532.7882105868
2010-08-06,269959.5631257822
2010-08-09,272625.09779664536
2010-08-10,274062.2877653382
2010-08-11,267430.73044923245
2010-08-12,268279.64837108087
2010-08-13,268842.9813707404
2010-08-16,267849.2947796873
2010-08-17,272945.78068558895
2010-08-18,273391.5330874847
2010-08-19,272733.7165558457
2010-08-20,280662.0609252269
2010-08-23,277109.0647368104
2010-08-24,272383.70357918733
2010-08-25,273972.94717654906
2010-08-26,271749.363350539
2010-08-27,276118.0139546409
2010-08-30,271491.8475658763
2010-08-31,271435.1100309563
2010-09-01,279217.49114088237
2010-09-02,284328.22682652046
2010-09-03,288004.80583271553
2010-09-06,288004.80583271553
2010-09-07,287754.38597378304
2010-09-08,291196.9878171401
2010-09-09,290015.93651423027
2010-09-10,290210.4968870597
2010-09-13,295292.2829191046
2010-09-14,296124.9657160597
2010-09-15,297893.682216342
2010-09-16,297508.56065342
2010-09-17,298949.91927072575
2010-09-20,304671.24610349705
2010-09-21,300481.857215138
2010-09-22,299833.57655021717
2010-09-23,298385.36638757755
2010-09-24,305644.2423517423
2010-09-27,302305.2349064069
2010-09-28,305676.7332641797
2010-09-29,304921.82655880024
2010-09-30,301438.9441501813
2010-10-01,300544.5879471021
2010-10-04,301090.21383831074
2010-10-05,307627.4536740499
2010-10-06,299027.8660504537
2010-10-07,299111.51137802174
2010-10-08,300574.70863506367
2010-10-11,297858.5640923696
2010-10-12,300904.1362888532
2010-10-13,303694.07760355045
2010-10-14,305255.53162548115
2010-10-15,304729.26213523914
2010-10-18,304739.6713530736
2010-10-19,303438.27931711246
2010-10-20,306662.0368182378
2010-10-21,305405.04154750874
2010-10-22,308590.4548060613
2010-10-25,309938.1670696454
2010-10-26,308514.1640355306
2010-10-27,310221.8358452039
2010-10-28,310815.4473367887
2010-10-29,312694.37330877356
2010-11-01,312096.43298294547
2010-11-02,315660.1539931569
2010-11-03,315635.5789621535
2010-11-04,319272.4122055985
2010-11-05,319873.7537052774
2010-11-08,320395.55218069255
2010-11-09,319185.2230409329
2010-11-10,322043.0879655913
2010-11-11,322007.7259246241
2010-11-12,317799.3798036215
2010-11-15,315972.40796812024
2010-11-16,308863.70500039257
2010-11-17,310107.0736453048
2010-11-18,317269.31537316105
2010-11-19,320504.76822330244
2010-11-22,323641.76555806457
2010-11-23,320519.2794152405
2010-11-24,325826.63156597584
2010-11-25,325826.66817831254
2010-11-26,325119.67966277007
2010-11-29,323462.4880465257
2010-11-30,321856.65110618493
2010-12-01,327705.6033758882
2010-12-02,330764.53029856074
2010-12-03,332119.9617509121
2010-12-06,332478.8580705818
2010-12-07,333159.26098940487
2010-12-08,335132.6837205397
2010-12-09,333737.77502096776
2010-12-10,335073.47747663484
2010-12-13,332752.6823162174
2010-12-14,329625.5685377096
2010-12-15,328507.6473076846
2010-12-16,332219.0311174677
2010-12-17,333562.6107139013
2010-12-20,333906.955701159
2010-12-21,336313.75608359004
2010-12-22,334995.517491688
2010-12-23,332937.03561025
2010-12-24,332937.04095363873
2010-12-27,332287.5197198446
2010-12-28,331246.2612488871
2010-12-29,332564.67720572907
2010-12-30,332106.3056753544
2010-12-31,328347.22404344176
2011-01-03,332930.75695430965
2011-01-04,329363.1780143816
2011-01-05,333078.150434765
2011-01-06,331592.6998762129
2011-01-07,331818.8055076175
2011-01-10,333974.5028957854
2011-01-11,332637.25555480627
2011-01-12,333305.37089149683
2011-01-13,333626.176325247
2011-01-14,334821.8961521837
2011-01-17,334821.8961521837
2011-01-18,335943.59417550295
2011-01-19,332480.5826360437
2011-01-20,321697.7601198408
2011-01-21,320550.6299943182
2011-01-24,320050.65273730486
2011-01-25,318514.80759994715
2011-01-26,320927.04906742304
2011-01-27,326360.4970549795
2011-01-28,321581.4282396528
2011-01-31,322273.21247203083
2011-02-01,326131.43028647633
2011-02-02,326324.56889803143
2011-02-03,329328.5543246362
2011-02-04,333892.0792703721
2011-02-07,334950.6178259942
2011-02-08,336871.97269988985
2011-02-09,337841.7609670255
2011-02-10,341176.5085814092
2011-02-11,343958.55193758936
2011-02-14,346733.70901633234
2011-02-15,343732.9040949437
2011-02-16,344455.90827530355
2011-02-17,341875.75699537725
2011-02-18,342394.2641448352
2011-02-21,342394.2641448352
2011-02-22,330080.5945093009
2011-02-23,323908.9069468352
2011-02-24,327439.958326039
2011-02-25,330932.369548938
2011-02-28,326098.94749413687
2011-03-01,319399.7615091075
2011-03-02,320795.13042145077
2011-03-03,327147.98646195116
2011-03-04,326173.2127468678
2011-03-07,321249.21283664426
2011-03-08,321279.5998122429
2011-03-09,318479.3216536077
2011-03-10,313298.92537070217
2011-03-11,315874.3739033338
2011-03-14,314169.950930197
2011-03-15,314014.8608801275
2011-03-16,309089.5360210434
2011-03-17,311474.3815255747
2011-03-18,309628.1850274227
2011-03-21,315139.4583374701
2011-03-22,313064.94568129233
2011-03-23,317568.7639127366
2011-03-24,323177.0964020493
2011-03-25,325008.09893483476
2011-03-28,325369.4031825355
2011-03-29,328321.22570394975
2011-03-30,330449.15289167274
2011-03-31,331609.3317571476
2011-04-01,332866.25687898806
2011-04-04,332618.3649315348
2011-04-05,331221.0627939287
2011-04-06,328371.56714256795
2011-04-07,328750.68433175073
2011-04-08,327467.78909219726
2011-04-11,324983.2970592986
2011-04-12,323847.91167883115
2011-04-13,326578.3893180453
2011-04-14,327158.5073479442
2011-04-15,328326.16010866966
2011-04-18,325570.6133241794
2011-04-19,328324.5605485012
2011-04-20,337362.3365435371
2011-04-21,341315.06679388665
2011-04-22,341317.1951737741
2011-04-25,340523.51320666994
2011-04-26,339048.8851245622
2011-04-27,337619.9819110178
2011-04-28,336577.8851186158
2011-04-29,335687.42531073675
2011-05-02,329221.2344103276
2011-05-03,323515.1193949159
2011-05-04,321050.7116656976
2011-05-05,320182.6682491262
2011-05-06,321310.63009595464
2011-05-09,325008.52063250134
2011-05-10,327910.6333613355
2011-05-11,324471.9619262312
2011-05-12,326825.177457634
2011-05-13,324387.11582285503
2011-05-16,320227.91705495457
2011-05-17,318729.41890627483
2011-05-18,324199.5978975926
2011-05-19,325806.61531983956
2011-05-20,324035.70925745374
2011-05-23,319471.5900011957
2011-05-24,320544.47914323217
2011-05-25,325014.852913946
2011-05-26,327664.3559976519
2011-05-27,328333.3124879301
2011-05-30,328333.3124879301
2011-05-31,330478.6789489687
2011-06-01,325703.3678039015
2011-06-02,326067.93709835416
2011-06-03,323921.6418150366
2011-06-06,319564.543681711
2011-06-07,320278.25668582326
2011-06-08,317664.6445020557
2011-06-09,320826.1832062126
2011-06-10,315660.50563277013
2011-06-13,315557.44901670224
2011-06-14,321709.9384948135
2011-06-15,316592.4985214592
2011-06-16,315127.5174526096
2011-06-17,315578.1500162006
2011-06-20,319155.5126940132
2011-06-21,326200.7582012535
2011-06-22,324153.0114029766
2011-06-23,325984.6752461315
2011-06-24,323232.7454987884
2011-06-27,325860.6086126686
2011-06-28,333085.5629745842
2011-06-29,334933.0715974689
2011-06-30,335656.84930663335
2011-07-01,340131.7853228972
2011-07-04,340131.7887434452
2011-07-05,343352.22305695154
2011-07-06,345605.7098092079
2011-07-07,346886.8900100219
2011-07-08,348011.85768595926
2011-07-11,342271.09952754126
2011-07-12,338757.11072538834
2011-07-13,340794.46720818867
2011-07-14,336006.0227423836
2011-07-15,336609.3660788125
2011-07-18,335037.698478519
2011-07-19,343515.9676596466
2011-07-20,337866.18963295664
2011-07-21,337273.5107774431
2011-07-22,335831.72546614165
2011-07-25,332459.67371017206
2011-07-26,332021.176716581
2011-07-27,324658.66257594083
2011-07-28,325793.7687327642
2011-07-29,325679.69956498244
2011-08-01,325072.91833442636
2011-08-02,317379.6159213946
2011-08-03,318584.1544088721
2011-08-04,301430.4170059562
2011-08-05,308392.96763032675
2011-08-08,289260.88213409146
2011-08-09,290397.6762514005
2011-08-10,289342.86146009655
2011-08-11,290619.7268918754
2011-08-12,291166.280602478
2011-08-15,291519.95408047293
2011-08-16,291098.6506340677
2011-08-17,290680.6289251393
2011-08-18,289036.89450800756
2011-08-19,288625.0335937763
2011-08-22,288724.3580595128
2011-08-23,290092.63077319966
2011-08-24,290415.936277405
2011-08-25,289926.05939369433
2011-08-26,290818.72325878654
2011-08-29,291604.6622191269
2011-08-30,292080.80961460515
2011-08-31,292237.05020186654
2011-09-01,292020.04544246604
2011-09-02,291402.48056740663
2011-09-05,291440.26509284694
2011-09-06,291673.4190390961
2011-09-07,292076.02901133365
2011-09-08,291970.0211491388
2011-09-09,291315.3022867051
2011-09-12,291709.00298139435
2011-09-13,292051.7386595717
2011-09-14,292637.55028471176
2011-09-15,292551.5793695104
2011-09-16,292769.67354095564
2011-09-19,292952.3256816013
2011-09-20,292865.78157627065
2011-09-21,292364.8765221353
2011-09-22,291547.3871057918
2011-09-23,291588.0257289804
2011-09-26,292188.4199352185
2011-09-27,292149.8413442254
2011-09-28,291725.0904910291
2011-09-29,291252.95772899233
2011-09-30,290597.7658251991
2011-10-03,289855.78345122666
2011-10-04,290515.16051353683
2011-10-05,291361.626860341
2011-10-06,291829.73318712355
2011-10-07,291737.17220935615
2011-10-10,292416.64514046395
2011-10-11,292419.4855703046
2011-10-12,292620.30271682586
2011-10-13,292998.10171889846
2011-10-14,296959.3612040498
2011-10-17,295018.6235198326
2011-10-18,297773.21848328586
2011-10-19,292895.45149643236
2011-10-20,293843.46573557175
2011-10-21,299371.13686945057
2011-10-24,302134.72070616635
2011-10-25,297020.10978019587
2011-10-26,297315.14127571246
2011-10-27,299439.0336223945
2011-10-28,301118.21577866573
2011-10-31,297615.66220282397
2011-11-01,292864.04267821624
2011-11-02,295273.6139641325
2011-11-03,298944.38322575873
2011-11-04,297501.6590544611
2011-11-07,298659.9609885332
2011-11-08,300621.30255156686
2011-11-09,294125.8899155647
2011-11-10,295264.4974674227
2011-11-11,299374.71584197687
2011-11-14,296924.9765363376
2011-11-15,297745.15082594287
2011-11-16,293301.87890500075
2011-11-17,291221.43651007797
2011-11-18,290862.19552102353
2011-11-21,288204.7349736095
2011-11-22,289004.8237162515
2011-11-23,284686.5008809155
2011-11-24,284687.1283342538
2011-11-25,284976.36115373677
2011-11-28,290644.56551645935
2011-11-29,292614.5637508799
2011-11-30,300864.09612721787
2011-12-01,301874.6538842976
2011-12-02,300470.2674203582
2011-12-05,301799.86949326686
2011-12-06,301638.770433904
2011-12-07,301848.995972314
2011-12-08,299298.1392494965
2011-12-09,302857.59363661066
2011-12-12,300940.56682057
2011-12-13,299792.9269382697
2011-12-14,297953.87043505197
2011-12-15,298185.34012518317
2011-12-16,298428.84776424937
2011-12-19,298289.09018474794
2011-12-20,298623.2363137123
2011-12-21,298887.18677525845
2011-12-22,298728.15986909304
2011-12-23,299042.73829626327
2011-12-26,299081.34945672244
2011-12-27,299340.00751428277
2011-12-28,299305.36154629424
2011-12-29,299478.04549410613
2011-12-30,297160.1947937427
2012-01-02,297170.2067721438
2012-01-03,295680.96539214684
2012-01-04,297018.5375127741
2012-01-05,298970.6640667514
2012-01-06,297997.61039505154
2012-01-09,298082.92103102163
2012-01-10,298909.3227309638
2012-01-11,298683.38399083464
2012-01-12,299490.3697463337
2012-01-13,299173.80198081397
2012-01-16,299183.8213519066
2012-01-17,300706.5813680042
2012-01-18,302206.23473545926
2012-01-19,300988.74384919263
2012-01-20,300100.9989205159
2012-01-23,299273.7846729173
2012-01-24,299118.48162742396
2012-01-25,300775.7880836503
2012-01-26,299159.4345811247
2012-01-27,298510.63735616807
2012-01-30,298087.9356278897
2012-01-31,298424.6520874598
2012-02-01,300201.46972515923
2012-02-02,301128.7119540897
2012-02-03,304230.5986583767
2012-02-06,303400.50108933327
2012-02-07,305024.80225516926
2012-02-08,304993.3434341676
2012-02-09,305661.52545898553
2012-02-10,304748.355490143
2012-02-13,306233.7872587379
2012-02-14,306507.5828856628
2012-02-15,305059.19961852446
2012-02-16,307249.94387796195
2012-02-17,308141.6291688298
2012-02-20,308151.67399509624
2012-02-21,307273.3618852959
2012-02-22,308122.5267696512
2012-02-23,308843.56090605946
2012-02-24,309797.8769438822
2012-02-27,310960.31047559634
2012-02-28,311749.9759373884
2012-02-29,310183.12894303486
2012-03-01,313415.241928665
2012-03-02,314377.5088530531
2012-03-05,315721.5884695954
2012-03-06,310744.7696243314
2012-03-07,312101.4015910863
2012-03-08,315016.2789696431
2012-03-09,317508.25834264455
2012-03-12,317424.9039371958
2012-03-13,319277.5814111044
2012-03-14,318642.42814592505
2012-03-15,319570.1511319009
2012-03-16,318644.041053733
2012-03-19,318234.00085312617
2012-03-20,321048.7089062794
2012-03-21,321339.46811636916
2012-03-22,321059.8612995204
2012-03-23,319772.5311845398
2012-03-26,324768.10748353327
2012-03-27,325227.5180844184
2012-03-28,322448.5858498214
2012-03-29,322685.367489033
2012-03-30,323876.0457403583
2012-04-02,326050.8728382574
2012-04-03,326144.2024900449
2012-04-04,324558.77825460554
2012-04-05,326953.23183817824
2012-04-09,323605.5503385042
2012-04-10,314733.7226500471
2012-04-11,319099.45400039176
2012-04-12,321517.69259328797
2012-04-13,321221.21959978115
2012-04-16,320925.37171745073
2012-04-17,325019.26590396225
2012-04-18,325918.6256824567
2012-04-19,322639.2714035821
2012-04-20,324934.49501088954
2012-04-23,321892.4965833444
2012-04-24,317631.7768238056
2012-04-25,322774.4868410159
2012-04-26,327338.6151679965
2012-04-27,333658.29053742957
2012-04-30,331396.8049754588
2012-05-01,333091.23304414586
2012-05-02,339961.0626023162
2012-05-03,335479.29283171846
2012-05-04,328909.0989804997
2012-05-07,330529.0609741983
2012-05-08,326763.01149025914
2012-05-09,325243.7973010535
2012-05-10,326603.7787931168
2012-05-11,326561.3590518426
2012-05-14,320948.56065191416
2012-05-15,322453.31358886935
2012-05-16,323642.3015818137
2012-05-17,311834.2271851964
2012-05-18,310073.142626552
2012-05-21,317361.3960723474
2012-05-22,320272.6242108159
2012-05-23,324511.58666930074
2012-05-24,324585.2810979495
2012-05-25,325603.21152794437
2012-05-28,325603.26037410425
2012-05-29,329980.55740341597
2012-05-30,325474.457633905
2012-05-31,326010.32186295977
2012-06-01,314623.418098316
2012-06-04,316283.41210462665
2012-06-05,317088.59851049865
2012-06-06,324651.9937029185
2012-06-07,322108.5431774928
2012-06-08,326552.4138463011
2012-06-11,322758.9544394317
2012-06-12,329359.3493059455
2012-06-13,323973.6200313079
2012-06-14,327095.6672684052
2012-06-15,330491.92004956416
2012-06-18,335256.5938517753
2012-06-19,338025.31152355025
2012-06-20,335635.14603814133
2012-06-21,327809.39375938
2012-06-22,332710.41376472067
2012-06-25,327583.730305244
2012-06-26,330502.38233598624
2012-06-27,324847.7102159666
2012-06-28,319873.4550454971
2012-06-29,327584.1112112513
2012-07-02,329439.89665834216
2012-07-03,329983.23749183386
2012-07-04,329983.25643244374
2012-07-05,335822.85405485623
2012-07-06,334098.4117076818
2012-07-09,331066.2708096638
2012-07-10,329553.4668050624
2012-07-11,324903.4704899861
2012-07-12,324104.9286611388
2012-07-13,330670.0510229199
2012-07-16,328327.5064486399
2012-07-17,328846.11226150696
2012-07-18,330574.74177685595
2012-07-19,329162.9389862528
2012-07-20,322643.45676264196
2012-07-23,323110.4132767619
2012-07-24,319262.4633280744
2012-07-25,310486.1783916088
2012-07-26,313437.4988231434
2012-07-27,316624.5437356469
2012-07-30,317891.94172018033
2012-07-31,317341.59327227325
2012-08-01,312610.6589983104
2012-08-02,311145.68146935996
2012-08-03,318369.95615375263
2012-08-06,321762.321577803
2012-08-07,326474.271157795
2012-08-08,323214.95023295196
2012-08-09,317363.19290021586
2012-08-10,308879.9476113621
2012-08-13,306526.4180365674
2012-08-14,317859.66097760404
2012-08-15,318573.7600825102
2012-08-16,321473.3793679881
2012-08-17,325732.9295556666
2012-08-20,325670.2489381446
2012-08-21,324434.41303212306
2012-08-22,326162.8882158143
2012-08-23,323339.48392601655
2012-08-24,327842.4928968762
2012-08-27,328102.1988751128
2012-08-28,329416.4859475963
2012-08-29,329589.78227755934
2012-08-30,325032.90219824057
2012-08-31,327283.02793180256
2012-09-03,327283.047406518
2012-09-04,329105.74398707063
2012-09-05,327563.3396226209
2012-09-06,332769.12417893205
2012-09-07,330712.5019528856
2012-09-10,328869.16283057496
2012-09-11,328135.32797861117
2012-09-12,328843.0390692241
2012-09-13,334012.5827799327
2012-09-14,331439.4288912303
2012-09-17,332070.44286255905
2012-09-18,330851.9691954143
2012-09-19,332280.4646597392
2012-09-20,333607.2636404521
2012-09-21,335915.84394745895
2012-09-24,334650.7284708507
2012-09-25,332039.23738389084
2012-09-26,331554.92111496994
2012-09-27,333561.1339025981
2012-09-28,331973.07484726975
2012-10-01,333506.174572993
2012-10-02,333574.5453176982
2012-10-03,337153.9389582164
2012-10-04,338324.7608595378
2012-10-05,339542.01347284386
2012-10-08,336517.4140580184
2012-10-09,332244.3120205886
2012-10-10,331778.73763017723
2012-10-11,328315.31614138925
2012-10-12,327280.6867792829
2012-10-15,331341.48363520944
2012-10-16,334410.6150496229
2012-10-17,333961.4155638441
2012-10-18,333750.26836421335
2012-10-19,328431.80309703195
2012-10-22,328272.66429164255
2012-10-23,326185.47001101816
2012-10-24,325547.2446654066
2012-10-25,321661.95103671396
2012-10-26,320927.8275511488
2012-10-29,320927.8275511488
2012-10-30,320927.8275511488
2012-10-31,322026.961736027
2012-11-01,325517.4014765967
2012-11-02,319808.1111352214
2012-11-05,324172.70073826093
2012-11-06,326979.95894576545
2012-11-07,322557.98819856934
2012-11-08,316855.6734101177
2012-11-09,313678.5497519197
2012-11-12,315292.5506336668
2012-11-13,315164.01986733644
2012-11-14,307966.66304895375
2012-11-15,306565.343999179
2012-11-16,311521.23222854914
2012-11-19,318376.27935034217
2012-11-20,322734.701454224
2012-11-21,323657.00813394965
2012-11-22,323657.00813394965
2012-11-23,327378.31406122627
2012-11-26,326000.6522780079
2012-11-27,325131.6491452399
2012-11-28,327534.88789475145
2012-11-29,328548.54772061587
2012-11-30,329178.64716309786
2012-12-03,327952.34020299197
2012-12-04,326897.81164616824
2012-12-05,324348.1769614327
2012-12-06,325679.18656111835
2012-12-07,328502.0265030968
2012-12-10,328335.40075827716
2012-12-11,328708.5367188561
2012-12-12,330043.9946665871
2012-12-13,327134.6798935714
2012-12-14,327912.71150596766
2012-12-17,334393.19666870264
2012-12-18,337045.6035700622
2012-12-19,333475.90740211634
2012-12-20,335331.76493461756
2012-12-21,331263.0937634292
2012-12-24,331564.24797733454
2012-12-25,331564.24797733454
2012-12-26,328330.9258614364
2012-12-27,328155.66093643336
2012-12-28,324644.82004173426
2012-12-31,332195.46906777495
2013-01-01,332195.4982976461
2013-01-02,342648.63268479554
2013-01-03,339041.630541449
2013-01-04,341114.7572770768
2013-01-07,339021.10466757364
2013-01-08,340517.2383200111
2013-01-09,342084.8406932674
2013-01-10,342330.2372706652
2013-01-11,340572.9434206667
2013-01-14,340595.8448768769
2013-01-15,342562.8489526434
2013-01-16,344566.8521218513
2013-01-17,350083.71065433766
2013-01-18,349495.6380091179
2013-01-21,349495.667297765
2013-01-22,350764.82052536064
2013-01-23,352734.8667520404
2013-01-24,354180.36166666285
2013-01-25,357223.93251131696
2013-01-28,355111.86084785475
2013-01-29,359263.3993580091
2013-01-30,357691.60238205374
2013-01-31,353204.56405815185
2013-02-01,356639.472036018
2013-02-04,351251.1613443012
2013-02-05,353187.4888488848
2013-02-06,352143.871451358
2013-02-07,352275.9372969392
2013-02-08,355358.06741952634
2013-02-11,353627.4116643298
2013-02-12,357677.86838291225
2013-02-13,359530.237812373
2013-02-14,367750.26020329987
2013-02-15,368145.6237342894
2013-02-18,368145.64431050466
2013-02-19,369151.7315830232
2013-02-20,358731.79543171177
2013-02-21,357772.51444172807
2013-02-22,363294.6036983223
2013-02-25,356671.82467745646
2013-02-26,363659.284731006
2013-02-27,370370.5162425979
2013-02-28,369998.76117351785
2013-03-01,373704.8067556495
2013-03-04,378409.97415779816
2013-03-05,381453.7242240042
2013-03-06,381099.9812730588
2013-03-07,380578.1402396168
2013-03-08,383540.7749204279
2013-03-11,382762.602834776
2013-03-12,383662.18013572675
2013-03-13,383694.50103684136
2013-03-14,384968.4652126414
2013-03-15,382407.4916305482
2013-03-18,382630.167329556
2013-03-19,381495.278248882
2013-03-20,386536.4967494237
2013-03-21,382883.5850715914
2013-03-22,384684.5316764033
2013-03-25,384308.6670868739
2013-03-26,389205.419780291
2013-03-27,390898.4427460425
2013-03-28,393133.39360312856
2013-03-29,393133.4174287781
2013-04-01,389974.653605354
2013-04-02,386100.2045422195
2013-04-03,375203.68503076845
2013-04-04,375880.0514694884
2013-04-05,375007.1668220563
2013-04-08,378077.7375346434
2013-04-09,379732.4783084259
2013-04-10,380505.2961863845
2013-04-11,382831.3041193216
2013-04-12,382571.6110692966
2013-04-15,369973.7041555079
2013-04-16,377183.2327619777
2013-04-17,371564.40970208397
2013-04-18,367076.7987856988
2013-04-19,375013.6374224144
2013-04-22,378980.7985628849
2013-04-23,389840.4079097085
2013-04-24,387887.4844426677
2013-04-25,389234.26538824907
2013-04-26,389798.9427536901
2013-04-29,392416.17642993346
2013-04-30,379307.6982989714
2013-05-01,373027.2024145714
2013-05-02,379218.05955131276
2013-05-03,386385.77020701347
2013-05-06,388703.62643108156
2013-05-07,389307.7132006671
2013-05-08,385180.6507226031
2013-05-09,382521.58392772905
2013-05-10,382031.5672775243
2013-05-13,385437.7988826765
2013-05-14,394140.7858847333
2013-05-15,399157.8706453992
2013-05-16,394734.4787377594
2013-05-17,401942.16797726136
2013-05-20,401376.2512053726
2013-05-21,400366.06739513855
2013-05-22,397220.6436607314
2013-05-23,394770.52208156115
2013-05-24,395544.74796409137
2013-05-27,395544.74796409137
2013-05-28,399143.9394618941
2013-05-29,396666.8871623946
2013-05-30,397216.4032203627
2013-05-31,392772.06317538745
2013-06-03,389872.64711148123
2013-06-04,387211.1998286901
2013-06-05,379301.10492855887
2013-06-06,384905.52439076285
2013-06-07,392249.9878507314
2013-06-10,390093.8029514013
2013-06-11,385404.35318047384
2013-06-12,381531.3017726598
2013-06-13,387398.06216884084
2013-06-14,385652.41877055593
2013-06-17,387980.0187518639
2013-06-18,387798.97654319234
2013-06-19,383303.9831874413
2013-06-20,368115.0034873528
2013-06-21,365905.7992847008
2013-06-24,360045.7235562844
2013-06-25,366471.610639338
2013-06-26,369800.5646464867
2013-06-27,370141.53365588613
2013-06-28,368066.6365926308
2013-07-01,370213.05134317715
2013-07-02,367207.02070108
2013-07-03,364757.46309104504
2013-07-04,364757.46309104504
2013-07-05,369629.1446026856
2013-07-08,372253.257437616
2013-07-09,377415.2231976086
2013-07-10,378444.98519173206
2013-07-11,383532.9164942795
2013-07-12,388523.33420529903
2013-07-15,389596.62497082294
2013-07-16,388264.0164999062
2013-07-17,390594.08487906994
2013-07-18,391702.59327307285
2013-07-19,393473.61687222065
2013-07-22,395156.7189511353
2013-07-23,389698.0741156632
2013-07-24,388321.77934876026
2013-07-25,388509.41299143375
2013-07-26,389347.9663797909
2013-07-29,387454.9859043652
2013-07-30,389613.7340363556
2013-07-31,389482.5191151196
2013-08-01,394715.7760502392
2013-08-02,393529.4780563408
2013-08-05,394504.94757261814
2013-08-06,391398.9761468736
2013-08-07,383641.02965181746
2013-08-08,386210.5751647321
2013-08-09,385435.1337804166
2013-08-12,384711.9018885461
2013-08-13,385374.01659542747
2013-08-14,383501.860907541
2013-08-15,374054.3757908208
2013-08-16,374609.72621701786
2013-08-19,372054.1246216161
2013-08-20,375994.6931259496
2013-08-21,375233.46046207973
2013-08-22,378727.9001688821
2013-08-23,380530.3229458196
2013-08-26,380855.4302148683
2013-08-27,370762.1673366887
2013-08-28,374137.73229979107
2013-08-29,375496.4827504022
2013-08-30,373277.64511965343
2013-09-02,373277.64511965343
2013-09-03,377719.9983053071
2013-09-04,381990.3032698495
2013-09-05,383996.1815943582
2013-09-06,382324.4864607362
2013-09-09,385143.71579318325
2013-09-10,391402.6470866708
2013-09-11,391963.3636680154
2013-09-12,389377.48175480793
2013-09-13,392611.7244849486
2013-09-16,395554.7443857474
2013-09-17,397940.07769062946
2013-09-18,403591.8469825072
2013-09-19,405258.81300356815
2013-09-20,402021.11761000584
2013-09-23,397285.318778543
2013-09-24,399749.0131120963
2013-09-25,399111.8587265296
2013-09-26,400694.7625600373
2013-09-27,400401.2747274911
2013-09-30,399166.5063616311
2013-10-01,406412.446716932
2013-10-02,409050.8361267453
2013-10-03,406933.7181476956
2013-10-04,413566.8441705113
2013-10-07,408331.9125198727
2013-10-08,399179.40980762296
2013-10-09,396113.91391509824
2013-10-10,408129.7822427159
2013-10-11,411060.36685556226
2013-10-14,417047.51558917813
2013-10-15,413666.6107410794
2013-10-16,423619.1877116566
2013-10-17,430556.4088215237
2013-10-18,435456.3386806851
2013-10-21,438524.68339532666
2013-10-22,438101.0848492985
2013-10-23,435966.3884405499
2013-10-24,438030.1709455853
2013-10-25,438647.96752208524
2013-10-28,436866.460928381
2013-10-29,441968.3266682034
2013-10-30,439097.41971296124
2013-10-31,424429.8207060193
2013-11-01,426320.54463385243
2013-11-04,430110.55563879415
2013-11-05,430924.2002109126
2013-11-06,426472.4821790985
2013-11-07,418109.8359703425
2013-11-08,425883.76454442827
2013-11-11,427200.54165929055
2013-11-12,428487.4851831623
2013-11-13,432878.96470270073
2013-11-14,436667.1052354589
2013-11-15,438096.15743578016
2013-11-18,432486.1870843044
2013-11-19,428234.3603339857
2013-11-20,427238.48646235873
2013-11-21,430625.67286459566
2013-11-22,434817.78327494184
2013-11-25,433369.7809492798
2013-11-26,434432.67384316056
2013-11-27,438389.7399356126
2013-11-28,438389.7399356126
2013-11-29,438353.87356350414
2013-12-02,436992.13543501677
2013-12-03,435374.4342135507
2013-12-04,432531.01316157164
2013-12-05,430975.9148568231
2013-12-06,435554.1240049641
2013-12-09,438289.63106787606
2013-12-10,439056.9753223698
2013-12-11,430446.12077963754
2013-12-12,433867.0481136109
2013-12-13,437544.832827356
2013-12-16,439492.4215657975
2013-12-17,439611.07764890447
2013-12-18,444052.63719442143
2013-12-19,443014.9403007294
2013-12-20,444611.93183782353
2013-12-23,448376.40214422
2013-12-24,450143.1421668793
2013-12-26,452133.11702325597
2013-12-27,445416.40325620427
2013-12-30,443834.55970361485
2013-12-31,440398.8081754453
2014-01-01,440398.812590506
2014-01-02,438289.5527263578
2014-01-03,440174.31054205773
2014-01-06,439958.3475446402
2014-01-07,442421.1208917171
2014-01-08,450074.1564912818
2014-01-09,450939.0054083026
2014-01-10,454553.09840983886
2014-01-13,446802.69414619356
2014-01-14,452305.9393039208
2014-01-15,452645.47056410037
2014-01-16,445550.6261015525
2014-01-17,440589.73207575444
2014-01-20,440589.73649905826
2014-01-21,446499.00928981043
2014-01-22,451103.76662738196
2014-01-23,450359.88471340266
2014-01-24,439077.60279519454
2014-01-27,433849.56105716026
2014-01-28,440375.97330211435
2014-01-29,433369.63149554154
2014-01-30,447779.55497461924
2014-01-31,447619.3392460156
2014-02-03,436663.1751137353
2014-02-04,439755.68136935873
2014-02-05,437901.26960441587
2014-02-06,443144.1262274264
2014-02-07,456727.0836902109
2014-02-10,455711.39405127545
2014-02-11,460357.63498024066
2014-02-12,462334.56947249273
2014-02-13,467440.9390178027
2014-02-14,468820.2868085208
2014-02-17,468820.2868085208
2014-02-18,471922.44932797574
2014-02-19,468635.4724717321
2014-02-20,474603.47688676737
2014-02-21,471794.8331694784
2014-02-24,476447.0056772413
2014-02-25,477626.35117628
2014-02-26,475606.82958080195
2014-02-27,475949.1882950666
2014-02-28,469173.88192169124
2014-03-03,467193.91127082036
2014-03-04,477948.85113645915
2014-03-05,480603.6132899369
2014-03-06,480327.54333314695
2014-03-07,478649.5948488531
2014-03-10,479029.56285620533
2014-03-11,475497.5063323308
2014-03-12,476354.5384135213
2014-03-13,469231.90525837673
2014-03-14,468894.1229248654
2014-03-17,472286.93086821056
2014-03-18,477444.43507596117
2014-03-19,471596.48600054055
2014-03-20,471026.4959926034
2014-03-21,461652.17806579894
2014-03-24,459102.94544339384
2014-03-25,463445.30215084756
2014-03-26,456885.58815684164
2014-03-27,454185.0183747444
2014-03-28,453349.5173329373
2014-03-31,463984.0448307112
2014-04-01,469251.6717772084
2014-04-02,469846.8690071608
2014-04-03,467077.8177768629
2014-04-04,454837.7177237277
2014-04-07,447911.4481192625
2014-04-08,446857.27924907394
2014-04-09,458543.41310138215
2014-04-10,441984.29669671797
2014-04-11,435700.15348478843
2014-04-14,439417.9399151024
2014-04-15,441826.4260501064
2014-04-16,450109.9865979763
2014-04-17,453468.10020975885
2014-04-21,458828.52213638497
2014-04-22,463927.74626098754
2014-04-23,465740.31344851124
2014-04-24,463272.07865272195
2014-04-25,454114.50568549416
2014-04-28,451835.2439313265
2014-04-29,457004.4418553756
2014-04-30,455744.96319312346
2014-05-01,454766.73505483987
2014-05-02,455722.675497111
2014-05-05,454349.7996442579
2014-05-06,452258.3741903495
2014-05-07,452534.4427136055
2014-05-08,453010.11199750035
2014-05-09,453382.6447467601
2014-05-12,460930.355116936
2014-05-13,462421.10680221923
2014-05-14,457884.8901638233
2014-05-15,452976.64191305963
2014-05-16,455309.69316660456
2014-05-19,460186.2993050885
2014-05-20,454710.4491848272
2014-05-21,457821.1033513605
2014-05-22,459321.40427027975
2014-05-23,464747.16652154864
2014-05-26,464747.16672031005
2014-05-27,469665.70605217194
2014-05-28,471715.1974413911
2014-05-29,476759.17412184575
2014-05-30,476804.2529754529
2014-06-02,480011.0792745447
2014-06-03,478576.5846074915
2014-06-04,480898.3772424555
2014-06-05,482294.64957560063
2014-06-06,485499.99285639287
2014-06-09,482631.2489122248
2014-06-10,480381.7172521448
2014-06-11,478714.2342332697
2014-06-12,468787.7754873133
2014-06-13,473158.1131590521
2014-06-16,473800.4397019064
2014-06-17,477424.32666384336
2014-06-18,480770.092615
2014-06-19,480863.6002825415
2014-06-20,481779.733699671
2014-06-23,478824.5286739981
2014-06-24,476303.5210388815
2014-06-25,479450.2710570013
2014-06-26,479540.7169378912
2014-06-27,481134.7514549559
2014-06-30,477056.6971749906
2014-07-01,482456.73997252027
2014-07-02,477242.1108488325
2014-07-03,478322.3464154486
2014-07-07,472819.62356894056
2014-07-08,469476.10672848264
2014-07-09,473494.49002878706
2014-07-10,472852.39967291395
2014-07-11,474832.51395027677
2014-07-14,477316.9579090361
2014-07-15,477483.4153579954
2014-07-16,479367.66260807554
2014-07-17,470638.7398900453
2014-07-18,477927.50843471923
2014-07-21,477997.64302105346
2014-07-22,482153.77430099883
2014-07-23,485863.6198701326
2014-07-24,488197.9874257509
2014-07-25,484217.8260573808
2014-07-28,484415.48112339416
2014-07-29,480378.9169225596
2014-07-30,478469.2802987002
2014-07-31,470294.7916551881
2014-08-01,461601.8886033145
2014-08-04,463421.02579805715
2014-08-05,459944.2663915568
2014-08-06,460035.61057900486
2014-08-07,458089.5471516237
2014-08-08,462228.0191312443
2014-08-11,463882.9131905539
2014-08-12,464455.3246481248
2014-08-13,466831.3824391726
2014-08-14,469062.67039735994
2014-08-15,470150.0434334114
2014-08-18,473134.39925185265
2014-08-19,475481.72278270265
2014-08-20,477783.14157560223
2014-08-21,476693.196154503
2014-08-22,477050.99714641355
2014-08-25,477654.27390078164
2014-08-26,478144.535722919
2014-08-27,479928.06575060735
2014-08-28,479721.7324287854
2014-08-29,483647.64176741766
2014-09-01,483662.7698092554
2014-09-02,484768.20499264414
2014-09-03,485971.4519908996
2014-09-04,486047.803281941
2014-09-05,490034.55072141526
2014-09-08,488200.9616221606
2014-09-09,480578.18784579064
2014-09-10,481202.72720654705
2014-09-11,481596.5070571605
2014-09-12,478832.5741241408
2014-09-15,478141.1552939876
2014-09-16,480092.3400859523
2014-09-17,480618.65380440466
2014-09-18,481481.4072507307
2014-09-19,479966.98320659035
2014-09-22,476825.1573783682
2014-09-23,475219.7444965418
2014-09-24,481119.15448271314
2014-09-25,473407.0662442342
2014-09-26,479436.1489110181
2014-09-29,479068.90305581066
2014-09-30,477008.0447350234
2014-10-01,467420.3419765034
2014-10-02,464598.94103056303
2014-10-03,470268.5900242506
2014-10-06,469380.121933972
2014-10-07,462165.13941663306
2014-10-08,468725.19078686973
2014-10-09,454990.0370458567
2014-10-10,441385.7641263298
2014-10-13,434148.6475632964
2014-10-14,436751.9386752035
2014-10-15,436232.51774319867
2014-10-16,439670.2198209021
2014-10-17,444115.10303398606
2014-10-20,450004.8637470297
2014-10-21,459055.9493264472
2014-10-22,456307.6487433626
2014-10-23,455751.41335722443
2014-10-24,459776.67981610156
2014-10-27,460212.2884493412
2014-10-28,463602.0854272399
2014-10-29,463175.5071989547
2014-10-30,463417.51520796947
2014-10-31,468221.74801237363
2014-11-03,469688.7443221272
2014-11-04,467155.13695492886
2014-11-05,464493.44514261687
2014-11-06,468106.98865546304
2014-11-07,464322.5072183573
2014-11-10,468438.01034464675
2014-11-11,469200.0890212397
2014-11-12,469686.92203742557
2014-11-13,469751.898141776
2014-11-14,466981.54378039925
2014-11-17,468886.45682326826
2014-11-18,476016.19980984874
2014-11-19,470850.3719693158
2014-11-20,471881.4509995157
2014-11-21,472329.1344208468
2014-11-24,475324.9477236862
2014-11-25,476502.7903193352
2014-11-26,479917.1912587207
2014-11-27,479922.0431877785
2014-11-28,483384.3142302393
2014-12-01,479485.3882269277
2014-12-02,480573.923767582
2014-12-03,481906.6476975142
2014-12-04,481768.029379077
2014-12-05,482373.29990759224
2014-12-08,484020.03504937876
2014-12-09,482883.29884681467
2014-12-10,480666.71868680057
2014-12-11,482627.10137933283
2014-12-12,478644.2543507508
2014-12-15,478376.4441365696
2014-12-16,475780.4561760366
2014-12-17,479443.66171238484
2014-12-18,484058.38473723485
2014-12-19,485162.7437412866
2014-12-22,487197.35448365903
2014-12-23,484634.5159841284
2014-12-24,485824.4363256311
2014-12-25,485831.0077621782
2014-12-26,486727.4965635888
2014-12-29,486024.09883690893
2014-12-30,484251.63577883
2014-12-31,479313.71017296606
2015-01-02,479622.1429845239
2015-01-05,473118.60875801055
2015-01-06,469569.6646778615
2015-01-07,475085.92465973645
2015-01-08,482582.4218306828
2015-01-09,479728.37810330087
2015-01-12,477619.2394731379
2015-01-13,476517.41753003263
2015-01-14,475104.198223563
2015-01-15,474068.08466258354
2015-01-16,477352.28182704136
2015-01-19,477386.40315832605
2015-01-20,478671.2173325467
2015-01-21,481460.6236493521
2015-01-22,488841.44053185696
2015-01-23,489278.3891015983
2015-01-26,490866.39473426377
2015-01-27,489197.7414824514
2015-01-28,488286.1030128647
2015-01-29,491296.2866382185
2015-01-30,485046.2857578825
2015-02-02,485546.4626696182
2015-02-03,483450.5804063947
2015-02-04,486682.16854380624
2015-02-05,490542.9311239998
2015-02-06,488126.385154516
2015-02-09,482613.3993573887
2015-02-10,488486.3240386663
2015-02-11,490243.45178190706
2015-02-12,493431.4278692764
2015-02-13,492842.4662045464
2015-02-16,492849.12716326263
2015-02-17,492296.4021101391
2015-02-18,494701.05414806504
2015-02-19,491001.6436284277
2015-02-20,494482.63284398924
2015-02-23,496522.21796664654
2015-02-24,496573.55338591745
2015-02-25,495272.551403002
2015-02-26,494594.0339906154
2015-02-27,492843.42427751934
2015-03-02,495890.8644422515
2015-03-03,493706.64651614946
2015-03-04,491923.8179559378
2015-03-05,497214.0825626767
2015-03-06,489884.2961981468
2015-03-09,494930.9834921397
2015-03-10,490905.62444821105
2015-03-11,491375.4855893128
2015-03-12,498377.8284169639
2015-03-13,498620.43712487957
2015-03-16,504566.5780258576
2015-03-17,501657.0379071299
2015-03-18,504127.35977293097
2015-03-19,505554.478967202
2015-03-20,507350.30054328055
2015-03-23,506138.2224200665
2015-03-24,505227.0034659761
2015-03-25,498748.7820030849
2015-03-26,495228.05364278244
2015-03-27,498691.94680703327
2015-03-30,503086.9300903153
2015-03-31,500732.3644872147
2015-04-01,496371.170425253
2015-04-02,497969.4591612284
2015-04-06,498233.2276435822
2015-04-07,495320.41156851186
2015-04-08,498611.5053451023
2015-04-09,497860.30125956616
2015-04-10,499855.99742268305
2015-04-13,496873.589501156
2015-04-14,496833.4925065901
2015-04-15,495179.60049169
2015-04-16,494308.22035095736
2015-04-17,489286.4910025144
2015-04-20,492321.9086371902
2015-04-21,494167.73341459094
2015-04-22,492833.2367460663
2015-04-23,494013.12169926736
2015-04-24,496018.8046664317
2015-04-27,491112.34198320785
2015-04-28,489845.6209026027
2015-04-29,484416.29756228207
2015-04-30,477916.29442873277
2015-05-01,487775.2853499351
2015-05-04,488553.45725011313
2015-05-05,479910.23756037344
2015-05-06,483482.9483937531
2015-05-07,486918.4031886678
2015-05-08,489275.94932480186
2015-05-11,490089.9350191659
2015-05-12,489319.12138065905
2015-05-13,487562.391871365
2015-05-14,489868.37147120596
2015-05-15,491283.4358632958
2015-05-18,495627.97917918325
2015-05-19,497175.13627223135
2015-05-20,494875.5602357781
2015-05-21,494966.1166532433
2015-05-22,495966.6648137963
2015-05-25,495966.6648137963
2015-05-26,491276.51592043997
2015-05-27,501150.2391927636
2015-05-28,501486.1094606316
2015-05-29,505326.07685450674
2015-06-01,506206.1978681481
2015-06-02,501413.0343435204
2015-06-03,499913.88191150787
2015-06-04,495461.2081940091
2015-06-05,495369.582268945
2015-06-08,489949.046909008
2015-06-09,488781.83756986615
2015-06-10,496170.55228773115
2015-06-11,496841.43346563337
2015-06-12,494512.81276670453
2015-06-15,500108.73587766645
2015-06-16,504059.9951397514
2015-06-17,505258.7538507326
2015-06-18,511684.8274743898
2015-06-19,510816.52302340104
2015-06-22,516544.8892991884
2015-06-23,517406.7134950502
2015-06-24,514794.21834734513
2015-06-25,518932.5955903871
2015-06-26,516944.07055452897
2015-06-29,504971.3268545015
2015-06-30,505096.29385685554
2015-07-01,509729.89291621506
2015-07-02,510680.9487535473
2015-07-06,504348.35251455836
2015-07-07,500713.383974868
2015-07-08,487080.37095430034
2015-07-09,484677.4443770803
2015-07-10,499082.8858994733
2015-07-13,499022.33102334087
2015-07-14,504859.43279815215
2015-07-15,503124.6634605404
2015-07-16,508662.0920241013
2015-07-17,508647.6176187025
2015-07-20,510950.4458050282
2015-07-21,510255.2251102239
2015-07-22,501386.17827637034
2015-07-23,505123.7873457801
2015-07-24,491263.2844008203
2015-07-27,481453.18003109057
2015-07-28,489917.9658576084
2015-07-29,490068.7844584989
2015-07-30,489246.13346864976
2015-07-31,485960.32443438674
2015-08-03,482550.43496381846
2015-08-04,476473.4300996597
2015-08-05,481925.00208490447
2015-08-06,473428.9155217941
2015-08-07,474725.34018343047
2015-08-10,483481.01883905486
2015-08-11,477226.7631016462
2015-08-12,479168.3813701696
2015-08-13,477621.54650406307
2015-08-14,475452.5816221661
2015-08-17,484334.4974070019
2015-08-18,475542.6674490399
2015-08-19,475142.29764857655
2015-08-20,456626.2074100054
2015-08-21,443154.4728502783
2015-08-24,434004.3751349005
2015-08-25,430813.48452706664
2015-08-26,452842.5883669409
2015-08-27,471063.4146990332
2015-08-28,470056.77401681273
2015-08-31,464774.7771696083
2015-09-01,451209.5404707488
2015-09-02,461825.9998990327
2015-09-03,464192.0207111496
2015-09-04,459184.31170388643
2015-09-07,459184.31170388643
2015-09-08,469812.29884454195
2015-09-09,464399.6205808777
2015-09-10,466640.6928760666
2015-09-11,470687.9005424637
2015-09-14,470145.8538047928
2015-09-15,474769.3281662125
2015-09-16,479962.6050083298
2015-09-17,480750.7588150162
2015-09-18,475714.653279509
2015-09-21,479676.3894111771
2015-09-22,471063.1628887314
2015-09-23,470131.99686738435
2015-09-24,469032.6738273758
2015-09-25,472488.44901582185
2015-09-28,456778.0873062271
2015-09-29,452148.93395539705
2015-09-30,461733.4770195145
2015-10-01,464960.7860805649
2015-10-02,469092.5523063797
2015-10-05,475529.0282566208
2015-10-06,470311.0002548355
2015-10-07,471196.3908798355
2015-10-08,474653.42327043
2015-10-09,476017.5544750351
2015-10-12,481073.61118813936
2015-10-13,474793.74341126863
2015-10-14,470357.8937255997
2015-10-15,477586.47266503755
2015-10-16,483092.30883714143
2015-10-19,481367.3149464459
2015-10-20,481416.19186816225
2015-10-21,480717.10068343906
2015-10-22,486574.0632581609
2015-10-23,491841.68452896737
2015-10-26,492236.48267674545
2015-10-27,489694.7709301421
2015-10-28,496441.84212086385
2015-10-29,497636.76520265604
2015-10-30,495707.87151306245
2015-11-02,496598.0737048511
2015-11-03,495763.9779331638
2015-11-04,497248.9670983433
2015-11-05,503901.4771276613
2015-11-06,507400.8267217891
2015-11-09,503004.60970490775
2015-11-10,505195.16977184615
2015-11-11,506633.2931274732
2015-11-12,497576.7031603416
2015-11-13,486630.3559982141
2015-11-16,494570.3952284416
2015-11-17,493223.71366220317
2015-11-18,503823.74777241674
2015-11-19,503753.2116046759
2015-11-20,510703.28991530376
2015-11-23,513364.9044006868
2015-11-24,511262.2279429241
2015-11-25,514051.3159358784
2015-11-26,514051.3159358784
2015-11-27,515120.4922372385
2015-11-30,510358.94082251034
2015-12-01,515363.5393306299
2015-12-02,512425.86169162235
2015-12-03,502785.35601189575
2015-12-04,513700.744722633
2015-12-07,511071.3434219687
2015-12-08,514558.26267472195
2015-12-09,505551.64720419334
2015-12-10,506159.4576735823
2015-12-11,494463.8545686691
2015-12-14,496527.31601534004
2015-12-15,498342.9132038654
2015-12-16,501633.81230102165
2015-12-17,499183.0182925734
2015-12-18,495960.8222447642
2015-12-21,497994.3842240916
2015-12-22,498885.64048387995
2015-12-23,499842.1804485159
2015-12-24,499633.5725901618
2015-12-28,500983.74338411924
2015-12-29,505250.2579072318
2015-12-30,503510.8973110479
2015-12-31,497587.7866278543
2016-01-04,496186.3163733106
2016-01-05,496381.9600210404
2016-01-06,496171.4252816809
2016-01-07,495152.26018454914
2016-01-08,494724.20714735216
2016-01-11,495173.16370197095
2016-01-12,495760.22716075083
2016-01-13,494305.3173200538
2016-01-14,494678.4717703646
2016-01-15,493579.66642599506
2016-01-18,493644.09260568465
2016-01-19,494113.48551354907
2016-01-20,493648.4841193827
2016-01-21,493951.12040884147
2016-01-22,495000.57645779924
2016-01-25,494833.3210410913
2016-01-26,495424.23154556216
2016-01-27,494820.01188042876
2016-01-28,496488.3146921299
2016-01-29,496254.86920333747
2016-02-01,496432.68034587585
2016-02-02,495644.51052407426
2016-02-03,495157.3595943969
2016-02-04,494866.87737217674
2016-02-05,493379.59746813297
2016-02-08,492634.7922348596
2016-02-09,492988.36190504726
2016-02-10,493519.69253978645
2016-02-11,493799.20539075014
2016-02-12,494350.11999032745
2016-02-15,494414.73080300604
2016-02-16,495969.6177260893
2016-02-17,496758.6756850715
2016-02-18,496347.7855721294
2016-02-19,496802.3692664549
2016-02-22,497949.3883172305
2016-02-23,497848.4559316971
2016-02-24,498073.14683538344
2016-02-25,498575.0498805961
2016-02-26,498433.0455893027
2016-02-29,497944.74458439567
2016-03-01,498675.83898728463
2016-03-02,501286.48028767284
2016-03-03,501667.59555180377
2016-03-04,500623.898185755
2016-03-07,497689.5184518046
2016-03-08,499671.63680479483
2016-03-09,502199.08352153975
2016-03-10,503218.82520088315
2016-03-11,507806.8889980769
2016-03-14,509560.9871966407
2016-03-15,511184.9713511115
2016-03-16,514310.42268883594
2016-03-17,515815.1489817813
2016-03-18,513111.59584218595
2016-03-21,511329.4238118688
2016-03-22,511203.608164247
2016-03-23,513691.160990288
2016-03-24,512366.03339920926
2016-03-28,514395.6406744985
2016-03-29,518378.0257336922
2016-03-30,518931.4236024811
2016-03-31,518869.63372153393
2016-04-01,522536.2237390697
2016-04-04,520150.48976552655
2016-04-05,516377.069546093
2016-04-06,520813.14473312325
2016-04-07,518770.4110895367
2016-04-08,519482.38806866715
2016-04-11,517115.3206411214
2016-04-12,517846.7461072947
2016-04-13,513291.1248194161
2016-04-14,511243.592416876
2016-04-15,513569.6516180136
2016-04-18,515877.6527091975
2016-04-19,513842.63870549976
2016-04-20,508276.7180292793
2016-04-21,499296.7448659259
2016-04-22,499522.22033724585
2016-04-25,502345.5883789189
2016-04-26,502360.8323553356
2016-04-27,503141.804278194
2016-04-28,502877.9849904808
2016-04-29,500992.77006904513
2016-05-02,504991.7036704131
2016-05-03,502706.73491350777
2016-05-04,504454.6468316626
2016-05-05,503465.8056230599
2016-05-06,507311.6510410959
2016-05-09,510472.1008589322
2016-05-10,514329.62719208543
2016-05-11,512430.86767954176
2016-05-12,515800.18144293077
2016-05-13,519700.31190319307
2016-05-16,522513.9898587013
2016-05-17,514279.6521804536
2016-05-18,510323.78974046354
2016-05-19,511866.6377783025
2016-05-20,510338.6458466256
2016-05-23,510486.8513935531
2016-05-24,517928.35062199295
2016-05-25,517395.6485382861
2016-05-26,520519.45249992074
2016-05-27,522115.65258366824
2016-05-30,522115.65258366824
2016-05-31,520953.7554198003
2016-06-01,522781.7786607242
2016-06-02,521306.0564412153
2016-06-03,524623.8502205884
2016-06-06,522777.55655637145
2016-06-07,524477.777557162
2016-06-08,525542.5313860489
2016-06-09,531034.8158723427
2016-06-10,527585.762379439
2016-06-13,526706.0313533855
2016-06-14,528007.7797643257
2016-06-15,528286.6693425489
2016-06-16,532483.575598271
2016-06-17,529982.4750150753
2016-06-20,531251.6421433998
2016-06-21,532758.9298916174
2016-06-22,532556.449269445
2016-06-23,538093.2419040514
2016-06-24,527242.121092589
2016-06-27,527443.572572024
2016-06-28,531373.1071806265
2016-06-29,537480.6053848577
2016-06-30,541505.7333892441
2016-07-01,539662.0275993195
2016-07-04,539662.0283147962
2016-07-05,544809.18195992
2016-07-06,545476.6688750794
2016-07-07,542687.6941979935
2016-07-08,552535.3273042252
2016-07-11,554926.5635956337
2016-07-12,553389.7090598156
2016-07-13,555696.1433011105
2016-07-14,555868.7432650139
2016-07-15,553383.5749074032
2016-07-18,553713.7045465519
2016-07-19,555904.0436714699
2016-07-20,556857.337275367
2016-07-21,551921.2988799622
2016-07-22,563042.989563327
2016-07-25,565648.0389782002
2016-07-26,566407.6431268265
2016-07-27,561975.8701617299
2016-07-28,565458.1394737212
2016-07-29,568097.4682887045
2016-08-01,568776.5592244116
2016-08-02,563133.658476874
2016-08-03,559947.6319480387
2016-08-04,562696.0747567621
2016-08-05,560283.9520112482
2016-08-08,559891.7680376974
2016-08-09,561591.3211428133
2016-08-10,561515.1399609534
2016-08-11,564575.7185399024
2016-08-12,575307.2568088976
2016-08-15,571282.8324088064
2016-08-16,565242.1135410276
2016-08-17,565477.2528041807
2016-08-18,570473.6099330393
2016-08-19,568369.3935228792
2016-08-22,570354.9522010294
2016-08-23,570643.3649718999
2016-08-24,566596.1488578557
2016-08-25,563339.2275667428
2016-08-26,559308.2971666097
2016-08-29,563033.6974835633
2016-08-30,556890.7015594325
2016-08-31,541519.7216880042
2016-09-01,544872.7010609924
2016-09-02,549633.4126371106
2016-09-05,549633.4143271588
2016-09-06,552708.4588612682
2016-09-07,550028.8308112756
2016-09-08,546542.9000570909
2016-09-09,524666.1219865219
2016-09-12,534124.6826789514
2016-09-13,524672.9548500535
2016-09-14,523979.99991092656
2016-09-15,529417.1532275525
2016-09-16,526775.8429481832
2016-09-19,530395.6220991132
2016-09-20,529037.8724791524
2016-09-21,541145.7428324935
2016-09-22,545094.6770928618
2016-09-23,541643.478392553
2016-09-26,539590.9170643804
2016-09-27,542053.2044050214
2016-09-28,545468.9280257937
2016-09-29,540445.7597858724
2016-09-30,543753.4732980547
2016-10-03,539341.6723836479
2016-10-04,526739.2866892633
2016-10-05,525211.9181822148
2016-10-06,524857.1667428819
2016-10-07,518725.4421007243
2016-10-10,523094.7192788926
2016-10-11,518139.28580721293
2016-10-12,521720.0955681411
2016-10-13,521904.5454810468
2016-10-14,520528.5730229226
2016-10-17,522313.6758876649
2016-10-18,525716.1785475818
2016-10-19,526489.8697433082
2016-10-20,526539.5219566432
2016-10-21,521696.4574517814
2016-10-24,525090.1899249164
2016-10-25,524424.5592088309
2016-10-26,521329.9009360877
2016-10-27,516061.9410273639
2016-10-28,519036.74659632717
2016-10-31,526288.1225467916
2016-11-01,520571.50843866984
2016-11-02,514179.623385087
2016-11-03,514461.4308988226
2016-11-04,512935.9516402785
2016-11-07,528206.6173939668
2016-11-08,530330.4400774799
2016-11-09,525310.3070956187
2016-11-10,520352.1793967327
2016-11-11,532306.1615285623
2016-11-14,522480.3710002356
2016-11-15,531328.1468291453
2016-11-16,534986.2183897013
2016-11-17,538478.3763167908
2016-11-18,537193.4189408636
2016-11-21,544067.1173774174
2016-11-22,547356.7602099394
2016-11-23,549124.5427093495
2016-11-24,549124.5971912922
2016-11-25,549607.0600145927
2016-11-28,546604.1119551332
2016-11-29,548844.0052926729
2016-11-30,547151.5837095605
2016-12-01,534136.6154230973
2016-12-02,536476.903586718
2016-12-05,543478.4020406795
2016-12-06,545794.4032616366
2016-12-07,553901.1744011847
2016-12-08,554925.468564965
2016-12-09,553154.9264754916
2016-12-12,551058.5030926351
2016-12-13,556794.9464188628
2016-12-14,555571.1684614937
2016-12-15,559590.2592599802
2016-12-16,558129.277615881
2016-12-19,559095.5758731136
2016-12-20,562665.3671831335
2016-12-21,561374.7129437325
2016-12-22,560637.9360354176
2016-12-23,563339.2427641703
2016-12-26,563339.2764808309
2016-12-27,570652.1282851391
2016-12-28,560214.4646291697
2016-12-29,562181.0253553065
2016-12-30,555659.4813592659
2017-01-02,555659.5135230256
2017-01-03,556153.0713471472
2017-01-04,562764.3690719439
2017-01-05,563416.9071249008
2017-01-06,567816.095741662
2017-01-09,569176.3128502467
2017-01-10,566207.9042028949
2017-01-11,569571.4980442455
2017-01-12,569282.3914214375
2017-01-13,570499.7459176568
2017-01-16,570499.7781276001
2017-01-17,567787.6423536266
2017-01-18,569921.6063574442
2017-01-19,570491.9857780728
2017-01-20,567139.6552545473
2017-01-23,567138.4600241232
2017-01-24,571719.6318375282
2017-01-25,573236.8791422192
2017-01-26,573756.6728950468
2017-01-27,575186.915483869
2017-01-30,569798.2268708843
2017-01-31,571779.516937923
2017-02-01,575748.1700002378
2017-02-02,580349.5763979185
2017-02-03,586749.8525819904
2017-02-06,587054.4324065569
2017-02-07,590663.1769124487
2017-02-08,592308.7881291328
2017-02-09,593988.5950651886
2017-02-10,593773.5069198542
2017-02-13,591584.1741366836
2017-02-14,588550.8205082301
2017-02-15,590672.8026569664
2017-02-16,589241.9450316196
2017-02-17,591695.2617436326
2017-02-20,591695.2631495224
2017-02-21,599866.0531067061
2017-02-22,597931.4081145539
2017-02-23,591913.0947214379
2017-02-24,592587.3723558201
2017-02-27,595035.7028390183
2017-02-28,591348.7692765264
2017-03-01,609378.7405471053
2017-03-02,596875.0678502289
2017-03-03,601151.0877162185
2017-03-06,600193.5723038879
2017-03-07,598130.4715615478
2017-03-08,596405.3706939486
2017-03-09,595710.2016008166
2017-03-10,596202.3210294512
2017-03-13,599718.2675473955
2017-03-14,597286.1353080538
2017-03-15,597807.6343190935
2017-03-16,599114.412056138
2017-03-17,596026.9995538492
2017-03-20,594662.5706092615
2017-03-21,570792.700869729
2017-03-22,575314.7694093485
2017-03-23,577622.5681840677
2017-03-24,581566.7220317621
2017-03-27,579758.2324306269
2017-03-28,586438.9518968363
2017-03-29,585333.4219648142
2017-03-30,593613.6871768732
2017-03-31,589446.2792484064
2017-04-03,587809.9527265329
2017-04-04,585003.496409585
2017-04-05,578302.0230075617
2017-04-06,584779.1950780649
2017-04-07,582833.4142305155
2017-04-10,578214.8292419214
2017-04-11,575840.2157651682
2017-04-12,568086.7314070304
2017-04-13,562079.4546202262
2017-04-17,572975.7344320853
2017-04-18,568116.9246920188
2017-04-19,571097.7676666816
2017-04-20,581393.5267704566
2017-04-21,579124.0492781241
2017-04-24,587610.9973248084
2017-04-25,591488.8492745002
2017-04-26,592914.067500933
2017-04-27,592503.5271271308
2017-04-28,588077.3081902106
2017-05-01,591238.3958475617
2017-05-02,577843.3489336229
2017-05-03,578986.2854984368
2017-05-04,578509.1105016818
2017-05-05,581392.5230076129
2017-05-08,579691.8857405342
2017-05-09,580165.1163296876
2017-05-10,593231.5568332552
2017-05-11,594952.2275473336
2017-05-12,593729.3001304386
2017-05-15,600238.1806065497
2017-05-16,606989.3086109437
2017-05-17,577317.6874614535
2017-05-18,581959.5147155283
2017-05-19,587525.7510826107
2017-05-22,590782.8860057058
2017-05-23,594290.2278479838
2017-05-24,596060.425719253
2017-05-25,600296.5931376674
2017-05-26,602781.636482139
2017-05-29,602781.636482139
2017-05-30,602798.3236988977
2017-05-31,600649.1068918005
2017-06-01,603802.4615022436
2017-06-02,604054.2848245398
2017-06-05,605470.9928437964
2017-06-06,607602.1091768042
2017-06-07,615143.6964513556
2017-06-08,624799.825327088
2017-06-09,615586.988976647
2017-06-12,613699.5770656363
2017-06-13,618430.8373948828
2017-06-14,614606.7367812888
2017-06-15,611863.7243234412
2017-06-16,609439.5317804114
2017-06-19,621254.9700547949
2017-06-20,618431.8369657294
2017-06-21,622971.8456823126
2017-06-22,620911.5224353567
2017-06-23,617658.971808602
2017-06-26,618356.2315971152
2017-06-27,611339.6193525092
2017-06-28,621466.6076011048
2017-06-29,614129.9004951969
2017-06-30,611445.3704821386
2017-07-03,605552.9781298977
2017-07-04,605553.0551657504
2017-07-05,615864.5446963497
2017-07-06,612231.7014957906
2017-07-07,619594.0796574358
2017-07-10,624748.7672450035
2017-07-11,627303.652829281
2017-07-12,634480.5391932823
2017-07-13,632242.6190707736
2017-07-14,640137.077321986
2017-07-17,639305.3778422418
2017-07-18,641354.3573372274
2017-07-19,645477.0898492648
2017-07-20,645770.1928109496
2017-07-21,643216.0981146786
2017-07-24,644223.3130179149
2017-07-25,639157.9728184352
2017-07-26,641348.1426750853
2017-07-27,634351.7647532414
2017-07-28,636941.6859614745
2017-07-31,629867.7643196151
2017-08-01,628178.6749947482
2017-08-02,621575.6945791303
2017-08-03,622557.9411557631
2017-08-04,623465.0129340293
2017-08-07,633210.7290381524
2017-08-08,630175.3090497378
2017-08-09,630377.6583251943
2017-08-10,616358.8674550005
2017-08-11,620934.4705873743
2017-08-14,632098.8799108473
2017-08-15,636331.8965128004
2017-08-16,639792.3023623057
2017-08-17,624718.1972690114
2017-08-18,627347.0544885533
2017-08-21,625848.7276033155
2017-08-22,638301.0957801782
2017-08-23,634738.4518214234
2017-08-24,632731.8321760095
2017-08-25,632522.6726084077
2017-08-28,635486.6313455864
2017-08-29,636944.0528258509
2017-08-30,644384.0426734629
2017-08-31,646406.6384303779
2017-09-01,645408.7503888108
2017-09-04,645408.7551482576
2017-09-05,639962.194443414
2017-09-06,640568.1591527666
2017-09-07,644845.3043151491
2017-09-08,647283.5399065673
2017-09-11,659003.2848189279
2017-09-12,659583.8585499475
2017-09-13,659255.4200012279
2017-09-14,660890.4946005847
2017-09-15,664271.8334003978
2017-09-18,672317.2840764673
2017-09-19,673754.7845183694
2017-09-20,674149.0004112808
2017-09-21,669151.2198058532
2017-09-22,671732.880461963
2017-09-25,660799.4022676295
2017-09-26,658529.3707216629
2017-09-27,667584.281311276
2017-09-28,670677.0956935163
2017-09-29,677553.20741878
2017-10-02,681809.0981073785
2017-10-03,681875.8075165637
2017-10-04,683883.2788268968
2017-10-05,686654.1170946637
2017-10-06,689235.2947839488
2017-10-09,690052.5303247948
2017-10-10,691895.3225341685
2017-10-11,698720.8419681384
2017-10-12,700644.1885345795
2017-10-13,703005.9312709294
2017-10-16,704626.6986027863
2017-10-17,703426.7547904422
2017-10-18,704910.5175589834
2017-10-19,707637.5843248108
2017-10-20,718167.3703401332
2017-10-23,716949.0134919516
2017-10-24,720453.038401276
2017-10-25,714642.8610927912
2017-10-26,720482.7391420092
2017-10-27,734161.1903316182
2017-10-30,732230.6363697252
2017-10-31,726647.7073802403
2017-11-01,724385.5355442916
2017-11-02,728320.1649721813
2017-11-03,732220.0222653192
2017-11-06,733242.4244689172
2017-11-07,734974.3089094065
2017-11-08,736463.9426136884
2017-11-09,730656.6942357756
2017-11-10,732742.2261762358
2017-11-13,736653.6823568083
2017-11-14,737937.882285092
2017-11-15,732627.8459367491
2017-11-16,743659.6362485625
2017-11-17,738861.8089875914
2017-11-20,744352.6061219908
2017-11-21,751338.3103799559
2017-11-22,747151.8745268993
2017-11-23,747151.8745268993
2017-11-24,751143.7268542461
2017-11-27,751224.2214183025
2017-11-28,756816.2053355388
2017-11-29,736582.4239081554
2017-11-30,746756.1261410497
2017-12-01,741357.7229161046
2017-12-04,719451.2020725987
2017-12-05,720082.8400343386
2017-12-06,727817.7164209811
2017-12-07,735754.8675898043
2017-12-08,735083.4074781863
2017-12-11,733643.8029345004
2017-12-12,733275.181587073
2017-12-13,733870.7537437944
2017-12-14,731962.4572140245
2017-12-15,740638.203031209
2017-12-18,745092.1039577989
2017-12-19,741533.506520894
2017-12-20,741439.8104301958
2017-12-21,733444.5558182268
2017-12-22,734959.0372883348
2017-12-26,735147.2731243639
2017-12-27,737533.8120647935
2017-12-28,738879.2097240953
2017-12-29,733601.6028458147
2018-01-02,713512.5548867864
2018-01-03,724316.2072051011
2018-01-04,726470.2000124345
2018-01-05,737475.3866851752
2018-01-08,744862.5664538988
2018-01-09,751138.1334641475
2018-01-10,750339.8118333613
2018-01-11,756433.7289056717
2018-01-12,762006.3412736389
2018-01-15,762006.3435230626
2018-01-16,760054.6918211645
2018-01-17,775105.307161749
2018-01-18,773224.7024060683
2018-01-19,778683.3840391078
2018-01-22,781549.6716657411
2018-01-23,784262.6922829623
2018-01-24,780379.0291427246
2018-01-25,783417.75231148
2018-01-26,789318.9264597914
2018-01-29,776840.0466895875
2018-01-30,767538.63364601
2018-01-31,772206.3482329894
2018-02-01,766507.9770010478
2018-02-02,754377.549207545
2018-02-05,728038.0665377147
2018-02-06,733926.2017878062
2018-02-07,729021.8768671519
2018-02-08,699348.8052037723
2018-02-09,710875.6537259585
2018-02-12,725429.4512151248
2018-02-13,729499.6375363834
2018-02-14,744990.2569478519
2018-02-15,756878.4786752231
2018-02-16,753329.6590913302
2018-02-19,753329.6590913302
2018-02-20,749327.1011441714
2018-02-21,746944.4604962833
2018-02-22,751093.194198877
2018-02-23,761840.0138571564
2018-02-26,769363.0792315308
2018-02-27,761891.3559177819
2018-02-28,750978.6518001102
2018-03-01,736537.1797287639
2018-03-02,741786.9202763123
2018-03-05,747173.5431149164
2018-03-06,750175.5689465831
2018-03-07,756773.405251972
2018-03-08,760907.0236932504
2018-03-09,773409.8267764411
2018-03-12,770049.6316327353
2018-03-13,767297.5958798502
2018-03-14,766102.4707402172
2018-03-15,763252.3988174341
2018-03-16,764602.018065268
2018-03-19,756564.6549868495
2018-03-20,762012.3396764735
2018-03-21,761664.7019980276
2018-03-22,736820.8259703675
2018-03-23,723117.6459217207
2018-03-26,744641.128546114
2018-03-27,726304.0138243934
2018-03-28,721531.66717991
2018-03-29,734729.39767577
2018-04-02,717207.0894464147
2018-04-03,723795.4821198307
2018-04-04,734360.9126083218
2018-04-05,742312.5303508946
2018-04-06,722701.2983169055
2018-04-09,724592.5425371991
2018-04-10,740829.923226708
2018-04-11,735392.3097264771
2018-04-12,742025.119268546
2018-04-13,737468.2280281447
2018-04-16,743850.4651084436
2018-04-17,757724.9631866699
2018-04-18,765598.538451784
2018-04-19,753982.6626713607
2018-04-20,746612.5220790687
2018-04-23,744412.5475565572
2018-04-24,730736.9768854995
2018-04-25,737147.1546266675
2018-04-26,747422.8318788429
2018-04-27,746174.3095569387
2018-04-30,728247.8729642923
2018-05-01,729851.3066268166
2018-05-02,719271.4400167365
2018-05-03,721642.8894670604
2018-05-04,729091.0321680068
2018-05-07,736460.1697430396
2018-05-08,738351.6280122141
2018-05-09,746633.7826850641
2018-05-10,752360.642124599
2018-05-11,753799.3050336255
2018-05-14,753420.8015982655
2018-05-15,750019.923345314
2018-05-16,755652.5877895724
2018-05-17,750705.690057354
2018-05-18,754919.1478714395
2018-05-21,762253.2453938503
2018-05-22,758485.0114369956
2018-05-23,767207.6196230069
2018-05-24,766608.8373469042
2018-05-25,764606.6930014796
2018-05-28,764606.7116073329
2018-05-29,758401.2765682426
2018-05-30,770789.6097649549
2018-05-31,765739.7036272291
2018-06-01,780662.9203745525
2018-06-04,765647.2451067179
2018-06-05,770037.5706037369
2018-06-06,775206.5885866241
2018-06-07,764871.8134651073
2018-06-08,769199.4076194052
2018-06-11,768907.3087784
2018-06-12,773517.0406885821
2018-06-13,775685.8536932749
2018-06-14,781757.8540904691
2018-06-15,781581.7431338924
2018-06-18,778440.9851629887
2018-06-19,774392.7335438469
2018-06-20,775958.0048246237
2018-06-21,768940.1248071686
2018-06-22,764111.1776398886
2018-06-25,742425.2447856439
2018-06-26,745040.3489762153
2018-06-27,732249.9091683598
2018-06-28,741019.601082292
2018-06-29,741545.0754519599
2018-07-02,746737.3020208441
2018-07-03,739729.7636275196
2018-07-04,739729.9131828985
2018-07-05,742768.8169597198
2018-07-06,749979.1382132964
2018-07-09,759119.0958656964
2018-07-10,760617.0003090267
2018-07-11,760407.6454733438
2018-07-12,771611.2482089315
2018-07-13,769454.5644362031
2018-07-16,767832.7546661785
2018-07-17,771545.288564388
2018-07-18,781218.5157020629
2018-07-19,776656.6066610236
2018-07-20,776221.8848627515
2018-07-23,779402.2626111743
2018-07-24,776970.8329582053
2018-07-25,794019.2641281823
2018-07-26,785309.3603851772
2018-07-27,774403.1031210994
2018-07-30,757279.4924351344
2018-07-31,762947.1024621117
2018-08-01,758929.1782238545
2018-08-02,769507.2807173752
2018-08-03,766687.0943680308
2018-08-06,774451.6260698762
2018-08-07,785302.0797857064
2018-08-08,786919.3540393825
2018-08-09,788867.180604284
2018-08-10,785938.9795177727
2018-08-13,784419.8519755813
2018-08-14,792992.1528423111
2018-08-15,775211.6896168968
2018-08-16,778357.0602318735
2018-08-17,778374.4508777702
2018-08-20,785875.2897110785
2018-08-21,789762.4440566301
2018-08-22,793831.1744353629
2018-08-23,795670.3373688855
2018-08-24,804141.1761547776
2018-08-27,810223.0537462276
2018-08-28,810849.3097275889
2018-08-29,818242.8075708486
2018-08-30,813549.7830700768
2018-08-31,793823.1564227873
2018-09-03,793823.1624023566
2018-09-04,798349.1447698078
2018-09-05,784673.8067607674
2018-09-06,785098.225016318
2018-09-07,782079.7280200416
2018-09-10,788223.1412953147
2018-09-11,798367.2637580003
2018-09-12,795334.28705086
2018-09-13,795564.7829626815
2018-09-14,798377.5230693929
2018-09-17,783633.2950020885
2018-09-18,792157.082455034
2018-09-19,755872.868031831
2018-09-20,761180.7328367581
2018-09-21,750011.2385725441
2018-09-24,750404.6180806803
2018-09-25,756203.5570453712
2018-09-26,753962.1103295928
2018-09-27,751860.6410429339
2018-09-28,754988.815864777
2018-10-01,758863.2837170886
2018-10-02,744714.0331901094
2018-10-03,751421.6872925675
2018-10-04,732125.207553241
2018-10-05,728201.4241868212
2018-10-08,714526.9913624404
2018-10-09,710608.7550157678
2018-10-10,672714.7972798084
2018-10-11,661314.7492198056
2018-10-12,680779.91349384
2018-10-15,673096.1934756303
2018-10-16,677194.7539906156
2018-10-17,674816.2247575767
2018-10-18,658794.1085726868
2018-10-19,648390.6249298118
2018-10-22,655349.5120758696
2018-10-23,649685.4053677631
2018-10-24,616505.7937772028
2018-10-25,604476.0145768326
2018-10-26,593996.0336861474
2018-10-29,583892.1431888874
2018-10-30,595205.7560641785
2018-10-31,601701.2901115225
2018-11-01,611004.6848322541
2018-11-02,588059.1919079243
2018-11-05,591030.2422019138
2018-11-06,591020.4561346789
2018-11-07,617116.1780274702
2018-11-08,616974.8367209253
2018-11-09,606110.2899525852
2018-11-12,589074.9434221803
2018-11-13,587297.4526472884
2018-11-14,581313.1747434543
2018-11-15,582760.6513641285
2018-11-16,583463.0206716465
2018-11-19,549807.02813987
2018-11-20,543254.8792932437
2018-11-21,549273.5437419818
2018-11-22,549273.5437419818
2018-11-23,545313.4255369114
2018-11-26,561675.9759462284
2018-11-27,561836.877488892
2018-11-28,589397.4310596393
2018-11-29,587172.1200330661
2018-11-30,592818.3576758044
2018-12-03,605490.1093495028
2018-12-04,583812.5937721865
2018-12-05,583812.5937721865
2018-12-06,590283.1331436003
2018-12-07,588486.0457571573
2018-12-10,589131.8010302626
2018-12-11,589195.5716091035
2018-12-12,589747.3894271291
2018-12-13,589840.3159435458
2018-12-14,588079.7545967003
2018-12-17,586201.0093809809
2018-12-18,586656.8467691158
2018-12-19,586096.8947286054
2018-12-20,585360.9138801247
2018-12-21,584522.4278548571
2018-12-24,583564.2997435727
2018-12-25,583640.7708322161
2018-12-26,585947.9115645615
2018-12-27,586634.1961281272
2018-12-28,586683.5193590494
2018-12-31,587289.2032955069
2019-01-01,587365.0979824634
2019-01-02,586423.6439732696
2019-01-03,585986.7596616696
2019-01-04,587056.0807809234
2019-01-07,587442.4854816268
2019-01-08,588105.9820785223
2019-01-09,588448.524960147
2019-01-10,588765.5533015894
2019-01-11,588695.0897530917
2019-01-14,588310.9847114207
2019-01-15,589231.323922999
2019-01-16,589140.7384881204
2019-01-17,592285.5197498808
2019-01-18,592806.0213362629
2019-01-21,592844.4403897049
2019-01-22,591586.1460353624
2019-01-23,592461.6851122396
2019-01-24,583513.8673417147
2019-01-25,582946.5562003786
2019-01-28,582484.311406201
2019-01-29,584297.6767851231
2019-01-30,586319.3765257874
2019-01-31,591682.2565414892
2019-02-01,593641.542457821
2019-02-04,594946.7863648799
2019-02-05,594329.2528298793
2019-02-06,595274.463797657
2019-02-07,595710.1958765187
2019-02-08,598974.0668492824
2019-02-11,598960.9358989784
2019-02-12,601924.0537499591
2019-02-13,602653.9937195912
2019-02-14,602976.3502693453
2019-02-15,604130.0904334842
2019-02-18,604168.5959336075
2019-02-19,604837.7964503785
2019-02-20,605368.3783096634
2019-02-21,608034.3735690636
2019-02-22,611454.0849656544
2019-02-25,608117.4629167943
2019-02-26,609488.4527987189
2019-02-27,610169.1989241266
2019-02-28,611650.5786834944
2019-03-01,615765.6357861746
2019-03-04,615065.9775253523
2019-03-05,617785.4053722608
2019-03-06,614959.597126602
2019-03-07,614939.4450665701
2019-03-08,614163.6753431547
2019-03-11,620008.210281967
2019-03-12,622159.5278917539
2019-03-13,623320.8078771818
2019-03-14,626854.7959648359
2019-03-15,627836.2350905496
2019-03-18,623788.5465128976
2019-03-19,623439.6824377137
2019-03-20,625809.9230526048
2019-03-21,636782.9403946954
2019-03-22,630448.8502743798
2019-03-25,634033.9290946084
2019-03-26,637701.4565356332
2019-03-27,633825.6417868691
2019-03-28,637438.3928425866
2019-03-29,637629.5276422697
2019-04-01,638462.7536168295
2019-04-02,641047.0021581847
2019-04-03,639951.5980081755
2019-04-04,634881.2066927153
2019-04-05,638705.3885927397
2019-04-08,636709.7567495304
2019-04-09,636347.9954327542
2019-04-10,640000.1803916473
2019-04-11,640136.9699638862
2019-04-12,639260.6655586738
2019-04-15,639928.2508405227
2019-04-16,625260.1703856963
2019-04-17,613077.8680831152
2019-04-18,619247.7031828123
2019-04-22,616264.9891315657
2019-04-23,624281.3269406515
2019-04-24,627597.5884777266
2019-04-25,619242.5242539602
2019-04-26,619932.7564250189
2019-04-29,615437.5747376638
2019-04-30,619559.5197841043
2019-05-01,614317.3310382846
2019-05-02,620978.897025076
2019-05-03,623235.0580774636
2019-05-06,622101.2020919857
2019-05-07,611692.546666604
2019-05-08,611131.6885422025
2019-05-09,611372.5009955028
2019-05-10,617107.1523115378
2019-05-13,608037.8988615286
2019-05-14,613033.4733300449
2019-05-15,614925.9677582342
2019-05-16,617838.5814750785
2019-05-17,616576.461896677
2019-05-20,610030.1754251313
2019-05-21,612218.1259042775
2019-05-22,612704.8045221212
2019-05-23,610352.0107046976
2019-05-24,609946.3296227092
2019-05-27,609990.5560396777
2019-05-28,609365.2325542844
2019-05-29,606319.7036517691
2019-05-30,609492.7309144638
2019-05-31,607737.4252484032
2019-06-03,606331.3800770978
2019-06-04,609908.4169064481
2019-06-05,616349.5770410001
2019-06-06,619529.3178638674
2019-06-07,621654.4353688128
2019-06-10,621964.6391924823
2019-06-11,623173.1770584136
2019-06-12,627598.7997180604
2019-06-13,624967.612506555
2019-06-14,624871.0475374705
2019-06-17,621773.0111462122
2019-06-18,629968.9393998182
2019-06-19,637933.2632990873
2019-06-20,644110.6199112928
2019-06-21,638706.6754361189
2019-06-24,640114.0685492551
2019-06-25,635041.1523753202
2019-06-26,634581.8083458936
2019-06-27,636725.0381005651
2019-06-28,643701.114897216
2019-07-01,651649.6680534824
2019-07-02,657177.9412741537
2019-07-03,664077.9566762856
2019-07-04,664080.7332952749
2019-07-05,661257.6239296406
2019-07-08,658011.6733792446
2019-07-09,658395.1869038485
2019-07-10,657919.7115234683
2019-07-11,657526.6575469988
2019-07-12,658992.7612339577
2019-07-15,660614.7550749419
2019-07-16,657775.6195769055
2019-07-17,659301.2869985118
2019-07-18,663862.0247526561
2019-07-19,657605.2417921084
2019-07-22,660254.9181910293
2019-07-23,659106.7919713265
2019-07-24,658058.3965421757
2019-07-25,659202.7344137047
2019-07-26,668541.7499447967
2019-07-29,668352.144315013
2019-07-30,670540.7648297085
2019-07-31,660935.1887025501
2019-08-01,663942.1110225922
2019-08-02,662118.447323327
2019-08-05,655545.0391317657
2019-08-06,660108.8670594972
2019-08-07,663248.8423296005
2019-08-08,669170.8650562856
2019-08-09,672373.9299226094
2019-08-12,669405.9463916866
2019-08-13,676137.6535239457
2019-08-14,665631.8295834593
2019-08-15,670831.5564599345
2019-08-16,674979.7357580487
2019-08-19,676677.1439015924
2019-08-20,674665.2736774753
2019-08-21,682850.7111707994
2019-08-22,685376.6530823403
2019-08-23,673152.4992095233
2019-08-26,680343.7012261979
2019-08-27,683219.173797872
2019-08-28,684842.9434903836
2019-08-29,689141.9807935202
2019-08-30,689586.5870427763
2019-09-02,689600.4817377696
2019-09-03,689023.1208811215
2019-09-04,693298.4990486185
2019-09-05,695304.5967545249
2019-09-06,697466.528285369
2019-09-09,677011.7219499892
2019-09-10,655666.6769781025
2019-09-11,654798.4478438721
2019-09-12,662312.2761569635
2019-09-13,655941.9727350259
2019-09-16,653195.7948663742
2019-09-17,665263.4733603244
2019-09-18,664885.877963476
2019-09-19,664334.4002082478
2019-09-20,659137.6404672409
2019-09-23,659649.5166331975
2019-09-24,659851.5113113846
2019-09-25,661357.4112605114
2019-09-26,663358.7945295703
2019-09-27,653328.8987306207
2019-09-30,654845.8259894681
2019-10-01,652051.7193175791
2019-10-02,646328.5128055817
2019-10-03,651014.7554532762
2019-10-04,656865.5665195577
2019-10-07,655853.4084191816
2019-10-08,651250.9324745273
2019-10-09,655298.9659332288
2019-10-10,657034.4829364221
2019-10-11,656280.276285866
2019-10-14,654614.3023935818
2019-10-15,656552.5872144898
2019-10-16,651860.041759418
2019-10-17,654445.6446587238
2019-10-18,653521.0529781792
2019-10-21,658357.8377259482
2019-10-22,650464.3482501849
2019-10-23,649990.8177643998
2019-10-24,663142.0637611636
2019-10-25,660784.7626340712
2019-10-28,662221.2924006337
2019-10-29,666073.0646124127
2019-10-30,670548.0126038445
2019-10-31,661844.0698881585
2019-11-01,661968.8998818481
2019-11-04,654819.6528372656
2019-11-05,649821.5927410882
2019-11-06,652395.2010871546
2019-11-07,649887.3899286425
2019-11-08,649929.2479580243
2019-11-11,648902.7826598258
2019-11-12,650562.7821591746
2019-11-13,657425.7863936508
2019-11-14,660473.5402252328
2019-11-15,664239.5144164116
2019-11-18,665020.697409527
2019-11-19,665404.5149755343
2019-11-20,666036.1241036501
2019-11-21,655490.9394743574
2019-11-22,653554.1989127904
2019-11-25,657170.5323015867
2019-11-26,661894.6793582472
2019-11-27,664340.9387606732
2019-11-28,664345.2626577504
2019-11-29,661203.7826804308
2019-12-02,654121.6335095513
2019-12-03,651974.759722418
2019-12-04,658473.3715747428
2019-12-05,659248.0545377682
2019-12-06,661844.7026021
2019-12-09,659933.3229919099
2019-12-10,658955.280634582
2019-12-11,664042.2746582765
2019-12-12,667777.0403927915
2019-12-13,670530.0043127354
2019-12-16,673257.3324796006
2019-12-17,675695.4115435615
2019-12-18,673752.8954128167
2019-12-19,676111.0771089208
2019-12-20,680366.7088611521
2019-12-23,676723.5161143931
2019-12-24,677515.9689710431
2019-12-25,677520.2917144095
2019-12-26,678498.9398098979
2019-12-27,680056.0178947435
2019-12-30,676523.7511010236
2019-12-31,678621.9161563166
2020-01-01,678621.9732573065
2020-01-02,682726.3684111595
2020-01-03,675105.0169362975
2020-01-06,673785.6464912749
2020-01-07,672534.939131436
2020-01-08,676247.0922902534
2020-01-09,681031.0025264897
2020-01-10,678540.7368662843
2020-01-13,684872.5404649724
2020-01-14,685685.6769829862
2020-01-15,681605.7968109514
2020-01-16,689360.6404979568
2020-01-17,689628.8223170745
2020-01-20,689628.8703006083
2020-01-21,685688.7537078215
2020-01-22,688375.9672019534
2020-01-23,692672.8204200747
2020-01-24,682669.064195698
2020-01-27,670898.5575395203
2020-01-28,681495.8437254687
2020-01-29,681627.4296219064
2020-01-30,687827.8152803329
2020-01-31,668678.9944885147
2020-02-03,675947.7321515612
2020-02-04,684874.1327570963
2020-02-05,685416.7012005001
2020-02-06,686064.7052659381
2020-02-07,679321.2440893806
2020-02-10,683919.9961991103
2020-02-11,686699.7610075814
2020-02-12,687301.3842936584
2020-02-13,687839.6896376801
2020-02-14,685911.5034286163
2020-02-17,685960.1447364977
2020-02-18,680230.7845637978
2020-02-19,684723.5925179285
2020-02-20,681082.3279086906
2020-02-21,672031.6991431941
2020-02-24,660554.6191517005
2020-02-25,650295.5781619481
2020-02-26,650490.6198676293
2020-02-27,637902.0337765171
2020-02-28,637425.6777074451
2020-03-02,641552.3957439396
2020-03-03,640278.7942696306
2020-03-04,643544.398347068
2020-03-05,641771.9544369059
2020-03-06,640222.7104815249
2020-03-09,636102.535004863
2020-03-10,637619.1604321916
2020-03-11,634389.2083586957
2020-03-12,628499.6558063495
2020-03-13,632312.5485133994
2020-03-16,625728.5996628549
2020-03-17,629840.4306600839
2020-03-18,626226.229977638
2020-03-19,626256.7915339307
2020-03-20,623460.4988107458
2020-03-23,621721.3396657063
2020-03-24,626932.0251829827
2020-03-25,628196.7843338614
2020-03-26,632394.3981678761
2020-03-27,631295.7712124962
2020-03-30,633125.9719775832
2020-03-31,631305.0828451451
2020-04-01,627501.5732707073
2020-04-02,628770.4523044452
2020-04-03,627264.2197601992
2020-04-06,631147.1134374207
2020-04-07,630928.6719740318
2020-04-08,633234.9890502219
2020-04-09,635466.3374624292
2020-04-13,633738.8311077855
2020-04-14,635563.2262288509
2020-04-15,634466.704635813
2020-04-16,634173.3802505996
2020-04-17,636126.556729632
2020-04-20,631310.1444214918
2020-04-21,623878.9728765166
2020-04-22,629915.1043741591
2020-04-23,627117.3798060084
2020-04-24,630323.0594381201
2020-04-27,631989.435271016
2020-04-28,629145.2726366698
2020-04-29,625926.499092677
2020-04-30,624967.488516805
2020-05-01,617223.5810600255
2020-05-04,625076.715765101
2020-05-05,630407.3893247991
2020-05-06,628983.5825350902
2020-05-07,633813.4080135772
2020-05-08,643250.4631810628
2020-05-11,651613.2977231354
2020-05-12,635072.4467599156
2020-05-13,631604.6574943868
2020-05-14,632344.9412359671
2020-05-15,637706.1982038261
2020-05-18,637817.4513963549
2020-05-19,634082.8233732112
2020-05-20,645242.4265209107
2020-05-21,637140.2056261053
2020-05-22,641237.9650983299
2020-05-25,641243.3150598209
2020-05-26,630618.4230788951
2020-05-27,640239.866658867
2020-05-28,647046.8687860682
2020-05-29,666363.7182045815
2020-06-01,665009.2925790832
2020-06-02,663931.4373095403
2020-06-03,658938.5339706936
2020-06-04,659865.4742119801
2020-06-05,661820.0293935502
2020-06-08,672495.5515359838
2020-06-09,670969.5254649067
2020-06-10,671294.1436438006
2020-06-11,648277.8538912076
2020-06-12,649774.0209337025
2020-06-15,658061.2385107251
2020-06-16,663273.0761143315
2020-06-17,665683.7925642115
2020-06-18,663950.75971335
2020-06-19,673952.0825346961
2020-06-22,678627.4760685667
2020-06-23,674713.6459139028
2020-06-24,666529.7796318497
2020-06-25,673431.3337429622
2020-06-26,664333.2718222877
2020-06-29,671875.3952209139
2020-06-30,680759.9079363345
2020-07-01,678374.1447988839
2020-07-02,686246.9083004785
2020-07-06,697019.0661025987
2020-07-07,699248.9115259046
2020-07-08,706182.8103111763
2020-07-09,710548.8789297089
2020-07-10,710444.4994034105
2020-07-13,691954.435358384
2020-07-14,707949.4327695053
2020-07-15,713288.8110082115
2020-07-16,712685.3750171203
2020-07-17,716666.6771292055
2020-07-20,722125.4012150627
2020-07-21,716061.6128395144
2020-07-22,717786.0046919996
2020-07-23,711772.5606194893
2020-07-24,706265.3144586551
2020-07-27,716873.443207942
2020-07-28,708617.3219995053
2020-07-29,718129.3493297565
2020-07-30,719124.6394618453
2020-07-31,728277.7988890745
2020-08-03,740010.8574064439
2020-08-04,740880.0444835599
2020-08-05,741599.3577746904
2020-08-06,743254.6106556155
2020-08-07,737093.9123600996
2020-08-10,728204.4668758422
2020-08-11,716071.0057379163
2020-08-12,731544.9064128309
2020-08-13,733999.5012468556
2020-08-14,732183.4247369862
2020-08-17,743806.8936880345
2020-08-18,743518.0267888912
2020-08-19,741639.3575224746
2020-08-20,745874.9190586729
2020-08-21,748480.4203075112
2020-08-24,749306.3824484965
2020-08-25,752432.1480760828
2020-08-26,757734.1221893568
2020-08-27,753230.3737430938
2020-08-28,753078.4788808662
2020-08-31,763288.5380100103
2020-09-01,765980.7638613214
2020-09-02,781297.2000853458
2020-09-03,736623.2214977914
2020-09-04,726400.1497597795
2020-09-07,726406.2702718268
2020-09-08,708866.649405977
2020-09-09,730344.3312278317
2020-09-10,716748.4342525315
2020-09-11,712556.5202458734
2020-09-14,722900.8436482907
2020-09-15,727335.3175077005
2020-09-16,717014.7898524117
2020-09-17,709703.4479059848
2020-09-18,706011.7947851537
2020-09-21,709909.9610022822
2020-09-22,721295.0749544842
2020-09-23,706042.9334444068
2020-09-24,710237.5969236839
2020-09-25,724768.5975619848
2020-09-28,732774.2990575649
2020-09-29,731236.9755275553
2020-09-30,736154.0190180568
2020-10-01,741472.2829570828
2020-10-02,726200.0680783261
2020-10-05,742431.7151907809
2020-10-06,732349.090885074
2020-10-07,746231.9090609438
2020-10-08,746959.7713630329
2020-10-09,760239.7700937899
2020-10-12,775509.1626996305
2020-10-13,780054.6565075701
2020-10-14,773138.6681494337
2020-10-15,771487.3197795837
2020-10-16,770499.2557558278
2020-10-19,757097.0254004209
2020-10-20,760178.2906912575
2020-10-21,754868.7774890596
2020-10-22,754139.3039568721
2020-10-23,764282.1296506383
2020-10-26,758315.3365845685
2020-10-27,761061.8966482852
2020-10-28,736213.8198345145
2020-10-29,736632.5351115289
2020-10-30,718544.3505342691
2020-11-02,724629.5230451425
2020-11-03,740639.6364428347
2020-11-04,768631.9514094389
2020-11-05,785672.6403301732
2020-11-06,793439.3694945725
2020-11-09,745375.7840379882
2020-11-10,736595.8874983806
2020-11-11,759703.4676300057
2020-11-12,756577.3947680098
2020-11-13,758575.9483733026
2020-11-16,767470.9610789052
2020-11-17,765553.122704156
2020-11-18,756490.7451320302
2020-11-19,766011.3878709882
2020-11-20,765449.5220800256
2020-11-23,765345.2489470534
2020-11-24,759332.3098747
2020-11-25,767586.9901355663
2020-11-26,767587.1094661353
2020-11-27,779519.0910269625
2020-11-30,786690.0838487358
2020-12-01,784097.1754387055
2020-12-02,779417.3258636695
2020-12-03,777706.1434659486
2020-12-04,780468.8746210609
2020-12-07,785376.5491807143
2020-12-08,788153.6056329175
2020-12-09,773639.300753529
2020-12-10,778751.3837834265
2020-12-11,780531.1504271678
2020-12-14,783453.4078737575
2020-12-15,797376.8476065014
2020-12-16,804218.5408734562
2020-12-17,816177.0381173198
2020-12-18,817813.5979631252
2020-12-21,812376.6053205044
2020-12-22,820830.3673720947
2020-12-23,809845.3630024502
2020-12-24,812126.8529679909
2020-12-28,804270.2791287433
2020-12-29,800730.6723143935
2020-12-30,807706.0896900892
2020-12-31,806378.6952577003
2021-01-04,799415.3175159498
2021-01-05,812841.8157478756
2021-01-06,826291.3624617194
2021-01-07,847386.250851301
2021-01-08,855677.1031547816
2021-01-11,848423.9269138203
2021-01-12,859794.2563386243
2021-01-13,855690.0882019622
2021-01-14,860786.297278769
2021-01-15,846509.3254292461
2021-01-18,846509.4383966514
2021-01-19,860092.8299163141
2021-01-20,862068.3577965145
2021-01-21,856504.2781755793
2021-01-22,860029.5853009473
2021-01-25,859160.8323495009
2021-01-26,847008.2176092059
2021-01-27,818371.0555865957
2021-01-28,831114.1757837781
2021-01-29,818262.2520975452
2021-02-01,835622.585335852
2021-02-02,849692.1885411508
2021-02-03,840716.3521339762
2021-02-04,847062.2934567071
2021-02-05,860439.4621673331
2021-02-08,868269.8606646186
2021-02-09,862068.3969760677
2021-02-10,855519.5977015671
2021-02-11,855699.7506890617
2021-02-12,866904.5872824123
2021-02-15,866904.6938495488
2021-02-16,861186.9494302378
2021-02-17,854765.1918922182
2021-02-18,843444.0070127749
2021-02-19,855744.5199653597
2021-02-22,837953.2307309152
2021-02-23,833934.781625003
2021-02-24,846117.2236539422
2021-02-25,820087.0123765117
2021-02-26,826553.573100941
2021-03-01,842127.9516503082
2021-03-02,830681.0548785386
2021-03-03,806794.093648036
2021-03-04,779473.54374311
2021-03-05,794062.5498247186
2021-03-08,779657.614555528
2021-03-09,804969.956845764
2021-03-10,818948.2388963617
2021-03-11,847207.6978803681
2021-03-12,849058.7986238495
2021-03-15,854783.1593252253
2021-03-16,840273.1791620547
2021-03-17,850825.8845091624
2021-03-18,832671.945975077
2021-03-19,832126.7863884806
2021-03-22,838804.2994490269
2021-03-23,817845.011707017
2021-03-24,803063.3080654128
2021-03-25,809767.883272147
2021-03-26,826613.1339413022
2021-03-29,815921.5448446148
2021-03-30,828131.747914858
2021-03-31,836431.7971795158
2021-04-01,844816.1936666431
2021-04-05,853388.7174290837
2021-04-06,861842.4379494572
2021-04-07,846957.8561255239
2021-04-08,854986.3075056925
2021-04-09,860393.1280198412
2021-04-12,859985.6514921356
2021-04-13,870659.6239934455
2021-04-14,871771.7728591422
2021-04-15,877964.6719162385
2021-04-16,881643.8711981123
2021-04-19,873522.4806061996
2021-04-20,857905.1100800831
2021-04-21,872158.9234533889
2021-04-22,867219.7271683854
2021-04-23,886051.1412278269
2021-04-26,901446.687787483
2021-04-27,907230.0200456034
2021-04-28,891947.3475587756
2021-04-29,886786.6037147635
2021-04-30,853283.023882843
2021-05-03,861512.671330429
2021-05-04,854011.633225418
2021-05-05,869300.8476056823
2021-05-06,875702.503148056
2021-05-07,898385.6001233825
2021-05-10,886160.3528233664
2021-05-11,880643.2195626395
2021-05-12,840837.638721575
2021-05-13,855174.8187600272
2021-05-14,875756.4921914237
2021-05-17,882152.0214711325
2021-05-18,867272.0328122275
2021-05-19,853412.6020756857
2021-05-20,857696.1532479422
2021-05-21,858591.9583874838
2021-05-24,869019.6968423026
2021-05-25,867618.8356133597
2021-05-26,876325.1520738708
2021-05-27,890040.0206213103
2021-05-28,892071.6082697021
2021-05-31,892071.6082697021
2021-06-01,901775.8453054534
2021-06-02,885912.6241064178
2021-06-03,886248.0492543804
2021-06-04,893140.2065534221
2021-06-07,888910.7778653728
2021-06-08,899421.0564241039
2021-06-09,888313.5981816875
2021-06-10,882769.0509385692
2021-06-11,891441.3966798412
2021-06-14,881339.4274835216
2021-06-15,878166.7465829479
2021-06-16,877619.1955728161
2021-06-17,855933.4448423015
2021-06-18,843005.3055810558
2021-06-21,862992.1911916363
2021-06-22,869311.7224263775
2021-06-23,878584.3339882338
2021-06-24,885428.9764366591
2021-06-25,886850.9766254866
2021-06-28,887314.3171921218
2021-06-29,889728.903694644
2021-06-30,890521.0899943354
2021-07-01,893628.010746218
2021-07-02,891547.0153481078
2021-07-05,891547.0226957266
2021-07-06,882382.3075388302
2021-07-07,887431.9651666492
2021-07-08,872438.4345993407
2021-07-09,897523.7823461515
2021-07-12,912606.7441553728
2021-07-13,901393.4271246307
2021-07-14,896702.5039528996
2021-07-15,892175.6262534155
2021-07-16,876492.6719310702
2021-07-19,860400.394230264
2021-07-20,883555.7000761986
2021-07-21,895650.7841900958
2021-07-22,891608.284789882
2021-07-23,898712.1040171285
2021-07-26,901591.4095125211
2021-07-27,897150.326133009
2021-07-28,895961.6370531073
2021-07-29,909042.8785257913
2021-07-30,912863.575255041
2021-08-02,907065.7090085106
2021-08-03,919797.4175787878
2021-08-04,906765.9697208317
2021-08-05,913339.6922130544
2021-08-06,923228.6858688449
2021-08-09,925304.8691173648
2021-08-10,938498.9808231448
2021-08-11,950277.1843257998
2021-08-12,946066.5833163252
2021-08-13,940004.6748957625
2021-08-16,942362.6945090285
2021-08-17,921702.7471518507
2021-08-18,916045.0448794356
2021-08-19,918683.336932092
2021-08-20,924041.2995289853
2021-08-23,939543.6422337582
2021-08-24,942954.5807808926
2021-08-25,951954.6962436547
2021-08-26,943255.8786929955
2021-08-27,959533.556616198
2021-08-30,954390.5140231957
2021-08-31,936780.4095070257
2021-09-01,933662.0827744771
2021-09-02,937600.6452924821
2021-09-03,937791.9186323917
2021-09-07,928191.6929934866
2021-09-08,928334.5555454151
2021-09-09,929809.9389320684
2021-09-10,925055.3385224049
2021-09-13,913842.0804310802
2021-09-14,908414.1644063251
2021-09-15,921197.1047306278
2021-09-16,918404.4599157756
2021-09-17,906661.5006450574
2021-09-20,889793.0780956896
2021-09-21,886670.1153252292
2021-09-22,900830.6617492653
2021-09-23,916174.929556519
2021-09-24,912759.7514369636
2021-09-27,903491.6403656661
2021-09-28,883979.6939255627
2021-09-29,882460.8325997959
2021-09-30,863276.5892722593
2021-10-01,871879.5029076512
2021-10-04,861514.1886144625
2021-10-05,872815.8098639152
2021-10-06,870034.0542895246
2021-10-07,883256.3728915044
2021-10-08,876893.7273047923
2021-10-11,873443.0085110903
2021-10-12,876192.1733908455
2021-10-13,881410.0667240266
2021-10-14,898341.4241215956
2021-10-15,903398.9898195454
2021-10-18,917544.6695376337
2021-10-19,920083.0326690185
2021-10-20,925355.4781928875
2021-10-21,926820.5220928224
2021-10-22,930848.8044559513
2021-10-25,935110.4337150444
2021-10-26,930660.8000030062
2021-10-27,920885.7847247137
2021-10-28,934749.2507911323
2021-10-29,939640.3889442548
2021-11-01,921637.4358146179
2021-11-02,926470.8155804857
2021-11-03,912975.5753060541
2021-11-04,917928.0325190941
2021-11-05,912682.6679859022
2021-11-08,924551.4902742886
2021-11-09,921147.6351861467
2021-11-10,904236.2370779265
2021-11-11,912896.8350318894
2021-11-12,918446.4650065842
2021-11-15,916604.8567001922
2021-11-16,929026.364337872
2021-11-17,923418.0829055858
2021-11-18,927014.3108347298
2021-11-19,931800.5647650136
2021-11-22,923412.7418598285
2021-11-23,920383.3978519012
2021-11-24,929042.1220890715
2021-11-25,929042.1232276503
2021-11-26,909477.3471294539
2021-11-29,927741.0951403077
2021-11-30,896913.7934381901
2021-12-01,878648.996512237
2021-12-02,894237.2405868135
2021-12-03,876294.2944683774
2021-12-06,871143.9138560861
2021-12-07,901190.7666729135
2021-12-08,905444.668020483
2021-12-09,888467.8025643198
2021-12-10,909538.1401802866
2021-12-13,901428.4337670176
2021-12-14,883461.0421883432
2021-12-15,896597.5690361826
2021-12-16,890568.2785436717
2021-12-17,885191.7565252391
2021-12-20,862837.5269796458
2021-12-21,880189.8790304271
2021-12-22,893026.5646001903
2021-12-23,896149.7984258739
2021-12-27,915825.3094045726
2021-12-28,910492.0776998607
2021-12-29,912116.3717138377
2021-12-30,909209.6381094066
2021-12-31,905464.1950866829
2022-01-03,892205.2084275401
2022-01-04,882144.9751024494
2022-01-05,848994.6505412508
2022-01-06,853921.0922382987
2022-01-07,838548.6840414735
2022-01-10,838121.1791166994
2022-01-11,848333.1889662477
2022-01-12,850964.4196295473
2022-01-13,825773.8841948244
2022-01-14,827269.7020735475
2022-01-17,827269.7020735475
2022-01-18,809279.1674766871
2022-01-19,803354.4577598902
2022-01-20,792799.4957046839
2022-01-21,772960.8440628382
2022-01-24,783084.9166870448
2022-01-25,767975.5961494776
2022-01-26,770237.7569427821
2022-01-27,762740.864507966
2022-01-28,782812.5912383127
2022-01-31,799613.9912016916
2022-02-01,808462.8131773996
2022-02-02,832065.482981019
2022-02-03,812960.2478896903
2022-02-04,816182.5632659721
2022-02-07,811369.6417228507
2022-02-08,817196.8049346732
2022-02-09,837395.4481651115
2022-02-10,816344.1019584464
2022-02-11,794640.7219573783
2022-02-14,789718.0794479179
2022-02-15,804224.9753715324
2022-02-16,804982.9499830531
2022-02-17,786099.5842794704
2022-02-18,775105.4363912868
2022-02-21,775105.4363912868
2022-02-22,765755.06777709
2022-02-23,749067.3311628627
2022-02-24,777190.2387022304
2022-02-25,794302.0980276393
2022-02-28,802504.1382313727
2022-03-01,791585.3083653908
2022-03-02,806696.6387851315
2022-03-03,803936.754486217
2022-03-04,804245.1497133211
2022-03-07,785395.0370823377
2022-03-08,776219.8817498848
2022-03-09,788094.4640581277
2022-03-10,793657.0770369143
2022-03-11,782915.9131835612
2022-03-14,769742.7816923994
2022-03-15,785596.4406390585
2022-03-16,795763.6750396767
2022-03-17,814577.0797992261
2022-03-18,827587.2503653093
2022-03-21,838843.1273622254
2022-03-22,837206.56035745
2022-03-23,835209.5761683672
2022-03-24,852958.7865542248
2022-03-25,857158.0474721163
2022-03-28,855005.1636401215
2022-03-29,857521.135760207
2022-03-30,850355.5158649056
2022-03-31,836209.251883662
2022-04-01,831069.4705751139
2022-04-04,837092.2726702195
2022-04-05,823664.9334452251
2022-04-06,818789.4659579019
2022-04-07,831701.1171565544
2022-04-08,834662.9830381012
2022-04-11,812251.1303445485
2022-04-12,816933.1582428283
2022-04-13,826581.192177797
2022-04-14,814825.2518196786
2022-04-18,817553.1888638396
2022-04-19,820510.2478934724
2022-04-20,826756.3687279751
2022-04-21,801017.7517481018
2022-04-22,775470.4310098228
2022-04-25,773514.4079672289
2022-04-26,773525.6753934106
2022-04-27,774887.5213572981
2022-04-28,776938.2651160416
2022-04-29,775075.0442144306
2022-05-02,775165.9934988216
2022-05-03,777252.6786102883
2022-05-04,779033.5900167959
2022-05-05,777426.3457585858
2022-05-06,777643.8331534724
2022-05-09,773240.1198762496
2022-05-10,774124.6308862576
2022-05-11,774665.0925821222
2022-05-12,774492.3945481075
2022-05-13,776734.7912389048
2022-05-16,778402.9161973374
2022-05-17,779793.6374199694
2022-05-18,775951.8676796375
2022-05-19,775565.5537888528
2022-05-20,774456.3499433841
2022-05-23,776263.0426386002
2022-05-24,776362.5431676912
2022-05-25,777737.745352534
2022-05-26,778328.7824692753
2022-05-27,779643.185554453
2022-05-30,779743.686915663
2022-05-31,779161.7024992047
2022-06-01,778210.4445996425
2022-06-02,779490.8839401077
2022-06-03,779304.1962497544
2022-06-06,779302.2694739209
2022-06-07,779473.8995054859
2022-06-08,778272.7054375543
2022-06-09,776414.2701579394
2022-06-10,775261.273897113
2022-06-13,772650.2278137407
2022-06-14,774007.3547209944
2022-06-15,774735.9798231452
2022-06-16,773467.5359991711
2022-06-17,771914.3409906317
2022-06-20,772015.0562414032
2022-06-21,774657.576683445
2022-06-22,773685.4561003404
2022-06-23,771374.0640887374
2022-06-24,773021.9005324548
2022-06-27,774459.4771561321
2022-06-28,774279.4356454228
2022-06-29,773868.5274996709
2022-06-30,773701.0836054113
2022-07-01,774505.2688145053
2022-07-04,774605.272700592
2022-07-05,771489.693703993
2022-07-06,771661.932913575
2022-07-07,774253.8940884926
2022-07-08,774876.5418761914
2022-07-11,774393.982226226
2022-07-12,773178.7820637983
2022-07-13,773582.9748782888
2022-07-14,772069.8129506586
2022-07-15,772561.2519874132
2022-07-18,773260.2862548592
2022-07-19,775358.0774772417
2022-07-20,775484.5063328926
2022-07-21,774657.4252790132
2022-07-22,774205.5286841216
2022-07-25,776984.0498876829
2022-07-26,776574.1446420351
2022-07-27,778162.4303370136
2022-07-28,781554.437085995
2022-07-29,784387.5100219641
2022-08-01,783278.3335150917
2022-08-02,781450.0761142232
2022-08-03,771592.4786150048
2022-08-04,766060.724425196
2022-08-05,779673.7388213848
2022-08-08,784799.1902019456
2022-08-09,793316.2148874636
2022-08-10,796810.9320342934
2022-08-11,801012.3558977741
2022-08-12,810764.9959885275
2022-08-15,813495.7362739705
2022-08-16,811699.3471053805
2022-08-17,809534.8458148158
2022-08-18,814447.4274329596
2022-08-19,823072.5380681468
2022-08-22,815052.2448290027
2022-08-23,817777.1125181679
2022-08-24,823445.382839147
2022-08-25,827757.5065046148
2022-08-26,814354.0594123786
2022-08-29,817026.6691302797
2022-08-30,807029.9666182809
2022-08-31,806299.1026880249
2022-09-01,810142.1313592895
2022-09-02,800521.2758523925
2022-09-05,800521.2758523925
2022-09-06,804263.4441110595
2022-09-07,818744.2932130798
2022-09-08,828400.0607645019
2022-09-09,831516.1429363056
2022-09-12,834111.450542049
2022-09-13,810805.6265903278
2022-09-14,819198.5776325031
2022-09-15,816539.8359447285
2022-09-16,815269.8789172932
2022-09-19,825164.3908458515
2022-09-20,816715.930343227
2022-09-21,815351.8813130477
2022-09-22,814899.2314970065
2022-09-23,813111.6409506443
2022-09-26,812367.2767751344
2022-09-27,813154.246539485
2022-09-28,815118.2945543426
2022-09-29,813896.5264508501
2022-09-30,813554.9723750876
2022-10-03,815974.6835240253
2022-10-04,818002.1797344309
2022-10-05,817776.7271656016
2022-10-06,817528.6977919751
2022-10-07,816820.6977244745
2022-10-10,816944.4459608971
2022-10-11,816523.4829697293
2022-10-12,816061.9618331358
2022-10-13,818114.4800607717
2022-10-14,816073.2431296691
2022-10-17,817642.5612264859
2022-10-18,819057.495823433
2022-10-19,818868.6810627049
2022-10-20,818595.599120401
2022-10-21,820622.7167917618
2022-10-24,821250.8105567817
2022-10-25,822170.4113090601
2022-10-26,822877.7357484709
2022-10-27,824256.8890941755
2022-10-28,825679.4540235092
2022-10-31,825216.2481177156
2022-11-01,825038.9869792085
2022-11-02,814606.7244628824
2022-11-03,822354.6289119142
2022-11-04,822916.9053668687
2022-11-07,824484.6408568363
2022-11-08,824308.8604588455
2022-11-09,810399.4191349982
2022-11-10,821569.5715761364
2022-11-11,811647.4564928919
2022-11-14,816269.5601619033
2022-11-15,816634.809976422
2022-11-16,813378.094464378
2022-11-17,816843.9431549999
2022-11-18,820026.1322508936
2022-11-21,819583.3026764465
2022-11-22,837119.5468966928
2022-11-23,831306.1722547492
2022-11-24,831334.7048551763
2022-11-25,833270.0251306903
2022-11-28,822639.2635826725
2022-11-29,823396.9084242955
2022-11-30,832772.9747330917
2022-12-01,826165.0270111589
2022-12-02,830999.5354049511
2022-12-05,821346.8223256398
2022-12-06,808634.5644705902
2022-12-07,814538.9138446325
2022-12-08,815352.2600548305
2022-12-09,803523.8481224899
2022-12-12,812040.5463041665
2022-12-13,810272.8781566315
2022-12-14,809550.751257988
2022-12-15,803460.7303060902
2022-12-16,799548.1588760506
2022-12-19,796338.5043108347
2022-12-20,795356.626150063
2022-12-21,805172.6071236643
2022-12-22,795105.7500772285
2022-12-23,800204.3141897777
2022-12-26,800232.925513373
2022-12-27,795422.3722528438
2022-12-28,785368.5292485622
2022-12-29,785210.1097458343
2022-12-30,785230.8025523142
2023-01-02,785332.7412981438
2023-01-03,783836.284042478
2023-01-04,784094.0828183608
2023-01-05,784084.7644168277
2023-01-06,785310.9947539855
2023-01-09,784524.5540408435
2023-01-10,784744.6154870134
2023-01-11,785043.4406350709
2023-01-12,785183.6199564774
2023-01-13,785489.8491625625
2023-01-16,785591.9337745316
2023-01-17,785202.6546859047
2023-01-18,784149.6745193285
2023-01-19,783764.5045150034
2023-01-20,784566.0356204667
2023-01-23,784759.1708071815
2023-01-24,785076.5710193288
2023-01-25,785424.4350657748
2023-01-26,786555.146282908
2023-01-27,781454.7723333022
2023-01-30,778994.0908292941
2023-01-31,787458.0585850896
2023-02-01,785065.8344450772
2023-02-02,770419.2494567086
2023-02-03,771018.1209879316
2023-02-06,772503.5930477768
2023-02-07,775722.5205637012
2023-02-08,774407.3652289091
2023-02-09,773373.941132616
2023-02-10,784747.6736916105
2023-02-13,789179.6926826334
2023-02-14,784415.8439109805
2023-02-15,785163.8029892849
2023-02-16,780824.4758200543
2023-02-17,784044.0277326623
2023-02-20,784063.1745211126
2023-02-21,777410.20908207
2023-02-22,773058.1749339956
2023-02-23,774843.877699384
2023-02-24,770410.1102495389
2023-02-27,771996.923968168
2023-02-28,764480.962797176
2023-03-01,780350.6771939158
2023-03-02,790060.0953985826
2023-03-03,808801.0634919567
2023-03-06,809921.840152474
2023-03-07,804560.849860573
2023-03-08,805166.0551025207
2023-03-09,792942.5471068022
2023-03-10,783312.7329588365
2023-03-13,787272.0074340138
2023-03-14,796393.2294014341
2023-03-15,788461.8966225034
2023-03-16,795933.2694557554
2023-03-17,784715.8670700437
2023-03-20,790488.3240364438
2023-03-21,796526.5381935483
2023-03-22,782264.7583397275
2023-03-23,787222.0698059446
2023-03-24,792669.188713873
2023-03-27,793783.5874985105
2023-03-28,796281.6424072629
2023-03-29,808206.682843054
2023-03-30,817658.6799816942
2023-03-31,828400.1373768663
2023-04-03,825079.24720963
2023-04-04,819701.6240025377
2023-04-05,804508.376909486
2023-04-06,805346.2245428478
2023-04-10,809620.5609304821
2023-04-11,808271.8189146435
2023-04-12,808862.2890074169
2023-04-13,818851.5059492504
2023-04-14,814307.5970137035
2023-04-17,823045.4773275768
2023-04-18,826573.7282736218
2023-04-19,829818.4563314831
2023-04-20,831036.8175489819
2023-04-21,837259.4594938671
2023-04-24,837848.3528692639
2023-04-25,816974.5874540722
2023-04-26,804839.5815374767
2023-04-27,813820.0342695629
2023-04-28,807065.633424989
2023-05-01,807678.0596292175
2023-05-02,802197.7622789736
2023-05-03,801452.8538677304
2023-05-04,792128.5670580949
2023-05-05,801405.6464958974
2023-05-08,806473.7624569633
2023-05-09,803035.4475698419
2023-05-10,805342.9473865983
2023-05-11,803084.1116691977
2023-05-12,801044.2661851589
2023-05-15,800365.1930466058
2023-05-16,800711.0106083376
2023-05-17,807947.4271642711
2023-05-18,817893.440768913
2023-05-19,817012.7407762081
2023-05-22,808286.8990918517
2023-05-23,791301.6951921075
2023-05-24,788472.1557924792
2023-05-25,814169.0854698427
2023-05-26,816409.1943567988
2023-05-29,816409.2932634387
2023-05-30,815214.7561025758
2023-05-31,810696.7346915338
2023-06-01,821203.1531178392
2023-06-02,832410.444788324
2023-06-05,832285.6491774772
2023-06-06,835316.861523033
2023-06-07,819479.0746597354
2023-06-08,824235.2262137418
2023-06-09,828352.9035120615
2023-06-12,839302.1971690152
2023-06-13,847466.9407188459
2023-06-14,852274.8222319958
2023-06-15,858198.8180420663
2023-06-16,856470.9201454197
2023-06-19,856471.0054240717
2023-06-20,855227.9805693921
2023-06-21,857245.3830836713
2023-06-22,858998.4619140548
2023-06-23,853170.863949277
2023-06-26,846105.8713472377
2023-06-27,855800.2311095868
2023-06-28,852331.4754247413
2023-06-29,857641.8445080047
2023-06-30,871687.8761255722
2023-07-03,869094.5165999164
2023-07-04,869094.6613674922
2023-07-05,869508.140269916
2023-07-06,859288.8586378491
2023-07-07,863095.5017282524
2023-07-10,871250.009058226
2023-07-11,875851.6684291172
2023-07-12,892005.1090814302
2023-07-13,905369.1361265674
2023-07-14,903106.3056710989
2023-07-17,913608.0819522409
2023-07-18,922952.12274969
2023-07-19,917997.2431154815
2023-07-20,901470.5194277277
2023-07-21,894406.1024795445
2023-07-24,888605.3502816528
2023-07-25,898573.6615080665
2023-07-26,886286.5838234309
2023-07-27,890826.9868413964
2023-07-28,905452.7053665009
2023-07-31,904303.4094007309
2023-08-01,903317.5134529087
2023-08-02,879705.903604733
2023-08-03,879834.5695441187
2023-08-04,879120.9455843876
2023-08-07,889046.4854401555
2023-08-08,875701.6541726132
2023-08-09,859561.8520884649
2023-08-10,854162.9823325502
2023-08-11,842252.5730306348
2023-08-14,864860.6040487493
2023-08-15,856624.6321076305
2023-08-16,846493.6497075862
2023-08-17,829344.7163464526
2023-08-18,829880.3001753251
2023-08-21,855161.4648080983
2023-08-22,846859.6165901424
2023-08-23,863487.8426682192
2023-08-24,850765.2444751321
2023-08-25,847695.9769142956
2023-08-28,857696.1020546521
2023-08-29,880738.6188471625
2023-08-30,884535.0151420188
2023-08-31,887717.7898630324
2023-09-01,884161.1979225387
2023-09-04,884161.2688302007
2023-09-05,881414.0694347746
2023-09-06,882666.4024045664
2023-09-07,880385.8610951954
2023-09-08,880393.7854637125
2023-09-11,889473.8688046442
2023-09-12,868028.4729191395
2023-09-13,861928.5666868995
2023-09-14,872463.5752673801
2023-09-15,855877.9939870868
2023-09-18,857595.7323844733
2023-09-19,859410.0406730823
2023-09-20,848045.4740490455
2023-09-21,830736.0050934848
2023-09-22,829682.9240136738
2023-09-25,831900.2822618316
2023-09-26,821488.807458044
2023-09-27,827474.7700484563
2023-09-28,838791.305359455
2023-09-29,828602.9075164074
2023-10-02,830457.6617358373
2023-10-03,809137.893052841
2023-10-04,824357.4774020206
2023-10-05,824996.1968954988
2023-10-06,842094.9239659857
2023-10-09,843719.8616011534
2023-10-10,847402.3119059532
2023-10-11,855503.1319373958
2023-10-12,851394.5117732538
2023-10-13,839315.5077937017
2023-10-16,847787.137069511
2023-10-17,848269.5988995413
2023-10-18,828740.6297339891
2023-10-19,826100.2553258769
2023-10-20,809668.1429878278
2023-10-23,820690.4183454532
2023-10-24,829007.2790572933
2023-10-25,810695.2413587008
2023-10-26,800869.2346777773
2023-10-27,800352.0466655858
2023-10-30,812641.1917454982
2023-10-31,820035.9235163117
2023-11-01,837454.8550436819
2023-11-02,854721.3402313538
2023-11-03,866665.2885496672
2023-11-06,877239.3369845017
2023-11-07,883575.9206426478
2023-11-08,895546.5131836232
2023-11-09,889537.1018510831
2023-11-10,911336.4528841961
2023-11-13,917398.3421885738
2023-11-14,935770.3946365098
2023-11-15,921938.90576055
2023-11-16,927788.4401897477
2023-11-17,932936.3775322593
2023-11-20,943796.9880593887
2023-11-21,937972.4213606768
2023-11-22,933603.333770049
2023-11-23,933603.4483710041
2023-11-24,931285.1193620001
2023-11-27,929206.1991752904
2023-11-28,923292.0506763253
2023-11-29,922905.0505601323
2023-11-30,918725.7787946021
2023-12-01,922786.0494914126
2023-12-04,914945.8971812056
2023-12-05,917834.7058135837
2023-12-06,912293.3491422215
2023-12-07,922648.3556919666
2023-12-08,937238.5321957738
2023-12-11,938519.2105047419
2023-12-12,949868.3433697602
2023-12-13,956010.8971070541
2023-12-14,953256.9502110794
2023-12-15,958663.6475567278
2023-12-18,971061.0402595097
2023-12-19,973454.3558701754
2023-12-20,951884.4915472345
2023-12-21,966681.8860399321
2023-12-22,965676.1609188572
2023-12-25,965676.2398214013
2023-12-26,970963.1790944595
2023-12-27,975538.8261793134
2023-12-28,976028.2299284618
2023-12-29,974245.4304569428
2024-01-01,974245.5081404292
2024-01-02,957594.7603917951
2024-01-03,951973.2122545296
2024-01-04,953837.6714221156
2024-01-05,963897.9140710076
2024-01-08,992234.4752392013
2024-01-09,996861.1080738239
2024-01-10,1009965.5954294754
2024-01-11,1017455.832678218
2024-01-12,1018895.5684463419
2024-01-15,1018895.6446222762
2024-01-16,1023432.8251029646
2024-01-17,1017410.7587607843
2024-01-18,1031211.8873300507
2024-01-19,1057956.7371703235
2024-01-22,1063578.6591154973
2024-01-23,1061535.5391786043
2024-01-24,1072677.0079367338
2024-01-25,1075685.2694838203
2024-01-26,1068960.3977944746
2024-01-29,1083409.370751084
2024-01-30,1085793.2183982052
2024-01-31,1072503.570614838
2024-02-01,1096262.5329002514
2024-02-02,1130949.8086464757
2024-02-05,1154035.581428189
2024-02-06,1143729.5945467844
2024-02-07,1166680.110247442
2024-02-08,1170342.15175404
2024-02-09,1185252.8948783479
2024-02-12,1182910.39162232
2024-02-13,1177260.7223997763
2024-02-14,1200174.7261655966
2024-02-15,1199115.802836839
2024-02-16,1196516.9132855663
2024-02-19,1196516.9814924926
2024-02-20,1170220.9656714257
2024-02-21,1157759.3519506014
2024-02-22,1239564.8414601025
2024-02-23,1242845.428986353
2024-02-26,1246495.1090514497
2024-02-27,1242634.512507139
2024-02-28,1236875.3420219582
2024-02-29,1193469.8314585723
2024-03-01,1222601.4797206859
2024-03-04,1232655.5094602045
2024-03-05,1226173.8736979847
2024-03-06,1243630.2002678039
2024-03-07,1256956.697041822
2024-03-08,1236152.2233024938
2024-03-11,1214095.5999809606
2024-03-12,1240432.6052528722
2024-03-13,1233280.065778385
2024-03-14,1223831.6620253373
2024-03-15,1224857.36032856
2024-03-18,1236681.5014647294
2024-03-19,1240776.322814827
2024-03-20,1253402.1195209732
2024-03-21,1266998.317747902
2024-03-22,1270033.3558796158
2024-03-25,1266598.8724888077
2024-03-26,1255068.5005024185
2024-03-27,1256428.8758762588
2024-03-28,1259854.1011112442
2024-04-01,1266363.1159656753
2024-04-02,1255673.8388508072
2024-04-03,1270504.2580694505
2024-04-04,1248379.8761495897
2024-04-05,1272046.6497625657
2024-04-08,1267946.500478203
2024-04-09,1250293.5925726243
2024-04-10,1243245.4964346238
2024-04-11,1255726.454938347
2024-04-12,1234658.5243887254
2024-04-15,1220056.686452324
2024-04-16,1227277.5639242479
2024-04-17,1210585.216329033
2024-04-18,1203462.2929357835
2024-04-19,1176874.4220938035
2024-04-22,1186587.6464666673
2024-04-23,1206943.6794637986
2024-04-24,1207407.1743406602
2024-04-25,1199486.4376043626
2024-04-26,1208621.3457159349
2024-04-29,1213007.8963598558
2024-04-30,1185880.3705348622
2024-05-01,1175277.0477137826
2024-05-02,1182007.176362694
2024-05-03,1197938.0404023493
2024-05-06,1221898.1324662531
2024-05-07,1218741.5039109553
2024-05-08,1224713.077855047
2024-05-09,1237007.0569364394
2024-05-10,1238669.231146034
2024-05-13,1227006.971670326
2024-05-14,1237134.128690895
2024-05-15,1261499.2970385517
2024-05-16,1241129.3413805927
2024-05-17,1237891.0599932636
2024-05-20,1244326.465228554
2024-05-21,1253076.5841784442
2024-05-22,1242238.7446932758
2024-05-23,1254002.263492104
2024-05-24,1286527.4380145038
2024-05-27,1286527.4380145038
2024-05-28,1291065.8980898822
2024-05-29,1278409.5170997167
2024-05-30,1285217.2650245214
2024-05-31,1285152.748445847
2024-06-03,1275698.5576657127
2024-06-04,1268033.848437197
2024-06-05,1296751.2434948753
2024-06-06,1278090.9944790672
2024-06-07,1273080.365145571
2024-06-10,1291700.3255642722
2024-06-11,1285482.7432009631
2024-06-12,1296475.2811343127
2024-06-13,1314219.9181506091
2024-06-14,1310340.6816164905
2024-06-17,1326858.1322237903
2024-06-18,1336599.1817931884
2024-06-19,1336599.1817931884
2024-06-20,1322385.1882171386
2024-06-21,1307549.7273940796
2024-06-24,1298682.4044582539
2024-06-25,1305281.5488903217
2024-06-26,1293461.565873354
2024-06-27,1287291.5723964863
2024-06-28,1275999.754670351
2024-07-01,1250240.026903457
2024-07-02,1254608.9724031624
2024-07-03,1270715.8990726355
2024-07-04,1270715.9032657207
2024-07-05,1262797.933529049
2024-07-08,1277178.42925471
2024-07-09,1279712.0302666172
2024-07-10,1290162.8489228643
2024-07-11,1282641.9641037867
2024-07-12,1285054.6769692942
2024-07-15,1274033.0696292478
2024-07-16,1280551.2750334763
2024-07-17,1227763.1644397615
2024-07-18,1229605.569463552
2024-07-19,1220845.7123681838
2024-07-22,1245077.9415385139
2024-07-23,1257052.0487531067
2024-07-24,1200075.2038232111
2024-07-25,1187716.459666308
2024-07-26,1211884.9375287348
2024-07-29,1212995.2546742857
2024-07-30,1209709.7444998722
2024-07-31,1255782.8509981092
2024-08-01,1231824.2515270994
2024-08-02,1184502.2164433287
2024-08-05,1157794.1851609573
2024-08-06,1189087.6633599624
2024-08-07,1179281.1327470168
2024-08-08,1226880.9832223281
2024-08-09,1242859.1995323168
2024-08-12,1243689.7688868567
2024-08-13,1267644.049125962
2024-08-14,1275987.0292480008
2024-08-15,1296289.7727922217
2024-08-16,1291913.198230149
2024-08-19,1306414.3793061988
2024-08-20,1302874.283374192
2024-08-21,1314627.013919236
2024-08-22,1310493.266879441
2024-08-23,1327543.1964067237
2024-08-26,1318014.969096543
2024-08-27,1323800.0998643653
2024-08-28,1316054.7735170142
2024-08-29,1324100.2063859717
2024-08-30,1339576.9653886573
2024-09-02,1339576.9653886573
2024-09-03,1273283.2836180031
2024-09-04,1274263.8409986794
2024-09-05,1261547.646231681
2024-09-06,1238860.2222350508
2024-09-09,1260723.7081397444
2024-09-10,1264595.1762412458
2024-09-11,1289360.1076491743
2024-09-12,1304551.0296213652
2024-09-13,1325889.6955378081
2024-09-16,1334179.8580095794
2024-09-17,1339431.2899666058
2024-09-18,1339960.7600288617
2024-09-19,1360693.9312362897
2024-09-20,1405609.9942506256
2024-09-23,1415610.7710069122
2024-09-24,1418714.222636551
2024-09-25,1434086.2556336822
2024-09-26,1423832.3019212442
2024-09-27,1421848.5651735025
2024-09-30,1432887.1128038126
2024-10-01,1432514.2533792215
2024-10-02,1437100.6488145548
2024-10-03,1446284.172319095
2024-10-04,1473031.560716312
2024-10-07,1454967.45375983
2024-10-08,1466405.521199863
2024-10-09,1456841.1505753207
2024-10-10,1449393.3989540744
2024-10-11,1472168.2853027987
2024-10-14,1487931.860665958
2024-10-15,1467552.9935852694
2024-10-16,1492742.0406357455
2024-10-17,1482871.797357242
2024-10-18,1487696.0773789096
2024-10-21,1488290.728242557
2024-10-22,1454484.086457889
2024-10-23,1458481.561471622
2024-10-24,1456730.2904984164
2024-10-25,1454892.4624725985
2024-10-28,1460532.8690659213
2024-10-29,1453135.9688202548
2024-10-30,1439462.3111511874
2024-10-31,1385160.8962671496
2024-11-01,1371446.2656512125
2024-11-04,1351061.6954849276
2024-11-05,1390052.2408011022
2024-11-06,1428269.893993234
2024-11-07,1447906.7290817127
2024-11-08,1473351.7585311101
2024-11-11,1478659.0186899637
2024-11-12,1460659.4184170426
2024-11-13,1467861.2039281712
2024-11-14,1450250.1628057507
2024-11-15,1446822.2666747733
2024-11-18,1455796.1919910575
2024-11-19,1484136.5135262317
2024-11-20,1489865.0720853538
2024-11-21,1518770.1070635687
2024-11-22,1521692.296164737
2024-11-25,1499049.0423048174
2024-11-26,1541600.1160374016
2024-11-27,1521492.4545649472
2024-11-28,1521492.6250261294
2024-11-29,1536274.672213127
2024-12-02,1519017.3741258215
2024-12-03,1515696.3137033642
2024-12-04,1542452.338640156
2024-12-05,1546909.6026082227
2024-12-06,1534248.2950801137
2024-12-09,1481454.3254262942
2024-12-10,1459377.1043304526
2024-12-11,1480016.4993159883
2024-12-12,1470093.1674935292
2024-12-13,1470195.4621472433
2024-12-16,1469825.5479111786
2024-12-17,1447418.467301969
2024-12-18,1399559.9846882713
2024-12-19,1412462.9554243975
2024-12-20,1433361.7454994034
2024-12-23,1438347.1102779
2024-12-24,1453142.3874355585
2024-12-25,1453142.5130304263
2024-12-26,1450115.0352497618
2024-12-27,1429818.7042308964
2024-12-30,1420394.2337952442
2024-12-31,1360225.3464465954
2025-01-01,1360225.3520261096
2025-01-02,1386616.1279330386
2025-01-03,1418358.4066388488
2025-01-06,1409442.5928180704
2025-01-07,1402240.4126193088
2025-01-08,1415739.236522148
2025-01-09,1415739.2421064675
2025-01-10,1412781.404584365
2025-01-13,1414480.7610003655
2025-01-14,1444688.6347244491
2025-01-15,1461515.6332795802
2025-01-16,1484418.3290019562
2025-01-17,1500327.8452531642
2025-01-20,1500327.8508430955
2025-01-21,1533244.0259322727
2025-01-22,1533060.060349568
2025-01-23,1540795.770335293
2025-01-24,1531157.3758010226
2025-01-27,1423064.211091621
2025-01-28,1461550.5911751974
2025-01-29,1474312.5941862888
2025-01-30,1517413.0301930255
2025-01-31,1498838.6538707006
2025-02-03,1511190.5718580056
2025-02-04,1524072.749353962
2025-02-05,1554516.807974415
2025-02-06,1556373.8003125954
2025-02-07,1553591.8604712933
2025-02-10,1575419.7822628468
2025-02-11,1560562.809017226
2025-02-12,1555225.9472046345
2025-02-13,1570496.9751759022
2025-02-14,1567526.1967735738
2025-02-17,1567526.1967735738
2025-02-18,1595511.0714283437
2025-02-19,1566013.6358700246
2025-02-20,1528860.8887253255
2025-02-21,1472237.2093430012
2025-02-24,1445580.7838707417
2025-02-25,1443909.1257439107
2025-02-26,1477620.0455341786
2025-02-27,1448037.3905563802
2025-02-28,1469162.2005235117
2025-03-03,1452818.368576814
2025-03-04,1421616.3439281476
2025-03-05,1431861.9876283763
2025-03-06,1382623.2914376792
2025-03-07,1384632.1521173057
2025-03-10,1343207.223520809
2025-03-11,1348344.914784008
2025-03-12,1359338.3172345695
2025-03-13,1332131.7290883597
2025-03-14,1368131.3762403068
2025-03-17,1391319.063654476
2025-03-18,1377987.2113194999
2025-03-19,1402545.8937459525
2025-03-20,1403762.1427083549
2025-03-21,1393830.2488005555
2025-03-24,1431982.4253847993
2025-03-25,1433338.5247652924
2025-03-26,1422252.8692152894
2025-03-27,1410494.880188266
2025-03-28,1391278.3792612946
2025-03-31,1407696.6666834748
2025-04-01,1419731.951282779
2025-04-02,1438253.8335612214
2025-04-03,1353912.2237341797
2025-04-04,1235620.274212365
2025-04-07,1238526.51390757
2025-04-08,1237079.8036589732
2025-04-09,1250154.2860231912
2025-04-10,1245204.0371720667
2025-04-11,1247311.2594268098
2025-04-14,1249336.1118136458
2025-04-15,1251808.072504351
2025-04-16,1249727.19325812
2025-04-17,1250118.992994945
2025-04-21,1246664.3191488767
2025-04-22,1251224.1005321343
2025-04-23,1255243.2715771776
2025-04-24,1260152.4745011197
2025-04-25,1262230.6118665333
2025-04-28,1263086.2712888632
2025-04-29,1263709.7127239476
2025-04-30,1264383.850987898
2025-05-01,1263668.9939873158
2025-05-02,1266681.8837783402
2025-05-05,1266860.4702717217
2025-05-06,1255334.1590173522
2025-05-07,1259891.9601096304
2025-05-08,1252224.0685108143
2025-05-09,1248964.3453159954
2025-05-12,1240623.0867455446
2025-05-13,1242715.65511638
2025-05-14,1239901.6530278912
2025-05-15,1258117.5864754952
2025-05-16,1270010.843151156
2025-05-19,1278294.5224932975
2025-05-20,1281673.1656479542
2025-05-21,1268159.8702224956
2025-05-22,1264448.3122506524
2025-05-23,1276756.8625522265
2025-05-26,1276791.3845732105
2025-05-27,1287181.0495522614
2025-05-28,1284100.1442065504
2025-05-29,1284452.77997554
2025-05-30,1298956.5196197282
2025-06-02,1303652.0892202975
2025-06-03,1302424.8619239973
2025-06-04,1291478.282612978
2025-06-05,1289046.0816727772
2025-06-06,1300054.8894179799
2025-06-09,1292767.1954656916
2025-06-10,1287738.4566037334
2025-06-11,1291336.9489329755
2025-06-12,1297655.9495995159
2025-06-13,1295158.6380908205
2025-06-16,1295491.60308902
2025-06-17,1285150.79830851
2025-06-18,1286286.4803828474
2025-06-19,1286321.0516069026
2025-06-20,1289100.9545854526
2025-06-23,1300655.9625812327
2025-06-24,1307037.51422792
2025-06-25,1294444.6515184143
2025-06-26,1303438.0786923193
2025-06-27,1302980.146912924
2025-06-30,1315618.4631144202
2025-07-01,1285138.1109105807
2025-07-02,1281336.961235075
2025-07-03,1297083.9001972822
2025-07-07,1306049.5368468352
2025-07-08,1290067.5983493398
2025-07-09,1296906.0349996744
2025-07-10,1289748.6414530685
2025-07-11,1288267.8396840878
2025-07-14,1307531.964562501
2025-07-15,1300052.79546949
2025-07-16,1305623.2204059272
2025-07-17,1312446.9907454872
2025-07-18,1319591.3388722818
2025-07-21,1308389.5884622326
2025-07-22,1292414.7498025766
2025-07-23,1313657.2447371488
2025-07-24,1316004.5202496704
2025-07-25,1326003.86295399
2025-07-28,1320679.3303150916
2025-07-29,1316249.937416672
2025-07-30,1327985.5926300879
2025-07-31,1325988.501674717
2025-08-01,1322450.4657741035
2025-08-04,1338306.3699302576
2025-08-05,1350885.267969298
2025-08-06,1344571.7086091083
2025-08-07,1343861.0117811034
2025-08-08,1348678.286283221
2025-08-11,1344056.5420155888
2025-08-12,1335267.31029409
2025-08-13,1325567.1102307432
2025-08-14,1319588.8154275485
2025-08-15,1308401.777105841
2025-08-18,1312280.6302779368
2025-08-19,1294959.5391745663
2025-08-20,1301387.0175290243
2025-08-21,1300763.6831357316
2025-08-22,1298797.0226588908
2025-08-25,1292060.6904758702
2025-08-26,1306307.6674258295
2025-08-27,1304377.7421177044
2025-08-28,1309834.7749568478
2025-08-29,1295113.6882916663
2025-09-01,1295132.3731519028
2025-09-02,1289438.5890823146
2025-09-03,1286806.6316892884
2025-09-04,1296662.3260844664
2025-09-05,1284889.505644535
2025-09-08,1292669.8312634537
2025-09-09,1303875.3971505626
2025-09-10,1326781.5389682017
2025-09-11,1328493.3156164072
2025-09-12,1334125.8237218454
2025-09-15,1334002.559546498
2025-09-16,1325738.7544923977
2025-09-17,1329167.2848667314
2025-09-18,1340606.9946363939
2025-09-19,1349477.552792859
2025-09-22,1353880.3805477547
2025-09-23,1362563.556240089
2025-09-24,1348451.0715847248
2025-09-25,1341530.0315167396
2025-09-26,1352744.1874021806
2025-09-29,1353871.597720742
2025-09-30,1362825.886351288
2025-10-01,1359392.2345109247
2025-10-02,1357791.4450525842
2025-10-03,1341054.0597300397
2025-10-06,1349093.722995661
2025-10-07,1353454.9326927254
2025-10-08,1363499.021516626
2025-10-09,1362190.9151650742
2025-10-10,1334155.5264955114
2025-10-13,1351930.2593932103
2025-10-14,1350787.7944768427
2025-10-15,1348513.2147889389
2025-10-16,1335537.1511129655
2025-10-17,1341204.6641411413
2025-10-20,1353337.9205822265
2025-10-21,1349317.6768515422
2025-10-22,1343560.7368653733
2025-10-23,1364339.7941360688
2025-10-24,1372234.4652983833
2025-10-27,1381256.8723238332
2025-10-28,1371689.541412145
2025-10-29,1380359.328330001
2025-10-30,1384156.852584624
2025-10-31,1391218.3406049653
2025-11-03,1402434.6527460963
2025-11-04,1351016.0940709158
2025-11-05,1382245.8538968437
2025-11-06,1350152.362636176
2025-11-07,1359184.945858508
2025-11-10,1400002.6499533544
2025-11-11,1367732.516825574
2025-11-12,1360414.0358626824
2025-11-13,1294663.1858397084
2025-11-14,1292895.9866237645
2025-11-17,1278707.9243739545
2025-11-18,1270265.2140485148
2025-11-19,1289511.6046327401
2025-11-20,1227084.1130715192
2025-11-21,1224504.3581087524
2025-11-24,1283319.959106321
2025-11-25,1293969.8273801464
2025-11-26,1328844.6242003744
2025-11-27,1328844.8068347697
2025-11-28,1343960.9791956895
2025-12-01,1328810.3713141573
2025-12-02,1331358.9586247334
2025-12-03,1339523.688302792
2025-12-04,1365087.0524961639
2025-12-05,1382415.5844738623
2025-12-08,1408208.888979129
2025-12-09,1423975.9483611942
2025-12-10,1460266.791520208
2025-12-11,1460243.804427243
2025-12-12,1398873.0329654817
2025-12-15,1378426.632232889
2025-12-16,1384369.540115516
2025-12-17,1339823.4233621182
2025-12-18,1379648.6746823166
2025-12-19,1415853.5624248085
2025-12-22,1428689.9392791616
2025-12-23,1430107.8111384688
2025-12-24,1437830.6841049541
2025-12-25,1437830.8413336498
2025-12-26,1432613.34116761
2025-12-29,1422733.6935097915
2025-12-30,1414750.7831258231
2025-12-31,1377692.6414377596
